<?xml version="1.0" encoding="UTF-8"?>
<gpx version="1.1" creator="cowork-trip-planner" xmlns="http://www.topografix.com/GPX/1/1">
<metadata><name>Alpe Adria Radweg</name><desc>OSM relation 19738530 - waymarkedtrails sub-stages CAAR1..8</desc></metadata>
<trk><name>CAAR1 Salzburg → Bischofshofen</name>
<trkseg>
<trkpt lat="47.682218" lon="13.093989"/>
<trkpt lat="47.682370" lon="13.094087"/>
</trkseg>
<trkseg>
<trkpt lat="47.683501" lon="13.092612"/>
<trkpt lat="47.683538" lon="13.092488"/>
<trkpt lat="47.683555" lon="13.092416"/>
<trkpt lat="47.683564" lon="13.092351"/>
<trkpt lat="47.683592" lon="13.092136"/>
<trkpt lat="47.683650" lon="13.091851"/>
<trkpt lat="47.683657" lon="13.091822"/>
<trkpt lat="47.683679" lon="13.091729"/>
<trkpt lat="47.683707" lon="13.091643"/>
<trkpt lat="47.683728" lon="13.091582"/>
</trkseg>
<trkseg>
<trkpt lat="47.684587" lon="13.090162"/>
<trkpt lat="47.684527" lon="13.090285"/>
<trkpt lat="47.684469" lon="13.090402"/>
<trkpt lat="47.684398" lon="13.090537"/>
<trkpt lat="47.684281" lon="13.090754"/>
</trkseg>
<trkseg>
<trkpt lat="47.730999" lon="13.081518"/>
<trkpt lat="47.731064" lon="13.081706"/>
<trkpt lat="47.731086" lon="13.081771"/>
<trkpt lat="47.731104" lon="13.081833"/>
<trkpt lat="47.731116" lon="13.081891"/>
<trkpt lat="47.731120" lon="13.081934"/>
<trkpt lat="47.731119" lon="13.081986"/>
<trkpt lat="47.731107" lon="13.082032"/>
<trkpt lat="47.731091" lon="13.082078"/>
<trkpt lat="47.731064" lon="13.082120"/>
<trkpt lat="47.731026" lon="13.082160"/>
<trkpt lat="47.730972" lon="13.082178"/>
<trkpt lat="47.730545" lon="13.082199"/>
<trkpt lat="47.730408" lon="13.082202"/>
<trkpt lat="47.729639" lon="13.082221"/>
<trkpt lat="47.729517" lon="13.082223"/>
<trkpt lat="47.728487" lon="13.082247"/>
<trkpt lat="47.728160" lon="13.082255"/>
<trkpt lat="47.726492" lon="13.082291"/>
<trkpt lat="47.726427" lon="13.082293"/>
<trkpt lat="47.726367" lon="13.082293"/>
<trkpt lat="47.726327" lon="13.082293"/>
</trkseg>
<trkseg>
<trkpt lat="47.693123" lon="13.082256"/>
<trkpt lat="47.693334" lon="13.082269"/>
<trkpt lat="47.693828" lon="13.082055"/>
<trkpt lat="47.694123" lon="13.081925"/>
<trkpt lat="47.694913" lon="13.081543"/>
<trkpt lat="47.695305" lon="13.081327"/>
<trkpt lat="47.695606" lon="13.081137"/>
<trkpt lat="47.695890" lon="13.080938"/>
<trkpt lat="47.697158" lon="13.079872"/>
<trkpt lat="47.699130" lon="13.078194"/>
<trkpt lat="47.699782" lon="13.077653"/>
<trkpt lat="47.700454" lon="13.077128"/>
<trkpt lat="47.701147" lon="13.076673"/>
<trkpt lat="47.701568" lon="13.076449"/>
<trkpt lat="47.701812" lon="13.076338"/>
<trkpt lat="47.702302" lon="13.076191"/>
</trkseg>
<trkseg>
<trkpt lat="47.800258" lon="13.049242"/>
<trkpt lat="47.800244" lon="13.049235"/>
</trkseg>
<trkseg>
<trkpt lat="47.596527" lon="13.164600"/>
<trkpt lat="47.596444" lon="13.163455"/>
</trkseg>
<trkseg>
<trkpt lat="47.667273" lon="13.109135"/>
<trkpt lat="47.667231" lon="13.109181"/>
<trkpt lat="47.667197" lon="13.109199"/>
<trkpt lat="47.667124" lon="13.109246"/>
<trkpt lat="47.666842" lon="13.109386"/>
<trkpt lat="47.666793" lon="13.109414"/>
<trkpt lat="47.666734" lon="13.109460"/>
<trkpt lat="47.666469" lon="13.109673"/>
<trkpt lat="47.666412" lon="13.109728"/>
<trkpt lat="47.666370" lon="13.109777"/>
<trkpt lat="47.666275" lon="13.109896"/>
<trkpt lat="47.666214" lon="13.109968"/>
<trkpt lat="47.666170" lon="13.110011"/>
<trkpt lat="47.666104" lon="13.110055"/>
<trkpt lat="47.666038" lon="13.110076"/>
<trkpt lat="47.665963" lon="13.110094"/>
<trkpt lat="47.665848" lon="13.110145"/>
<trkpt lat="47.665792" lon="13.110180"/>
<trkpt lat="47.665666" lon="13.110297"/>
<trkpt lat="47.665552" lon="13.110418"/>
<trkpt lat="47.665131" lon="13.110926"/>
<trkpt lat="47.665081" lon="13.110995"/>
<trkpt lat="47.665030" lon="13.111080"/>
<trkpt lat="47.664995" lon="13.111161"/>
<trkpt lat="47.664978" lon="13.111227"/>
<trkpt lat="47.664973" lon="13.111243"/>
<trkpt lat="47.664936" lon="13.111411"/>
<trkpt lat="47.664910" lon="13.111542"/>
<trkpt lat="47.664906" lon="13.111562"/>
<trkpt lat="47.664870" lon="13.111695"/>
<trkpt lat="47.664808" lon="13.111882"/>
<trkpt lat="47.664744" lon="13.112082"/>
<trkpt lat="47.664687" lon="13.112206"/>
<trkpt lat="47.664630" lon="13.112306"/>
<trkpt lat="47.664527" lon="13.112455"/>
<trkpt lat="47.664451" lon="13.112567"/>
<trkpt lat="47.664394" lon="13.112660"/>
<trkpt lat="47.664302" lon="13.112833"/>
<trkpt lat="47.664229" lon="13.112993"/>
<trkpt lat="47.664195" lon="13.113094"/>
<trkpt lat="47.664168" lon="13.113185"/>
<trkpt lat="47.664145" lon="13.113292"/>
<trkpt lat="47.664114" lon="13.113452"/>
<trkpt lat="47.664071" lon="13.113663"/>
<trkpt lat="47.664021" lon="13.113875"/>
<trkpt lat="47.663982" lon="13.114029"/>
<trkpt lat="47.663901" lon="13.114296"/>
<trkpt lat="47.663853" lon="13.114434"/>
<trkpt lat="47.663802" lon="13.114548"/>
<trkpt lat="47.663749" lon="13.114650"/>
<trkpt lat="47.663686" lon="13.114740"/>
<trkpt lat="47.663622" lon="13.114813"/>
<trkpt lat="47.663517" lon="13.114904"/>
<trkpt lat="47.663373" lon="13.114999"/>
<trkpt lat="47.663266" lon="13.115051"/>
<trkpt lat="47.663201" lon="13.115074"/>
<trkpt lat="47.663170" lon="13.115085"/>
<trkpt lat="47.663060" lon="13.115101"/>
<trkpt lat="47.662921" lon="13.115106"/>
<trkpt lat="47.662822" lon="13.115111"/>
<trkpt lat="47.662601" lon="13.115145"/>
<trkpt lat="47.662230" lon="13.115198"/>
<trkpt lat="47.662111" lon="13.115221"/>
<trkpt lat="47.662038" lon="13.115239"/>
<trkpt lat="47.661918" lon="13.115271"/>
<trkpt lat="47.661835" lon="13.115276"/>
<trkpt lat="47.661755" lon="13.115267"/>
<trkpt lat="47.660746" lon="13.115071"/>
<trkpt lat="47.660574" lon="13.115021"/>
<trkpt lat="47.660231" lon="13.114989"/>
<trkpt lat="47.660050" lon="13.115002"/>
<trkpt lat="47.659685" lon="13.115030"/>
<trkpt lat="47.659397" lon="13.114978"/>
<trkpt lat="47.659295" lon="13.114961"/>
<trkpt lat="47.659203" lon="13.114927"/>
<trkpt lat="47.659063" lon="13.114876"/>
<trkpt lat="47.658963" lon="13.114844"/>
<trkpt lat="47.658918" lon="13.114837"/>
<trkpt lat="47.658869" lon="13.114834"/>
<trkpt lat="47.658821" lon="13.114836"/>
<trkpt lat="47.658771" lon="13.114846"/>
<trkpt lat="47.658720" lon="13.114869"/>
<trkpt lat="47.658667" lon="13.114902"/>
<trkpt lat="47.657889" lon="13.115505"/>
<trkpt lat="47.657748" lon="13.115598"/>
<trkpt lat="47.657581" lon="13.115698"/>
<trkpt lat="47.657375" lon="13.115737"/>
<trkpt lat="47.657103" lon="13.115806"/>
<trkpt lat="47.656731" lon="13.116237"/>
<trkpt lat="47.656461" lon="13.116590"/>
<trkpt lat="47.656335" lon="13.116756"/>
<trkpt lat="47.656238" lon="13.116909"/>
<trkpt lat="47.656155" lon="13.117093"/>
<trkpt lat="47.656087" lon="13.117294"/>
<trkpt lat="47.656039" lon="13.117463"/>
<trkpt lat="47.655998" lon="13.117635"/>
<trkpt lat="47.655969" lon="13.117819"/>
<trkpt lat="47.655946" lon="13.117952"/>
<trkpt lat="47.655913" lon="13.118062"/>
<trkpt lat="47.655890" lon="13.118113"/>
<trkpt lat="47.655871" lon="13.118153"/>
<trkpt lat="47.655812" lon="13.118234"/>
<trkpt lat="47.655719" lon="13.118326"/>
<trkpt lat="47.655587" lon="13.118442"/>
<trkpt lat="47.655381" lon="13.118592"/>
<trkpt lat="47.655310" lon="13.118636"/>
<trkpt lat="47.655210" lon="13.118686"/>
<trkpt lat="47.655042" lon="13.118745"/>
<trkpt lat="47.654944" lon="13.118777"/>
<trkpt lat="47.654850" lon="13.118816"/>
<trkpt lat="47.654737" lon="13.118872"/>
<trkpt lat="47.654467" lon="13.119031"/>
<trkpt lat="47.654312" lon="13.119105"/>
<trkpt lat="47.654153" lon="13.119181"/>
<trkpt lat="47.654059" lon="13.119239"/>
<trkpt lat="47.653782" lon="13.119425"/>
<trkpt lat="47.653768" lon="13.119434"/>
<trkpt lat="47.653640" lon="13.119525"/>
<trkpt lat="47.653585" lon="13.119572"/>
<trkpt lat="47.653548" lon="13.119604"/>
<trkpt lat="47.653353" lon="13.119782"/>
<trkpt lat="47.653140" lon="13.120010"/>
<trkpt lat="47.653029" lon="13.120127"/>
<trkpt lat="47.652966" lon="13.120188"/>
<trkpt lat="47.652901" lon="13.120230"/>
<trkpt lat="47.652845" lon="13.120252"/>
<trkpt lat="47.652776" lon="13.120268"/>
<trkpt lat="47.652708" lon="13.120270"/>
<trkpt lat="47.652586" lon="13.120269"/>
<trkpt lat="47.652497" lon="13.120275"/>
<trkpt lat="47.652414" lon="13.120295"/>
<trkpt lat="47.652333" lon="13.120327"/>
<trkpt lat="47.652244" lon="13.120372"/>
<trkpt lat="47.652146" lon="13.120436"/>
<trkpt lat="47.652051" lon="13.120515"/>
<trkpt lat="47.651892" lon="13.120659"/>
<trkpt lat="47.651838" lon="13.120703"/>
<trkpt lat="47.651768" lon="13.120751"/>
<trkpt lat="47.651677" lon="13.120799"/>
<trkpt lat="47.651494" lon="13.120900"/>
<trkpt lat="47.651427" lon="13.120934"/>
<trkpt lat="47.651357" lon="13.120963"/>
<trkpt lat="47.651260" lon="13.120990"/>
<trkpt lat="47.650965" lon="13.121023"/>
<trkpt lat="47.650755" lon="13.121053"/>
<trkpt lat="47.650663" lon="13.121058"/>
<trkpt lat="47.650572" lon="13.121052"/>
<trkpt lat="47.650505" lon="13.121038"/>
<trkpt lat="47.650470" lon="13.121025"/>
<trkpt lat="47.650428" lon="13.121014"/>
<trkpt lat="47.650367" lon="13.121018"/>
<trkpt lat="47.650325" lon="13.121027"/>
<trkpt lat="47.650253" lon="13.121064"/>
<trkpt lat="47.650196" lon="13.121083"/>
<trkpt lat="47.650141" lon="13.121094"/>
<trkpt lat="47.650084" lon="13.121097"/>
<trkpt lat="47.650004" lon="13.121092"/>
<trkpt lat="47.649934" lon="13.121081"/>
<trkpt lat="47.649856" lon="13.121055"/>
<trkpt lat="47.649616" lon="13.120931"/>
<trkpt lat="47.649532" lon="13.120874"/>
<trkpt lat="47.649471" lon="13.120833"/>
<trkpt lat="47.649412" lon="13.120801"/>
<trkpt lat="47.649362" lon="13.120790"/>
<trkpt lat="47.649305" lon="13.120789"/>
<trkpt lat="47.649241" lon="13.120805"/>
<trkpt lat="47.649172" lon="13.120831"/>
<trkpt lat="47.649104" lon="13.120847"/>
<trkpt lat="47.649029" lon="13.120853"/>
<trkpt lat="47.648950" lon="13.120843"/>
<trkpt lat="47.648851" lon="13.120833"/>
<trkpt lat="47.648756" lon="13.120832"/>
<trkpt lat="47.648584" lon="13.120838"/>
<trkpt lat="47.648452" lon="13.120835"/>
<trkpt lat="47.648392" lon="13.120841"/>
<trkpt lat="47.648327" lon="13.120862"/>
<trkpt lat="47.648248" lon="13.120893"/>
<trkpt lat="47.648154" lon="13.120923"/>
<trkpt lat="47.648094" lon="13.120937"/>
<trkpt lat="47.648021" lon="13.120941"/>
<trkpt lat="47.647885" lon="13.120940"/>
<trkpt lat="47.647814" lon="13.120950"/>
<trkpt lat="47.647764" lon="13.120958"/>
<trkpt lat="47.647637" lon="13.121010"/>
<trkpt lat="47.647531" lon="13.121051"/>
<trkpt lat="47.647451" lon="13.121077"/>
<trkpt lat="47.647372" lon="13.121092"/>
<trkpt lat="47.647285" lon="13.121092"/>
<trkpt lat="47.647191" lon="13.121081"/>
<trkpt lat="47.647032" lon="13.121034"/>
<trkpt lat="47.646940" lon="13.121016"/>
<trkpt lat="47.646898" lon="13.121028"/>
<trkpt lat="47.646826" lon="13.121095"/>
<trkpt lat="47.646732" lon="13.121254"/>
<trkpt lat="47.646695" lon="13.121301"/>
<trkpt lat="47.646685" lon="13.121311"/>
<trkpt lat="47.646659" lon="13.121339"/>
<trkpt lat="47.646612" lon="13.121372"/>
<trkpt lat="47.646445" lon="13.121467"/>
<trkpt lat="47.646302" lon="13.121577"/>
<trkpt lat="47.646277" lon="13.121603"/>
<trkpt lat="47.646259" lon="13.121623"/>
<trkpt lat="47.646180" lon="13.121718"/>
<trkpt lat="47.646012" lon="13.121984"/>
<trkpt lat="47.645881" lon="13.122202"/>
<trkpt lat="47.645764" lon="13.122377"/>
<trkpt lat="47.645639" lon="13.122528"/>
<trkpt lat="47.645554" lon="13.122611"/>
<trkpt lat="47.645439" lon="13.122689"/>
<trkpt lat="47.645343" lon="13.122743"/>
<trkpt lat="47.645236" lon="13.122777"/>
<trkpt lat="47.645107" lon="13.122810"/>
<trkpt lat="47.644974" lon="13.122830"/>
<trkpt lat="47.644856" lon="13.122834"/>
<trkpt lat="47.644786" lon="13.122811"/>
<trkpt lat="47.644607" lon="13.122724"/>
<trkpt lat="47.644521" lon="13.122700"/>
</trkseg>
<trkseg>
<trkpt lat="47.644521" lon="13.122700"/>
<trkpt lat="47.644461" lon="13.122699"/>
<trkpt lat="47.644397" lon="13.122718"/>
<trkpt lat="47.644337" lon="13.122736"/>
<trkpt lat="47.644288" lon="13.122736"/>
<trkpt lat="47.644250" lon="13.122720"/>
<trkpt lat="47.644196" lon="13.122688"/>
<trkpt lat="47.644066" lon="13.122578"/>
<trkpt lat="47.644013" lon="13.122545"/>
<trkpt lat="47.643957" lon="13.122524"/>
<trkpt lat="47.643768" lon="13.122563"/>
<trkpt lat="47.643564" lon="13.122530"/>
<trkpt lat="47.643226" lon="13.122354"/>
<trkpt lat="47.642823" lon="13.122318"/>
<trkpt lat="47.642682" lon="13.122335"/>
<trkpt lat="47.642557" lon="13.122368"/>
<trkpt lat="47.642302" lon="13.122502"/>
<trkpt lat="47.641943" lon="13.122740"/>
<trkpt lat="47.641700" lon="13.122829"/>
<trkpt lat="47.641564" lon="13.122920"/>
<trkpt lat="47.641500" lon="13.122990"/>
<trkpt lat="47.641447" lon="13.123131"/>
<trkpt lat="47.641348" lon="13.123314"/>
<trkpt lat="47.641217" lon="13.123477"/>
<trkpt lat="47.641096" lon="13.123687"/>
<trkpt lat="47.641046" lon="13.123844"/>
<trkpt lat="47.640943" lon="13.124255"/>
<trkpt lat="47.640908" lon="13.124395"/>
<trkpt lat="47.640853" lon="13.124574"/>
<trkpt lat="47.640768" lon="13.124802"/>
<trkpt lat="47.640704" lon="13.124928"/>
<trkpt lat="47.640636" lon="13.125062"/>
<trkpt lat="47.640515" lon="13.125315"/>
<trkpt lat="47.640389" lon="13.125592"/>
<trkpt lat="47.640294" lon="13.125816"/>
<trkpt lat="47.640184" lon="13.126071"/>
<trkpt lat="47.640096" lon="13.126244"/>
<trkpt lat="47.640012" lon="13.126378"/>
<trkpt lat="47.639887" lon="13.126560"/>
<trkpt lat="47.639800" lon="13.126701"/>
<trkpt lat="47.639738" lon="13.126822"/>
<trkpt lat="47.639689" lon="13.126937"/>
<trkpt lat="47.639567" lon="13.127205"/>
<trkpt lat="47.639499" lon="13.127327"/>
<trkpt lat="47.639435" lon="13.127422"/>
<trkpt lat="47.639359" lon="13.127520"/>
<trkpt lat="47.639190" lon="13.127701"/>
<trkpt lat="47.639094" lon="13.127780"/>
<trkpt lat="47.639016" lon="13.127825"/>
<trkpt lat="47.638949" lon="13.127841"/>
<trkpt lat="47.638889" lon="13.127834"/>
<trkpt lat="47.638832" lon="13.127820"/>
<trkpt lat="47.638767" lon="13.127787"/>
<trkpt lat="47.638709" lon="13.127743"/>
<trkpt lat="47.638614" lon="13.127660"/>
<trkpt lat="47.638419" lon="13.127480"/>
<trkpt lat="47.638362" lon="13.127396"/>
<trkpt lat="47.638317" lon="13.127302"/>
<trkpt lat="47.638274" lon="13.127193"/>
<trkpt lat="47.638249" lon="13.127147"/>
<trkpt lat="47.638221" lon="13.127129"/>
<trkpt lat="47.638186" lon="13.127126"/>
<trkpt lat="47.638145" lon="13.127133"/>
<trkpt lat="47.638087" lon="13.127169"/>
</trkseg>
<trkseg>
<trkpt lat="47.730999" lon="13.081518"/>
<trkpt lat="47.731440" lon="13.081147"/>
</trkseg>
<trkseg>
<trkpt lat="47.522903" lon="13.167359"/>
<trkpt lat="47.520493" lon="13.165823"/>
</trkseg>
<trkseg>
<trkpt lat="47.520493" lon="13.165823"/>
<trkpt lat="47.518841" lon="13.164738"/>
<trkpt lat="47.518713" lon="13.164661"/>
<trkpt lat="47.518607" lon="13.164596"/>
<trkpt lat="47.518293" lon="13.164412"/>
</trkseg>
<trkseg>
<trkpt lat="47.731980" lon="13.082027"/>
<trkpt lat="47.732049" lon="13.082071"/>
<trkpt lat="47.732106" lon="13.082078"/>
<trkpt lat="47.732165" lon="13.082068"/>
<trkpt lat="47.732240" lon="13.082038"/>
<trkpt lat="47.732333" lon="13.082007"/>
<trkpt lat="47.732454" lon="13.081960"/>
<trkpt lat="47.732539" lon="13.081926"/>
<trkpt lat="47.732632" lon="13.081891"/>
<trkpt lat="47.732703" lon="13.081850"/>
</trkseg>
<trkseg>
<trkpt lat="47.682056" lon="13.095075"/>
<trkpt lat="47.682266" lon="13.094876"/>
</trkseg>
<trkseg>
<trkpt lat="47.478999" lon="13.187208"/>
<trkpt lat="47.478836" lon="13.187501"/>
<trkpt lat="47.478644" lon="13.187770"/>
<trkpt lat="47.478563" lon="13.187838"/>
<trkpt lat="47.478404" lon="13.187980"/>
<trkpt lat="47.478225" lon="13.188069"/>
<trkpt lat="47.477958" lon="13.188204"/>
<trkpt lat="47.477785" lon="13.188289"/>
<trkpt lat="47.477705" lon="13.188327"/>
<trkpt lat="47.477605" lon="13.188392"/>
<trkpt lat="47.477325" lon="13.188564"/>
<trkpt lat="47.477246" lon="13.188612"/>
</trkseg>
<trkseg>
<trkpt lat="47.417895" lon="13.218725"/>
<trkpt lat="47.418005" lon="13.218762"/>
</trkseg>
<trkseg>
<trkpt lat="47.591233" lon="13.168299"/>
<trkpt lat="47.591099" lon="13.168709"/>
<trkpt lat="47.591035" lon="13.168815"/>
<trkpt lat="47.590945" lon="13.168897"/>
<trkpt lat="47.590778" lon="13.169026"/>
<trkpt lat="47.590673" lon="13.169064"/>
<trkpt lat="47.590632" lon="13.169127"/>
<trkpt lat="47.590607" lon="13.169223"/>
<trkpt lat="47.590591" lon="13.169287"/>
<trkpt lat="47.590446" lon="13.169688"/>
<trkpt lat="47.590375" lon="13.169767"/>
<trkpt lat="47.590283" lon="13.169828"/>
</trkseg>
<trkseg>
<trkpt lat="47.592500" lon="13.164677"/>
<trkpt lat="47.592469" lon="13.164982"/>
<trkpt lat="47.592413" lon="13.165529"/>
<trkpt lat="47.592262" lon="13.166662"/>
<trkpt lat="47.592199" lon="13.166978"/>
<trkpt lat="47.592148" lon="13.167240"/>
<trkpt lat="47.592141" lon="13.167345"/>
<trkpt lat="47.592143" lon="13.167546"/>
<trkpt lat="47.592150" lon="13.168002"/>
<trkpt lat="47.592155" lon="13.168362"/>
<trkpt lat="47.592177" lon="13.168545"/>
</trkseg>
<trkseg>
<trkpt lat="47.577888" lon="13.192820"/>
<trkpt lat="47.577903" lon="13.192962"/>
<trkpt lat="47.577791" lon="13.193253"/>
<trkpt lat="47.577619" lon="13.193550"/>
<trkpt lat="47.577403" lon="13.193862"/>
<trkpt lat="47.577140" lon="13.194182"/>
<trkpt lat="47.576633" lon="13.194909"/>
<trkpt lat="47.576538" lon="13.194961"/>
<trkpt lat="47.576211" lon="13.194943"/>
<trkpt lat="47.576112" lon="13.194947"/>
</trkseg>
<trkseg>
<trkpt lat="47.421402" lon="13.219507"/>
<trkpt lat="47.421297" lon="13.219493"/>
<trkpt lat="47.421059" lon="13.219376"/>
<trkpt lat="47.420819" lon="13.219220"/>
<trkpt lat="47.420779" lon="13.219162"/>
<trkpt lat="47.420759" lon="13.219132"/>
</trkseg>
<trkseg>
<trkpt lat="47.438585" lon="13.211600"/>
<trkpt lat="47.438494" lon="13.211558"/>
<trkpt lat="47.438407" lon="13.211616"/>
<trkpt lat="47.438122" lon="13.211575"/>
<trkpt lat="47.437685" lon="13.211492"/>
<trkpt lat="47.437638" lon="13.211483"/>
<trkpt lat="47.437543" lon="13.211427"/>
<trkpt lat="47.437451" lon="13.211381"/>
<trkpt lat="47.437413" lon="13.211378"/>
<trkpt lat="47.437356" lon="13.211391"/>
<trkpt lat="47.437318" lon="13.211394"/>
<trkpt lat="47.437283" lon="13.211377"/>
</trkseg>
<trkseg>
<trkpt lat="47.439855" lon="13.212368"/>
<trkpt lat="47.439022" lon="13.211888"/>
<trkpt lat="47.438708" lon="13.211652"/>
<trkpt lat="47.438585" lon="13.211600"/>
</trkseg>
<trkseg>
<trkpt lat="47.687022" lon="13.087021"/>
<trkpt lat="47.687621" lon="13.086340"/>
<trkpt lat="47.687880" lon="13.086077"/>
<trkpt lat="47.688189" lon="13.085746"/>
<trkpt lat="47.688342" lon="13.085588"/>
<trkpt lat="47.688541" lon="13.085397"/>
<trkpt lat="47.688789" lon="13.085145"/>
<trkpt lat="47.689092" lon="13.084839"/>
<trkpt lat="47.689321" lon="13.084626"/>
<trkpt lat="47.689499" lon="13.084447"/>
</trkseg>
<trkseg>
<trkpt lat="47.711358" lon="13.078656"/>
<trkpt lat="47.711210" lon="13.078626"/>
<trkpt lat="47.710733" lon="13.078492"/>
<trkpt lat="47.710481" lon="13.078407"/>
<trkpt lat="47.710065" lon="13.078277"/>
<trkpt lat="47.709619" lon="13.078115"/>
<trkpt lat="47.708760" lon="13.077803"/>
<trkpt lat="47.707747" lon="13.077422"/>
<trkpt lat="47.707196" lon="13.077218"/>
<trkpt lat="47.707121" lon="13.077130"/>
<trkpt lat="47.707096" lon="13.077050"/>
</trkseg>
<trkseg>
<trkpt lat="47.425214" lon="13.221023"/>
<trkpt lat="47.425294" lon="13.220907"/>
<trkpt lat="47.425334" lon="13.220849"/>
<trkpt lat="47.425377" lon="13.220810"/>
<trkpt lat="47.425507" lon="13.220784"/>
<trkpt lat="47.425594" lon="13.220766"/>
</trkseg>
<trkseg>
<trkpt lat="47.427246" lon="13.221383"/>
<trkpt lat="47.427245" lon="13.221069"/>
</trkseg>
<trkseg>
<trkpt lat="47.439855" lon="13.212368"/>
<trkpt lat="47.440623" lon="13.212767"/>
<trkpt lat="47.440916" lon="13.212861"/>
<trkpt lat="47.441166" lon="13.212941"/>
<trkpt lat="47.442042" lon="13.213129"/>
<trkpt lat="47.442648" lon="13.213187"/>
<trkpt lat="47.443060" lon="13.213105"/>
<trkpt lat="47.443128" lon="13.213107"/>
<trkpt lat="47.443205" lon="13.213125"/>
<trkpt lat="47.443306" lon="13.213162"/>
<trkpt lat="47.443404" lon="13.213203"/>
<trkpt lat="47.443505" lon="13.213228"/>
<trkpt lat="47.443601" lon="13.213235"/>
<trkpt lat="47.444875" lon="13.213285"/>
<trkpt lat="47.445068" lon="13.213279"/>
<trkpt lat="47.445147" lon="13.213279"/>
<trkpt lat="47.445317" lon="13.213313"/>
<trkpt lat="47.445724" lon="13.213343"/>
<trkpt lat="47.446585" lon="13.213393"/>
<trkpt lat="47.446792" lon="13.213393"/>
<trkpt lat="47.448488" lon="13.213456"/>
<trkpt lat="47.449596" lon="13.213451"/>
<trkpt lat="47.450066" lon="13.213385"/>
<trkpt lat="47.450502" lon="13.213282"/>
<trkpt lat="47.450891" lon="13.213135"/>
<trkpt lat="47.451437" lon="13.212841"/>
<trkpt lat="47.451873" lon="13.212542"/>
<trkpt lat="47.452298" lon="13.212169"/>
<trkpt lat="47.452677" lon="13.211780"/>
<trkpt lat="47.453077" lon="13.211257"/>
<trkpt lat="47.453224" lon="13.211039"/>
<trkpt lat="47.453594" lon="13.210433"/>
<trkpt lat="47.453853" lon="13.209904"/>
<trkpt lat="47.454045" lon="13.209377"/>
<trkpt lat="47.454209" lon="13.208893"/>
<trkpt lat="47.454325" lon="13.208440"/>
<trkpt lat="47.454429" lon="13.207952"/>
<trkpt lat="47.454515" lon="13.207422"/>
<trkpt lat="47.454575" lon="13.206997"/>
</trkseg>
<trkseg>
<trkpt lat="47.429481" lon="13.217479"/>
<trkpt lat="47.429505" lon="13.217337"/>
<trkpt lat="47.429568" lon="13.217079"/>
<trkpt lat="47.429583" lon="13.216968"/>
<trkpt lat="47.429592" lon="13.216838"/>
<trkpt lat="47.429594" lon="13.216608"/>
<trkpt lat="47.429598" lon="13.216516"/>
<trkpt lat="47.429610" lon="13.216448"/>
<trkpt lat="47.429635" lon="13.216387"/>
<trkpt lat="47.429680" lon="13.216328"/>
<trkpt lat="47.429740" lon="13.216278"/>
<trkpt lat="47.429963" lon="13.216124"/>
<trkpt lat="47.430122" lon="13.216057"/>
<trkpt lat="47.430225" lon="13.216029"/>
<trkpt lat="47.430343" lon="13.216021"/>
<trkpt lat="47.430429" lon="13.215995"/>
<trkpt lat="47.430496" lon="13.215957"/>
<trkpt lat="47.430595" lon="13.215885"/>
<trkpt lat="47.430717" lon="13.215827"/>
<trkpt lat="47.430906" lon="13.215776"/>
<trkpt lat="47.430984" lon="13.215746"/>
<trkpt lat="47.431026" lon="13.215715"/>
</trkseg>
<trkseg>
<trkpt lat="47.429468" lon="13.217645"/>
<trkpt lat="47.429481" lon="13.217479"/>
</trkseg>
<trkseg>
<trkpt lat="47.421402" lon="13.219507"/>
<trkpt lat="47.421454" lon="13.219498"/>
<trkpt lat="47.421663" lon="13.219447"/>
<trkpt lat="47.422235" lon="13.219384"/>
<trkpt lat="47.422399" lon="13.219371"/>
<trkpt lat="47.422824" lon="13.219339"/>
<trkpt lat="47.423381" lon="13.219307"/>
<trkpt lat="47.423730" lon="13.219308"/>
<trkpt lat="47.423837" lon="13.219325"/>
<trkpt lat="47.424070" lon="13.219363"/>
<trkpt lat="47.424097" lon="13.219363"/>
<trkpt lat="47.424147" lon="13.219366"/>
</trkseg>
<trkseg>
<trkpt lat="47.424147" lon="13.219366"/>
<trkpt lat="47.424078" lon="13.219784"/>
</trkseg>
<trkseg>
<trkpt lat="47.424078" lon="13.219784"/>
<trkpt lat="47.424051" lon="13.219981"/>
</trkseg>
<trkseg>
<trkpt lat="47.424051" lon="13.219981"/>
<trkpt lat="47.424059" lon="13.220084"/>
<trkpt lat="47.424083" lon="13.220144"/>
<trkpt lat="47.424136" lon="13.220216"/>
<trkpt lat="47.424190" lon="13.220262"/>
<trkpt lat="47.424360" lon="13.220344"/>
<trkpt lat="47.424588" lon="13.220442"/>
<trkpt lat="47.424756" lon="13.220545"/>
<trkpt lat="47.424922" lon="13.220707"/>
<trkpt lat="47.425173" lon="13.220985"/>
<trkpt lat="47.425214" lon="13.221023"/>
</trkseg>
<trkseg>
<trkpt lat="47.427245" lon="13.221069"/>
<trkpt lat="47.427246" lon="13.220877"/>
</trkseg>
<trkseg>
<trkpt lat="47.427246" lon="13.220877"/>
<trkpt lat="47.427252" lon="13.220791"/>
<trkpt lat="47.427261" lon="13.220717"/>
<trkpt lat="47.427287" lon="13.220666"/>
<trkpt lat="47.427335" lon="13.220622"/>
<trkpt lat="47.427386" lon="13.220581"/>
<trkpt lat="47.427458" lon="13.220555"/>
<trkpt lat="47.427567" lon="13.220535"/>
<trkpt lat="47.427744" lon="13.220540"/>
<trkpt lat="47.427839" lon="13.220517"/>
<trkpt lat="47.427920" lon="13.220475"/>
<trkpt lat="47.428024" lon="13.220385"/>
<trkpt lat="47.428105" lon="13.220276"/>
<trkpt lat="47.428155" lon="13.220166"/>
<trkpt lat="47.428172" lon="13.220091"/>
<trkpt lat="47.428179" lon="13.220061"/>
<trkpt lat="47.428192" lon="13.219923"/>
<trkpt lat="47.428197" lon="13.219744"/>
<trkpt lat="47.428219" lon="13.219622"/>
<trkpt lat="47.428261" lon="13.219489"/>
<trkpt lat="47.428367" lon="13.219269"/>
<trkpt lat="47.428459" lon="13.219124"/>
<trkpt lat="47.428575" lon="13.219013"/>
<trkpt lat="47.428680" lon="13.218937"/>
<trkpt lat="47.428751" lon="13.218881"/>
<trkpt lat="47.428818" lon="13.218780"/>
<trkpt lat="47.428855" lon="13.218691"/>
<trkpt lat="47.428892" lon="13.218561"/>
<trkpt lat="47.428903" lon="13.218531"/>
<trkpt lat="47.428930" lon="13.218456"/>
<trkpt lat="47.428975" lon="13.218370"/>
<trkpt lat="47.429027" lon="13.218303"/>
<trkpt lat="47.429110" lon="13.218226"/>
<trkpt lat="47.429267" lon="13.218090"/>
<trkpt lat="47.429342" lon="13.218014"/>
<trkpt lat="47.429399" lon="13.217928"/>
<trkpt lat="47.429420" lon="13.217880"/>
<trkpt lat="47.429431" lon="13.217852"/>
<trkpt lat="47.429456" lon="13.217755"/>
<trkpt lat="47.429468" lon="13.217645"/>
</trkseg>
<trkseg>
<trkpt lat="47.426644" lon="13.221156"/>
<trkpt lat="47.426693" lon="13.221182"/>
<trkpt lat="47.426798" lon="13.221212"/>
<trkpt lat="47.426933" lon="13.221271"/>
<trkpt lat="47.427091" lon="13.221374"/>
</trkseg>
<trkseg>
<trkpt lat="47.425594" lon="13.220766"/>
<trkpt lat="47.426368" lon="13.221023"/>
</trkseg>
<trkseg>
<trkpt lat="47.799075" lon="13.049769"/>
<trkpt lat="47.798918" lon="13.050232"/>
<trkpt lat="47.798625" lon="13.051097"/>
<trkpt lat="47.798294" lon="13.052008"/>
<trkpt lat="47.797962" lon="13.052792"/>
</trkseg>
<trkseg>
<trkpt lat="47.797365" lon="13.054163"/>
<trkpt lat="47.797413" lon="13.054147"/>
<trkpt lat="47.797535" lon="13.053887"/>
<trkpt lat="47.797675" lon="13.053689"/>
<trkpt lat="47.797762" lon="13.053480"/>
<trkpt lat="47.797785" lon="13.053412"/>
<trkpt lat="47.797855" lon="13.053105"/>
<trkpt lat="47.797939" lon="13.052905"/>
<trkpt lat="47.797962" lon="13.052792"/>
</trkseg>
<trkseg>
<trkpt lat="47.800291" lon="13.049260"/>
<trkpt lat="47.800258" lon="13.049242"/>
</trkseg>
<trkseg>
<trkpt lat="47.794601" lon="13.059679"/>
<trkpt lat="47.794520" lon="13.059821"/>
</trkseg>
<trkseg>
<trkpt lat="47.794520" lon="13.059821"/>
<trkpt lat="47.794440" lon="13.059957"/>
<trkpt lat="47.794268" lon="13.060234"/>
<trkpt lat="47.794189" lon="13.060376"/>
<trkpt lat="47.794024" lon="13.060656"/>
<trkpt lat="47.793602" lon="13.061401"/>
<trkpt lat="47.793569" lon="13.061455"/>
<trkpt lat="47.793423" lon="13.061717"/>
<trkpt lat="47.793217" lon="13.062087"/>
<trkpt lat="47.793191" lon="13.062136"/>
<trkpt lat="47.792923" lon="13.062622"/>
<trkpt lat="47.791544" lon="13.065115"/>
<trkpt lat="47.791487" lon="13.065224"/>
<trkpt lat="47.791386" lon="13.065404"/>
<trkpt lat="47.791278" lon="13.065602"/>
<trkpt lat="47.791173" lon="13.065790"/>
<trkpt lat="47.791033" lon="13.066043"/>
</trkseg>
<trkseg>
<trkpt lat="47.436921" lon="13.211216"/>
<trkpt lat="47.436905" lon="13.211197"/>
<trkpt lat="47.436918" lon="13.211081"/>
<trkpt lat="47.436902" lon="13.210969"/>
<trkpt lat="47.436751" lon="13.210855"/>
<trkpt lat="47.436618" lon="13.210736"/>
<trkpt lat="47.436614" lon="13.210690"/>
</trkseg>
<trkseg>
<trkpt lat="47.437283" lon="13.211377"/>
<trkpt lat="47.436921" lon="13.211216"/>
</trkseg>
<trkseg>
<trkpt lat="47.625190" lon="13.137955"/>
<trkpt lat="47.625086" lon="13.137966"/>
<trkpt lat="47.625041" lon="13.137967"/>
<trkpt lat="47.624962" lon="13.137969"/>
<trkpt lat="47.624876" lon="13.137956"/>
<trkpt lat="47.624722" lon="13.137918"/>
<trkpt lat="47.624393" lon="13.137842"/>
<trkpt lat="47.624218" lon="13.137848"/>
<trkpt lat="47.624012" lon="13.137875"/>
<trkpt lat="47.623402" lon="13.138121"/>
<trkpt lat="47.623168" lon="13.138222"/>
<trkpt lat="47.622945" lon="13.138343"/>
<trkpt lat="47.622610" lon="13.138563"/>
<trkpt lat="47.622209" lon="13.138831"/>
<trkpt lat="47.622040" lon="13.138930"/>
<trkpt lat="47.621955" lon="13.138958"/>
<trkpt lat="47.621270" lon="13.138973"/>
<trkpt lat="47.621046" lon="13.139002"/>
<trkpt lat="47.620791" lon="13.139042"/>
<trkpt lat="47.619787" lon="13.139245"/>
<trkpt lat="47.619369" lon="13.139292"/>
<trkpt lat="47.619007" lon="13.139361"/>
<trkpt lat="47.618780" lon="13.139453"/>
<trkpt lat="47.618653" lon="13.139526"/>
<trkpt lat="47.618613" lon="13.139561"/>
<trkpt lat="47.618048" lon="13.140043"/>
<trkpt lat="47.617395" lon="13.140565"/>
<trkpt lat="47.617224" lon="13.140747"/>
<trkpt lat="47.617105" lon="13.140946"/>
<trkpt lat="47.617046" lon="13.141087"/>
<trkpt lat="47.616924" lon="13.141375"/>
<trkpt lat="47.616831" lon="13.141594"/>
<trkpt lat="47.616774" lon="13.141683"/>
<trkpt lat="47.616650" lon="13.141813"/>
<trkpt lat="47.616477" lon="13.141924"/>
<trkpt lat="47.616320" lon="13.141962"/>
<trkpt lat="47.616081" lon="13.141986"/>
<trkpt lat="47.615938" lon="13.142000"/>
<trkpt lat="47.615826" lon="13.142042"/>
<trkpt lat="47.615642" lon="13.142130"/>
<trkpt lat="47.615551" lon="13.142191"/>
<trkpt lat="47.615242" lon="13.142478"/>
<trkpt lat="47.615025" lon="13.142703"/>
<trkpt lat="47.614691" lon="13.143085"/>
<trkpt lat="47.614573" lon="13.143172"/>
<trkpt lat="47.614532" lon="13.143202"/>
<trkpt lat="47.614508" lon="13.143220"/>
<trkpt lat="47.614431" lon="13.143254"/>
<trkpt lat="47.614261" lon="13.143313"/>
<trkpt lat="47.614156" lon="13.143346"/>
<trkpt lat="47.614032" lon="13.143375"/>
<trkpt lat="47.613942" lon="13.143389"/>
<trkpt lat="47.613772" lon="13.143327"/>
<trkpt lat="47.613420" lon="13.143036"/>
<trkpt lat="47.613327" lon="13.142988"/>
<trkpt lat="47.613228" lon="13.142927"/>
<trkpt lat="47.613181" lon="13.142927"/>
</trkseg>
<trkseg>
<trkpt lat="47.630992" lon="13.131928"/>
<trkpt lat="47.630984" lon="13.131999"/>
<trkpt lat="47.630971" lon="13.132061"/>
<trkpt lat="47.630938" lon="13.132155"/>
<trkpt lat="47.630849" lon="13.132343"/>
<trkpt lat="47.630812" lon="13.132441"/>
<trkpt lat="47.630792" lon="13.132519"/>
<trkpt lat="47.630778" lon="13.132609"/>
<trkpt lat="47.630775" lon="13.132686"/>
<trkpt lat="47.630785" lon="13.132818"/>
<trkpt lat="47.630802" lon="13.132924"/>
<trkpt lat="47.630807" lon="13.132947"/>
<trkpt lat="47.630824" lon="13.133020"/>
<trkpt lat="47.630845" lon="13.133136"/>
<trkpt lat="47.630863" lon="13.133240"/>
<trkpt lat="47.630867" lon="13.133352"/>
<trkpt lat="47.630859" lon="13.133481"/>
<trkpt lat="47.630845" lon="13.133539"/>
<trkpt lat="47.630837" lon="13.133571"/>
<trkpt lat="47.630805" lon="13.133658"/>
<trkpt lat="47.630768" lon="13.133739"/>
<trkpt lat="47.630731" lon="13.133837"/>
<trkpt lat="47.630711" lon="13.133926"/>
<trkpt lat="47.630703" lon="13.134017"/>
<trkpt lat="47.630699" lon="13.134199"/>
<trkpt lat="47.630690" lon="13.134280"/>
<trkpt lat="47.630679" lon="13.134317"/>
<trkpt lat="47.630669" lon="13.134348"/>
<trkpt lat="47.630658" lon="13.134372"/>
<trkpt lat="47.630625" lon="13.134439"/>
<trkpt lat="47.630587" lon="13.134493"/>
<trkpt lat="47.630544" lon="13.134538"/>
<trkpt lat="47.630338" lon="13.134699"/>
<trkpt lat="47.630144" lon="13.134855"/>
<trkpt lat="47.630082" lon="13.134917"/>
<trkpt lat="47.629804" lon="13.135232"/>
<trkpt lat="47.629427" lon="13.135646"/>
<trkpt lat="47.629297" lon="13.135775"/>
<trkpt lat="47.629235" lon="13.135836"/>
<trkpt lat="47.629052" lon="13.136002"/>
<trkpt lat="47.628872" lon="13.136146"/>
<trkpt lat="47.628513" lon="13.136426"/>
<trkpt lat="47.627930" lon="13.136900"/>
<trkpt lat="47.627895" lon="13.136929"/>
<trkpt lat="47.627516" lon="13.137220"/>
<trkpt lat="47.627259" lon="13.137396"/>
<trkpt lat="47.627149" lon="13.137463"/>
<trkpt lat="47.627046" lon="13.137519"/>
<trkpt lat="47.626933" lon="13.137565"/>
<trkpt lat="47.626853" lon="13.137598"/>
<trkpt lat="47.626734" lon="13.137634"/>
<trkpt lat="47.626386" lon="13.137727"/>
<trkpt lat="47.626071" lon="13.137788"/>
</trkseg>
<trkseg>
<trkpt lat="47.631020" lon="13.131307"/>
<trkpt lat="47.630992" lon="13.131928"/>
</trkseg>
<trkseg>
<trkpt lat="47.791033" lon="13.066043"/>
<trkpt lat="47.790471" lon="13.067078"/>
<trkpt lat="47.790261" lon="13.067402"/>
<trkpt lat="47.789840" lon="13.067973"/>
</trkseg>
<trkseg>
<trkpt lat="47.789103" lon="13.068948"/>
<trkpt lat="47.789124" lon="13.069097"/>
</trkseg>
<trkseg>
<trkpt lat="47.785318" lon="13.073833"/>
<trkpt lat="47.785273" lon="13.073887"/>
<trkpt lat="47.784692" lon="13.074459"/>
<trkpt lat="47.784229" lon="13.074774"/>
<trkpt lat="47.783698" lon="13.075089"/>
<trkpt lat="47.783123" lon="13.075329"/>
<trkpt lat="47.782620" lon="13.075452"/>
<trkpt lat="47.781909" lon="13.075517"/>
<trkpt lat="47.781682" lon="13.075455"/>
<trkpt lat="47.781633" lon="13.075451"/>
<trkpt lat="47.781427" lon="13.075484"/>
<trkpt lat="47.779722" lon="13.075289"/>
<trkpt lat="47.779152" lon="13.075212"/>
<trkpt lat="47.776939" lon="13.074949"/>
<trkpt lat="47.776122" lon="13.074868"/>
<trkpt lat="47.774737" lon="13.074713"/>
<trkpt lat="47.774136" lon="13.074647"/>
<trkpt lat="47.773409" lon="13.074566"/>
<trkpt lat="47.773197" lon="13.074541"/>
<trkpt lat="47.772021" lon="13.074412"/>
<trkpt lat="47.771304" lon="13.074328"/>
<trkpt lat="47.771157" lon="13.074308"/>
<trkpt lat="47.771059" lon="13.074240"/>
<trkpt lat="47.771005" lon="13.074198"/>
<trkpt lat="47.770867" lon="13.074177"/>
<trkpt lat="47.770786" lon="13.074203"/>
</trkseg>
<trkseg>
<trkpt lat="47.785986" lon="13.073045"/>
<trkpt lat="47.785659" lon="13.073460"/>
<trkpt lat="47.785318" lon="13.073833"/>
</trkseg>
<trkseg>
<trkpt lat="47.692839" lon="13.082344"/>
<trkpt lat="47.692961" lon="13.082289"/>
<trkpt lat="47.693123" lon="13.082256"/>
</trkseg>
<trkseg>
<trkpt lat="47.813766" lon="13.044234"/>
<trkpt lat="47.813946" lon="13.043680"/>
<trkpt lat="47.813959" lon="13.043634"/>
<trkpt lat="47.813998" lon="13.043514"/>
</trkseg>
<trkseg>
<trkpt lat="47.811095" lon="13.037344"/>
<trkpt lat="47.811220" lon="13.037352"/>
</trkseg>
<trkseg>
<trkpt lat="47.768149" lon="13.074021"/>
<trkpt lat="47.768573" lon="13.073996"/>
<trkpt lat="47.770605" lon="13.074226"/>
<trkpt lat="47.770722" lon="13.074227"/>
<trkpt lat="47.770786" lon="13.074203"/>
</trkseg>
<trkseg>
<trkpt lat="47.796553" lon="13.055941"/>
<trkpt lat="47.796220" lon="13.056629"/>
<trkpt lat="47.795582" lon="13.057922"/>
<trkpt lat="47.795425" lon="13.058223"/>
<trkpt lat="47.795269" lon="13.058514"/>
</trkseg>
<trkseg>
<trkpt lat="47.797207" lon="13.054504"/>
<trkpt lat="47.797028" lon="13.054912"/>
<trkpt lat="47.796678" lon="13.055673"/>
<trkpt lat="47.796553" lon="13.055941"/>
</trkseg>
<trkseg>
<trkpt lat="47.807959" lon="13.037702"/>
<trkpt lat="47.808022" lon="13.037688"/>
<trkpt lat="47.808479" lon="13.037573"/>
<trkpt lat="47.808497" lon="13.037563"/>
</trkseg>
<trkseg>
<trkpt lat="47.689499" lon="13.084447"/>
<trkpt lat="47.689927" lon="13.084126"/>
<trkpt lat="47.690746" lon="13.083567"/>
<trkpt lat="47.691728" lon="13.082921"/>
<trkpt lat="47.692064" lon="13.082743"/>
<trkpt lat="47.692652" lon="13.082463"/>
<trkpt lat="47.692722" lon="13.082430"/>
<trkpt lat="47.692839" lon="13.082344"/>
</trkseg>
<trkseg>
<trkpt lat="47.592177" lon="13.168545"/>
<trkpt lat="47.592052" lon="13.168507"/>
<trkpt lat="47.591802" lon="13.168419"/>
<trkpt lat="47.591629" lon="13.168360"/>
<trkpt lat="47.591397" lon="13.168324"/>
<trkpt lat="47.591379" lon="13.168321"/>
<trkpt lat="47.591233" lon="13.168299"/>
</trkseg>
<trkseg>
<trkpt lat="47.592500" lon="13.164677"/>
<trkpt lat="47.592713" lon="13.164739"/>
<trkpt lat="47.592806" lon="13.164767"/>
<trkpt lat="47.592976" lon="13.164846"/>
<trkpt lat="47.593092" lon="13.164910"/>
<trkpt lat="47.593159" lon="13.164936"/>
<trkpt lat="47.593559" lon="13.165092"/>
<trkpt lat="47.593586" lon="13.165093"/>
<trkpt lat="47.594301" lon="13.165110"/>
<trkpt lat="47.594637" lon="13.165119"/>
<trkpt lat="47.595187" lon="13.165182"/>
<trkpt lat="47.596021" lon="13.165413"/>
<trkpt lat="47.596200" lon="13.165434"/>
<trkpt lat="47.596362" lon="13.165443"/>
<trkpt lat="47.596454" lon="13.165438"/>
<trkpt lat="47.596511" lon="13.165436"/>
<trkpt lat="47.596550" lon="13.165425"/>
<trkpt lat="47.596591" lon="13.165394"/>
<trkpt lat="47.596624" lon="13.165347"/>
</trkseg>
<trkseg>
<trkpt lat="47.732880" lon="13.081761"/>
<trkpt lat="47.732898" lon="13.081740"/>
<trkpt lat="47.732925" lon="13.081716"/>
<trkpt lat="47.732969" lon="13.081685"/>
<trkpt lat="47.733014" lon="13.081664"/>
<trkpt lat="47.733062" lon="13.081644"/>
<trkpt lat="47.733102" lon="13.081640"/>
<trkpt lat="47.733142" lon="13.081642"/>
<trkpt lat="47.733202" lon="13.081646"/>
<trkpt lat="47.733249" lon="13.081658"/>
<trkpt lat="47.733305" lon="13.081687"/>
<trkpt lat="47.733537" lon="13.081795"/>
<trkpt lat="47.733573" lon="13.081807"/>
<trkpt lat="47.733620" lon="13.081817"/>
<trkpt lat="47.733728" lon="13.081839"/>
</trkseg>
<trkseg>
<trkpt lat="47.814220" lon="13.039973"/>
<trkpt lat="47.814213" lon="13.040566"/>
<trkpt lat="47.814214" lon="13.040655"/>
</trkseg>
<trkseg>
<trkpt lat="47.814111" lon="13.042386"/>
<trkpt lat="47.814148" lon="13.042055"/>
<trkpt lat="47.814159" lon="13.042015"/>
</trkseg>
<trkseg>
<trkpt lat="47.811653" lon="13.037457"/>
<trkpt lat="47.811562" lon="13.037362"/>
</trkseg>
<trkseg>
<trkpt lat="47.814228" lon="13.039079"/>
<trkpt lat="47.814228" lon="13.039253"/>
<trkpt lat="47.814228" lon="13.039768"/>
<trkpt lat="47.814220" lon="13.039973"/>
</trkseg>
<trkseg>
<trkpt lat="47.586294" lon="13.174058"/>
<trkpt lat="47.586297" lon="13.174566"/>
<trkpt lat="47.586270" lon="13.175099"/>
<trkpt lat="47.586267" lon="13.175201"/>
<trkpt lat="47.586259" lon="13.175497"/>
<trkpt lat="47.586255" lon="13.175646"/>
<trkpt lat="47.586254" lon="13.175982"/>
<trkpt lat="47.586278" lon="13.176106"/>
<trkpt lat="47.586319" lon="13.176317"/>
<trkpt lat="47.586557" lon="13.176941"/>
</trkseg>
<trkseg>
<trkpt lat="47.492889" lon="13.175415"/>
<trkpt lat="47.492743" lon="13.175415"/>
</trkseg>
<trkseg>
<trkpt lat="47.492743" lon="13.175415"/>
<trkpt lat="47.492565" lon="13.175441"/>
<trkpt lat="47.492456" lon="13.175488"/>
<trkpt lat="47.492190" lon="13.175605"/>
<trkpt lat="47.492044" lon="13.175721"/>
</trkseg>
<trkseg>
<trkpt lat="47.539342" lon="13.170567"/>
<trkpt lat="47.539385" lon="13.170654"/>
<trkpt lat="47.539470" lon="13.170770"/>
<trkpt lat="47.539512" lon="13.170834"/>
<trkpt lat="47.539537" lon="13.170887"/>
</trkseg>
<trkseg>
<trkpt lat="47.583736" lon="13.182407"/>
<trkpt lat="47.583435" lon="13.182459"/>
<trkpt lat="47.583071" lon="13.182481"/>
</trkseg>
<trkseg>
<trkpt lat="47.587074" lon="13.179141"/>
<trkpt lat="47.586250" lon="13.179917"/>
<trkpt lat="47.586057" lon="13.180118"/>
<trkpt lat="47.585818" lon="13.180431"/>
<trkpt lat="47.585632" lon="13.180703"/>
</trkseg>
<trkseg>
<trkpt lat="47.582831" lon="13.182507"/>
<trkpt lat="47.582757" lon="13.182517"/>
<trkpt lat="47.582470" lon="13.182550"/>
<trkpt lat="47.582304" lon="13.182595"/>
<trkpt lat="47.582114" lon="13.182668"/>
</trkseg>
<trkseg>
<trkpt lat="47.585632" lon="13.180703"/>
<trkpt lat="47.585314" lon="13.181183"/>
<trkpt lat="47.585102" lon="13.181447"/>
<trkpt lat="47.584877" lon="13.181700"/>
<trkpt lat="47.584708" lon="13.181856"/>
</trkseg>
<trkseg>
<trkpt lat="47.566956" lon="13.181027"/>
<trkpt lat="47.566727" lon="13.180627"/>
</trkseg>
<trkseg>
<trkpt lat="47.566727" lon="13.180627"/>
<trkpt lat="47.566428" lon="13.179839"/>
<trkpt lat="47.566291" lon="13.179441"/>
<trkpt lat="47.566206" lon="13.179148"/>
<trkpt lat="47.566117" lon="13.178800"/>
<trkpt lat="47.566023" lon="13.178312"/>
<trkpt lat="47.565752" lon="13.176663"/>
<trkpt lat="47.565711" lon="13.176379"/>
<trkpt lat="47.565673" lon="13.176036"/>
<trkpt lat="47.565602" lon="13.175215"/>
<trkpt lat="47.565573" lon="13.174891"/>
<trkpt lat="47.565531" lon="13.174605"/>
<trkpt lat="47.565469" lon="13.174267"/>
<trkpt lat="47.565271" lon="13.173390"/>
<trkpt lat="47.565195" lon="13.172989"/>
<trkpt lat="47.565156" lon="13.172735"/>
<trkpt lat="47.565044" lon="13.171586"/>
<trkpt lat="47.564996" lon="13.171205"/>
<trkpt lat="47.564923" lon="13.170840"/>
<trkpt lat="47.564837" lon="13.170478"/>
<trkpt lat="47.564653" lon="13.169841"/>
<trkpt lat="47.564523" lon="13.169414"/>
<trkpt lat="47.564393" lon="13.169011"/>
<trkpt lat="47.564276" lon="13.168740"/>
<trkpt lat="47.564141" lon="13.168460"/>
<trkpt lat="47.564022" lon="13.168262"/>
<trkpt lat="47.563905" lon="13.168095"/>
<trkpt lat="47.563771" lon="13.167927"/>
<trkpt lat="47.563637" lon="13.167790"/>
<trkpt lat="47.563523" lon="13.167685"/>
<trkpt lat="47.563397" lon="13.167606"/>
<trkpt lat="47.563222" lon="13.167532"/>
<trkpt lat="47.563132" lon="13.167497"/>
<trkpt lat="47.563035" lon="13.167447"/>
<trkpt lat="47.562964" lon="13.167400"/>
<trkpt lat="47.562868" lon="13.167330"/>
<trkpt lat="47.562786" lon="13.167256"/>
<trkpt lat="47.562702" lon="13.167167"/>
<trkpt lat="47.562604" lon="13.167062"/>
<trkpt lat="47.562542" lon="13.167008"/>
<trkpt lat="47.562404" lon="13.166912"/>
<trkpt lat="47.562281" lon="13.166834"/>
<trkpt lat="47.562124" lon="13.166745"/>
<trkpt lat="47.561961" lon="13.166668"/>
<trkpt lat="47.561833" lon="13.166621"/>
<trkpt lat="47.561676" lon="13.166571"/>
<trkpt lat="47.561580" lon="13.166545"/>
<trkpt lat="47.560956" lon="13.166416"/>
<trkpt lat="47.560384" lon="13.166297"/>
<trkpt lat="47.560181" lon="13.166265"/>
<trkpt lat="47.560013" lon="13.166252"/>
<trkpt lat="47.559835" lon="13.166244"/>
<trkpt lat="47.559607" lon="13.166255"/>
<trkpt lat="47.559038" lon="13.166299"/>
<trkpt lat="47.558599" lon="13.166334"/>
<trkpt lat="47.558033" lon="13.166419"/>
<trkpt lat="47.557553" lon="13.166508"/>
<trkpt lat="47.557109" lon="13.166614"/>
<trkpt lat="47.556592" lon="13.166766"/>
<trkpt lat="47.556216" lon="13.166902"/>
<trkpt lat="47.555674" lon="13.167121"/>
<trkpt lat="47.555035" lon="13.167400"/>
<trkpt lat="47.554849" lon="13.167509"/>
<trkpt lat="47.554670" lon="13.167638"/>
<trkpt lat="47.554472" lon="13.167813"/>
<trkpt lat="47.554289" lon="13.168002"/>
<trkpt lat="47.554047" lon="13.168315"/>
<trkpt lat="47.553701" lon="13.168733"/>
<trkpt lat="47.553503" lon="13.168938"/>
<trkpt lat="47.553278" lon="13.169153"/>
<trkpt lat="47.553021" lon="13.169381"/>
<trkpt lat="47.552711" lon="13.169630"/>
<trkpt lat="47.552321" lon="13.169910"/>
<trkpt lat="47.552072" lon="13.170059"/>
<trkpt lat="47.551916" lon="13.170134"/>
<trkpt lat="47.551738" lon="13.170197"/>
<trkpt lat="47.551508" lon="13.170262"/>
<trkpt lat="47.551332" lon="13.170293"/>
<trkpt lat="47.551140" lon="13.170311"/>
<trkpt lat="47.550804" lon="13.170291"/>
<trkpt lat="47.550780" lon="13.170286"/>
</trkseg>
<trkseg>
<trkpt lat="47.682804" lon="13.092182"/>
<trkpt lat="47.682986" lon="13.092300"/>
<trkpt lat="47.683063" lon="13.092339"/>
</trkseg>
<trkseg>
<trkpt lat="47.683899" lon="13.090976"/>
<trkpt lat="47.683763" lon="13.091477"/>
<trkpt lat="47.683728" lon="13.091582"/>
</trkseg>
<trkseg>
<trkpt lat="47.682424" lon="13.093233"/>
<trkpt lat="47.682319" lon="13.093717"/>
<trkpt lat="47.682315" lon="13.093736"/>
<trkpt lat="47.682293" lon="13.093799"/>
</trkseg>
<trkseg>
<trkpt lat="47.682218" lon="13.093989"/>
<trkpt lat="47.682123" lon="13.094214"/>
<trkpt lat="47.682106" lon="13.094266"/>
<trkpt lat="47.682096" lon="13.094314"/>
<trkpt lat="47.682097" lon="13.094371"/>
<trkpt lat="47.682106" lon="13.094417"/>
<trkpt lat="47.682120" lon="13.094461"/>
</trkseg>
<trkseg>
<trkpt lat="47.518293" lon="13.164412"/>
<trkpt lat="47.517978" lon="13.164274"/>
</trkseg>
<trkseg>
<trkpt lat="47.517978" lon="13.164274"/>
<trkpt lat="47.517776" lon="13.164187"/>
<trkpt lat="47.517515" lon="13.164113"/>
<trkpt lat="47.517224" lon="13.164056"/>
<trkpt lat="47.516881" lon="13.164036"/>
<trkpt lat="47.516504" lon="13.164052"/>
<trkpt lat="47.516171" lon="13.164117"/>
<trkpt lat="47.515916" lon="13.164189"/>
<trkpt lat="47.515561" lon="13.164337"/>
<trkpt lat="47.515260" lon="13.164498"/>
<trkpt lat="47.514903" lon="13.164763"/>
<trkpt lat="47.514547" lon="13.165080"/>
</trkseg>
<trkseg>
<trkpt lat="47.676396" lon="13.098938"/>
<trkpt lat="47.676962" lon="13.098672"/>
</trkseg>
<trkseg>
<trkpt lat="47.678756" lon="13.097966"/>
<trkpt lat="47.677964" lon="13.098299"/>
<trkpt lat="47.677293" lon="13.098580"/>
<trkpt lat="47.677094" lon="13.098643"/>
<trkpt lat="47.677047" lon="13.098660"/>
<trkpt lat="47.676962" lon="13.098672"/>
</trkseg>
<trkseg>
<trkpt lat="47.681567" lon="13.095795"/>
<trkpt lat="47.681520" lon="13.095839"/>
<trkpt lat="47.681479" lon="13.095848"/>
</trkseg>
<trkseg>
<trkpt lat="47.682120" lon="13.094461"/>
<trkpt lat="47.682139" lon="13.094520"/>
</trkseg>
<trkseg>
<trkpt lat="47.683348" lon="13.093222"/>
<trkpt lat="47.683314" lon="13.093338"/>
<trkpt lat="47.683288" lon="13.093416"/>
<trkpt lat="47.683284" lon="13.093422"/>
<trkpt lat="47.683255" lon="13.093474"/>
<trkpt lat="47.683226" lon="13.093501"/>
<trkpt lat="47.683174" lon="13.093549"/>
<trkpt lat="47.683041" lon="13.093646"/>
</trkseg>
<trkseg>
<trkpt lat="47.683501" lon="13.092612"/>
<trkpt lat="47.683422" lon="13.092889"/>
<trkpt lat="47.683395" lon="13.093011"/>
<trkpt lat="47.683348" lon="13.093222"/>
</trkseg>
<trkseg>
<trkpt lat="47.676921" lon="13.098389"/>
<trkpt lat="47.676814" lon="13.098460"/>
<trkpt lat="47.676671" lon="13.098622"/>
<trkpt lat="47.676503" lon="13.098804"/>
<trkpt lat="47.676396" lon="13.098938"/>
</trkseg>
<trkseg>
<trkpt lat="47.673250" lon="13.101336"/>
<trkpt lat="47.672868" lon="13.101696"/>
<trkpt lat="47.672443" lon="13.102111"/>
<trkpt lat="47.672136" lon="13.102426"/>
<trkpt lat="47.671823" lon="13.102749"/>
<trkpt lat="47.671447" lon="13.103212"/>
<trkpt lat="47.671358" lon="13.103317"/>
<trkpt lat="47.671106" lon="13.103607"/>
<trkpt lat="47.671031" lon="13.103701"/>
<trkpt lat="47.670966" lon="13.103820"/>
<trkpt lat="47.670897" lon="13.103952"/>
<trkpt lat="47.670839" lon="13.104077"/>
<trkpt lat="47.670629" lon="13.104633"/>
<trkpt lat="47.670375" lon="13.105291"/>
<trkpt lat="47.670242" lon="13.105747"/>
<trkpt lat="47.670195" lon="13.105871"/>
<trkpt lat="47.670167" lon="13.105934"/>
<trkpt lat="47.670107" lon="13.106065"/>
<trkpt lat="47.670012" lon="13.106231"/>
<trkpt lat="47.670002" lon="13.106244"/>
<trkpt lat="47.669878" lon="13.106404"/>
<trkpt lat="47.669760" lon="13.106508"/>
<trkpt lat="47.669665" lon="13.106609"/>
<trkpt lat="47.669569" lon="13.106727"/>
<trkpt lat="47.669427" lon="13.106900"/>
<trkpt lat="47.669266" lon="13.107084"/>
<trkpt lat="47.669171" lon="13.107172"/>
</trkseg>
<trkseg>
<trkpt lat="47.676396" lon="13.098938"/>
<trkpt lat="47.676223" lon="13.099073"/>
<trkpt lat="47.676163" lon="13.099132"/>
<trkpt lat="47.675970" lon="13.099284"/>
<trkpt lat="47.675842" lon="13.099388"/>
<trkpt lat="47.675573" lon="13.099609"/>
<trkpt lat="47.675492" lon="13.099687"/>
<trkpt lat="47.675274" lon="13.099899"/>
<trkpt lat="47.675100" lon="13.100083"/>
<trkpt lat="47.674927" lon="13.100282"/>
<trkpt lat="47.674718" lon="13.100534"/>
<trkpt lat="47.674652" lon="13.100620"/>
</trkseg>
<trkseg>
<trkpt lat="47.800945" lon="13.045914"/>
<trkpt lat="47.800999" lon="13.045678"/>
<trkpt lat="47.801094" lon="13.045330"/>
<trkpt lat="47.801171" lon="13.045054"/>
<trkpt lat="47.801358" lon="13.044417"/>
<trkpt lat="47.801371" lon="13.044384"/>
<trkpt lat="47.801386" lon="13.044357"/>
<trkpt lat="47.801400" lon="13.044344"/>
</trkseg>
<trkseg>
<trkpt lat="47.801481" lon="13.044270"/>
<trkpt lat="47.801497" lon="13.044230"/>
<trkpt lat="47.801753" lon="13.043562"/>
<trkpt lat="47.801872" lon="13.043276"/>
</trkseg>
<trkseg>
<trkpt lat="47.801400" lon="13.044344"/>
<trkpt lat="47.801432" lon="13.044316"/>
<trkpt lat="47.801451" lon="13.044304"/>
<trkpt lat="47.801465" lon="13.044291"/>
<trkpt lat="47.801481" lon="13.044270"/>
</trkseg>
<trkseg>
<trkpt lat="47.808569" lon="13.037456"/>
<trkpt lat="47.808666" lon="13.037417"/>
<trkpt lat="47.808776" lon="13.037417"/>
</trkseg>
<trkseg>
<trkpt lat="47.810297" lon="13.037363"/>
<trkpt lat="47.810415" lon="13.037326"/>
<trkpt lat="47.810765" lon="13.037303"/>
</trkseg>
<trkseg>
<trkpt lat="47.808776" lon="13.037417"/>
<trkpt lat="47.808870" lon="13.037449"/>
</trkseg>
<trkseg>
<trkpt lat="47.810882" lon="13.037323"/>
<trkpt lat="47.811095" lon="13.037344"/>
</trkseg>
<trkseg>
<trkpt lat="47.799415" lon="13.048777"/>
<trkpt lat="47.799377" lon="13.048755"/>
</trkseg>
<trkseg>
<trkpt lat="47.800244" lon="13.049235"/>
<trkpt lat="47.799415" lon="13.048777"/>
</trkseg>
<trkseg>
<trkpt lat="47.810765" lon="13.037303"/>
<trkpt lat="47.810882" lon="13.037323"/>
</trkseg>
<trkseg>
<trkpt lat="47.436608" lon="13.210510"/>
<trkpt lat="47.436606" lon="13.210477"/>
<trkpt lat="47.436593" lon="13.210427"/>
<trkpt lat="47.436564" lon="13.210403"/>
<trkpt lat="47.436535" lon="13.210399"/>
<trkpt lat="47.436386" lon="13.210447"/>
<trkpt lat="47.435986" lon="13.210614"/>
<trkpt lat="47.435401" lon="13.210791"/>
<trkpt lat="47.435286" lon="13.210820"/>
<trkpt lat="47.435039" lon="13.210861"/>
<trkpt lat="47.434865" lon="13.210895"/>
<trkpt lat="47.434753" lon="13.210926"/>
<trkpt lat="47.434588" lon="13.211015"/>
<trkpt lat="47.434429" lon="13.211125"/>
<trkpt lat="47.434344" lon="13.211215"/>
<trkpt lat="47.434241" lon="13.211372"/>
<trkpt lat="47.434148" lon="13.211543"/>
<trkpt lat="47.434042" lon="13.211817"/>
<trkpt lat="47.433952" lon="13.212075"/>
<trkpt lat="47.433891" lon="13.212239"/>
<trkpt lat="47.433770" lon="13.212535"/>
<trkpt lat="47.433611" lon="13.212857"/>
<trkpt lat="47.433487" lon="13.213106"/>
<trkpt lat="47.433373" lon="13.213304"/>
<trkpt lat="47.433245" lon="13.213511"/>
<trkpt lat="47.433024" lon="13.213831"/>
<trkpt lat="47.432739" lon="13.214230"/>
<trkpt lat="47.432506" lon="13.214555"/>
<trkpt lat="47.432345" lon="13.214748"/>
<trkpt lat="47.432148" lon="13.214951"/>
<trkpt lat="47.431899" lon="13.215156"/>
<trkpt lat="47.431654" lon="13.215340"/>
</trkseg>
<trkseg>
<trkpt lat="47.436614" lon="13.210690"/>
<trkpt lat="47.436608" lon="13.210510"/>
</trkseg>
<trkseg>
<trkpt lat="47.454586" lon="13.206876"/>
<trkpt lat="47.454626" lon="13.206538"/>
<trkpt lat="47.454595" lon="13.205766"/>
<trkpt lat="47.454599" lon="13.205675"/>
<trkpt lat="47.454657" lon="13.205104"/>
<trkpt lat="47.454657" lon="13.204234"/>
<trkpt lat="47.454693" lon="13.203969"/>
<trkpt lat="47.454753" lon="13.203712"/>
<trkpt lat="47.454805" lon="13.203551"/>
<trkpt lat="47.454975" lon="13.203225"/>
<trkpt lat="47.455168" lon="13.203000"/>
<trkpt lat="47.455449" lon="13.202689"/>
<trkpt lat="47.455720" lon="13.202337"/>
<trkpt lat="47.455925" lon="13.202174"/>
<trkpt lat="47.456042" lon="13.202092"/>
<trkpt lat="47.456192" lon="13.202041"/>
<trkpt lat="47.456319" lon="13.201993"/>
</trkseg>
<trkseg>
<trkpt lat="47.454575" lon="13.206997"/>
<trkpt lat="47.454586" lon="13.206876"/>
</trkseg>
<trkseg>
<trkpt lat="47.470986" lon="13.193337"/>
<trkpt lat="47.471203" lon="13.193281"/>
<trkpt lat="47.471385" lon="13.193262"/>
<trkpt lat="47.471455" lon="13.193271"/>
<trkpt lat="47.471533" lon="13.193269"/>
<trkpt lat="47.471603" lon="13.193237"/>
<trkpt lat="47.471657" lon="13.193188"/>
<trkpt lat="47.471748" lon="13.193084"/>
</trkseg>
<trkseg>
<trkpt lat="47.479217" lon="13.187454"/>
<trkpt lat="47.479290" lon="13.187627"/>
</trkseg>
<trkseg>
<trkpt lat="47.461403" lon="13.199583"/>
<trkpt lat="47.461138" lon="13.199697"/>
<trkpt lat="47.460880" lon="13.199828"/>
<trkpt lat="47.460862" lon="13.199837"/>
<trkpt lat="47.460605" lon="13.199955"/>
<trkpt lat="47.460443" lon="13.200041"/>
<trkpt lat="47.460332" lon="13.200111"/>
<trkpt lat="47.460052" lon="13.200285"/>
<trkpt lat="47.459951" lon="13.200339"/>
<trkpt lat="47.459841" lon="13.200336"/>
<trkpt lat="47.459656" lon="13.200183"/>
<trkpt lat="47.459500" lon="13.200119"/>
<trkpt lat="47.459293" lon="13.200120"/>
<trkpt lat="47.458869" lon="13.200243"/>
<trkpt lat="47.458546" lon="13.200365"/>
<trkpt lat="47.458046" lon="13.200649"/>
<trkpt lat="47.457826" lon="13.200746"/>
<trkpt lat="47.457660" lon="13.200834"/>
<trkpt lat="47.457541" lon="13.200903"/>
<trkpt lat="47.457430" lon="13.201029"/>
<trkpt lat="47.457344" lon="13.201152"/>
<trkpt lat="47.457212" lon="13.201297"/>
<trkpt lat="47.456617" lon="13.201812"/>
<trkpt lat="47.456576" lon="13.201857"/>
</trkseg>
<trkseg>
<trkpt lat="47.461449" lon="13.198660"/>
<trkpt lat="47.461551" lon="13.199047"/>
</trkseg>
<trkseg>
<trkpt lat="47.461486" lon="13.199077"/>
<trkpt lat="47.461517" lon="13.199061"/>
</trkseg>
<trkseg>
<trkpt lat="47.461486" lon="13.199077"/>
<trkpt lat="47.461551" lon="13.199341"/>
</trkseg>
<trkseg>
<trkpt lat="47.535104" lon="13.167810"/>
<trkpt lat="47.534933" lon="13.167753"/>
<trkpt lat="47.534400" lon="13.167576"/>
<trkpt lat="47.534063" lon="13.167464"/>
<trkpt lat="47.533733" lon="13.167340"/>
<trkpt lat="47.533349" lon="13.167156"/>
<trkpt lat="47.532976" lon="13.166939"/>
<trkpt lat="47.532600" lon="13.166703"/>
<trkpt lat="47.532234" lon="13.166490"/>
<trkpt lat="47.531930" lon="13.166344"/>
<trkpt lat="47.531619" lon="13.166249"/>
<trkpt lat="47.531350" lon="13.166197"/>
<trkpt lat="47.531174" lon="13.166186"/>
<trkpt lat="47.531083" lon="13.166180"/>
<trkpt lat="47.530767" lon="13.166192"/>
<trkpt lat="47.530603" lon="13.166212"/>
<trkpt lat="47.530392" lon="13.166258"/>
<trkpt lat="47.530176" lon="13.166324"/>
<trkpt lat="47.529576" lon="13.166598"/>
<trkpt lat="47.529279" lon="13.166752"/>
<trkpt lat="47.529061" lon="13.166865"/>
<trkpt lat="47.528773" lon="13.167008"/>
</trkseg>
<trkseg>
<trkpt lat="47.528659" lon="13.167060"/>
<trkpt lat="47.528522" lon="13.167103"/>
<trkpt lat="47.528277" lon="13.167181"/>
<trkpt lat="47.527709" lon="13.167279"/>
<trkpt lat="47.527439" lon="13.167303"/>
<trkpt lat="47.527139" lon="13.167318"/>
<trkpt lat="47.526698" lon="13.167345"/>
<trkpt lat="47.526474" lon="13.167374"/>
<trkpt lat="47.526257" lon="13.167420"/>
<trkpt lat="47.525253" lon="13.167738"/>
<trkpt lat="47.524954" lon="13.167828"/>
<trkpt lat="47.524727" lon="13.167858"/>
<trkpt lat="47.524441" lon="13.167880"/>
<trkpt lat="47.524152" lon="13.167867"/>
<trkpt lat="47.523852" lon="13.167809"/>
<trkpt lat="47.523568" lon="13.167722"/>
<trkpt lat="47.523154" lon="13.167527"/>
<trkpt lat="47.522903" lon="13.167359"/>
</trkseg>
<trkseg>
<trkpt lat="47.539739" lon="13.170929"/>
<trkpt lat="47.539736" lon="13.170895"/>
<trkpt lat="47.539727" lon="13.170854"/>
<trkpt lat="47.539710" lon="13.170819"/>
<trkpt lat="47.539687" lon="13.170793"/>
<trkpt lat="47.539659" lon="13.170777"/>
<trkpt lat="47.539631" lon="13.170773"/>
<trkpt lat="47.539599" lon="13.170783"/>
<trkpt lat="47.539571" lon="13.170808"/>
<trkpt lat="47.539550" lon="13.170843"/>
<trkpt lat="47.539537" lon="13.170887"/>
<trkpt lat="47.539533" lon="13.170924"/>
<trkpt lat="47.539536" lon="13.170961"/>
<trkpt lat="47.539546" lon="13.170996"/>
<trkpt lat="47.539566" lon="13.171036"/>
<trkpt lat="47.539589" lon="13.171060"/>
<trkpt lat="47.539616" lon="13.171074"/>
<trkpt lat="47.539644" lon="13.171076"/>
<trkpt lat="47.539671" lon="13.171068"/>
<trkpt lat="47.539696" lon="13.171049"/>
<trkpt lat="47.539713" lon="13.171025"/>
<trkpt lat="47.539727" lon="13.170996"/>
<trkpt lat="47.539735" lon="13.170964"/>
<trkpt lat="47.539739" lon="13.170929"/>
</trkseg>
<trkseg>
<trkpt lat="47.547128" lon="13.170219"/>
<trkpt lat="47.546884" lon="13.170288"/>
<trkpt lat="47.546783" lon="13.170306"/>
<trkpt lat="47.546667" lon="13.170321"/>
<trkpt lat="47.546500" lon="13.170333"/>
<trkpt lat="47.545957" lon="13.170349"/>
<trkpt lat="47.545654" lon="13.170383"/>
<trkpt lat="47.545479" lon="13.170435"/>
<trkpt lat="47.545333" lon="13.170488"/>
<trkpt lat="47.545260" lon="13.170518"/>
<trkpt lat="47.545063" lon="13.170611"/>
<trkpt lat="47.544769" lon="13.170738"/>
<trkpt lat="47.544531" lon="13.170801"/>
<trkpt lat="47.544184" lon="13.170865"/>
<trkpt lat="47.543836" lon="13.170925"/>
<trkpt lat="47.543438" lon="13.171046"/>
<trkpt lat="47.543170" lon="13.171148"/>
<trkpt lat="47.542831" lon="13.171265"/>
<trkpt lat="47.542438" lon="13.171394"/>
<trkpt lat="47.542271" lon="13.171431"/>
<trkpt lat="47.542241" lon="13.171437"/>
<trkpt lat="47.542111" lon="13.171458"/>
</trkseg>
<trkseg>
<trkpt lat="47.514547" lon="13.165080"/>
<trkpt lat="47.514307" lon="13.165288"/>
</trkseg>
<trkseg>
<trkpt lat="47.550780" lon="13.170286"/>
<trkpt lat="47.550595" lon="13.170267"/>
</trkseg>
<trkseg>
<trkpt lat="47.542111" lon="13.171458"/>
<trkpt lat="47.541972" lon="13.171469"/>
</trkseg>
<trkseg>
<trkpt lat="47.535280" lon="13.167868"/>
<trkpt lat="47.535104" lon="13.167810"/>
</trkseg>
<trkseg>
<trkpt lat="47.528773" lon="13.167008"/>
<trkpt lat="47.528659" lon="13.167060"/>
</trkseg>
<trkseg>
<trkpt lat="47.537815" lon="13.169433"/>
<trkpt lat="47.537347" lon="13.169058"/>
<trkpt lat="47.537025" lon="13.168787"/>
<trkpt lat="47.536744" lon="13.168581"/>
<trkpt lat="47.536541" lon="13.168442"/>
<trkpt lat="47.536097" lon="13.168188"/>
<trkpt lat="47.535893" lon="13.168093"/>
<trkpt lat="47.535617" lon="13.167983"/>
<trkpt lat="47.535280" lon="13.167868"/>
</trkseg>
<trkseg>
<trkpt lat="47.541226" lon="13.171437"/>
<trkpt lat="47.540996" lon="13.171386"/>
<trkpt lat="47.540814" lon="13.171335"/>
<trkpt lat="47.540571" lon="13.171244"/>
<trkpt lat="47.540351" lon="13.171146"/>
<trkpt lat="47.540117" lon="13.171020"/>
<trkpt lat="47.539947" lon="13.170932"/>
</trkseg>
<trkseg>
<trkpt lat="47.571062" lon="13.189443"/>
<trkpt lat="47.570849" lon="13.189225"/>
<trkpt lat="47.570576" lon="13.188905"/>
<trkpt lat="47.570197" lon="13.188415"/>
<trkpt lat="47.569739" lon="13.187746"/>
<trkpt lat="47.569282" lon="13.186986"/>
<trkpt lat="47.568958" lon="13.186409"/>
<trkpt lat="47.568707" lon="13.185890"/>
<trkpt lat="47.568223" lon="13.184781"/>
<trkpt lat="47.567977" lon="13.184118"/>
<trkpt lat="47.567864" lon="13.183758"/>
<trkpt lat="47.567722" lon="13.183210"/>
<trkpt lat="47.567440" lon="13.182052"/>
<trkpt lat="47.567363" lon="13.181804"/>
<trkpt lat="47.567235" lon="13.181517"/>
<trkpt lat="47.566956" lon="13.181027"/>
</trkseg>
<trkseg>
<trkpt lat="47.572348" lon="13.191266"/>
<trkpt lat="47.572401" lon="13.191402"/>
<trkpt lat="47.572507" lon="13.191867"/>
<trkpt lat="47.572679" lon="13.192957"/>
<trkpt lat="47.572765" lon="13.193400"/>
<trkpt lat="47.572874" lon="13.193777"/>
<trkpt lat="47.573041" lon="13.194167"/>
<trkpt lat="47.573273" lon="13.194510"/>
<trkpt lat="47.573641" lon="13.194849"/>
<trkpt lat="47.573778" lon="13.194933"/>
<trkpt lat="47.574192" lon="13.195066"/>
<trkpt lat="47.574546" lon="13.195094"/>
</trkseg>
<trkseg>
<trkpt lat="47.571062" lon="13.189443"/>
<trkpt lat="47.571212" lon="13.189715"/>
<trkpt lat="47.571257" lon="13.189804"/>
</trkseg>
<trkseg>
<trkpt lat="47.571257" lon="13.189804"/>
<trkpt lat="47.571352" lon="13.189991"/>
<trkpt lat="47.571489" lon="13.190129"/>
<trkpt lat="47.571787" lon="13.190315"/>
</trkseg>
<trkseg>
<trkpt lat="47.590283" lon="13.169828"/>
<trkpt lat="47.589651" lon="13.170196"/>
<trkpt lat="47.589320" lon="13.170417"/>
<trkpt lat="47.589168" lon="13.170542"/>
<trkpt lat="47.588778" lon="13.170994"/>
<trkpt lat="47.588731" lon="13.171150"/>
<trkpt lat="47.588751" lon="13.171473"/>
<trkpt lat="47.588777" lon="13.171795"/>
<trkpt lat="47.588746" lon="13.171913"/>
<trkpt lat="47.588685" lon="13.172015"/>
<trkpt lat="47.588615" lon="13.172080"/>
<trkpt lat="47.588400" lon="13.172269"/>
<trkpt lat="47.588191" lon="13.172494"/>
<trkpt lat="47.587562" lon="13.173131"/>
<trkpt lat="47.586942" lon="13.173732"/>
</trkseg>
<trkseg>
<trkpt lat="47.586942" lon="13.173732"/>
<trkpt lat="47.586752" lon="13.173867"/>
<trkpt lat="47.586588" lon="13.173950"/>
<trkpt lat="47.586435" lon="13.173956"/>
<trkpt lat="47.586294" lon="13.174058"/>
</trkseg>
<trkseg>
<trkpt lat="47.596624" lon="13.165347"/>
<trkpt lat="47.596592" lon="13.165236"/>
<trkpt lat="47.596573" lon="13.165092"/>
<trkpt lat="47.596527" lon="13.164600"/>
</trkseg>
<trkseg>
<trkpt lat="47.704239" lon="13.076287"/>
<trkpt lat="47.703815" lon="13.076227"/>
<trkpt lat="47.703368" lon="13.076141"/>
<trkpt lat="47.703170" lon="13.076077"/>
<trkpt lat="47.703058" lon="13.076070"/>
<trkpt lat="47.702964" lon="13.076103"/>
<trkpt lat="47.702737" lon="13.076121"/>
<trkpt lat="47.702302" lon="13.076191"/>
</trkseg>
<trkseg>
<trkpt lat="47.766734" lon="13.074174"/>
<trkpt lat="47.766782" lon="13.074004"/>
</trkseg>
<trkseg>
<trkpt lat="47.733728" lon="13.081839"/>
<trkpt lat="47.734453" lon="13.081788"/>
<trkpt lat="47.734924" lon="13.081741"/>
<trkpt lat="47.735403" lon="13.081667"/>
<trkpt lat="47.736098" lon="13.081572"/>
<trkpt lat="47.736831" lon="13.081482"/>
<trkpt lat="47.737458" lon="13.081387"/>
<trkpt lat="47.738474" lon="13.081224"/>
<trkpt lat="47.739052" lon="13.081145"/>
<trkpt lat="47.739677" lon="13.081062"/>
<trkpt lat="47.740663" lon="13.080935"/>
<trkpt lat="47.741710" lon="13.080772"/>
<trkpt lat="47.742035" lon="13.080725"/>
<trkpt lat="47.742426" lon="13.080646"/>
<trkpt lat="47.744315" lon="13.080356"/>
<trkpt lat="47.744457" lon="13.080337"/>
<trkpt lat="47.746272" lon="13.080069"/>
<trkpt lat="47.748217" lon="13.079774"/>
<trkpt lat="47.748563" lon="13.079723"/>
<trkpt lat="47.750839" lon="13.079329"/>
<trkpt lat="47.752201" lon="13.079066"/>
<trkpt lat="47.753695" lon="13.078777"/>
<trkpt lat="47.754038" lon="13.078697"/>
<trkpt lat="47.754151" lon="13.078671"/>
<trkpt lat="47.755628" lon="13.078328"/>
<trkpt lat="47.755939" lon="13.078216"/>
<trkpt lat="47.756340" lon="13.078070"/>
<trkpt lat="47.757175" lon="13.077683"/>
<trkpt lat="47.759778" lon="13.076508"/>
<trkpt lat="47.760937" lon="13.075982"/>
<trkpt lat="47.761602" lon="13.075722"/>
<trkpt lat="47.765472" lon="13.074573"/>
<trkpt lat="47.766064" lon="13.074431"/>
<trkpt lat="47.766307" lon="13.074366"/>
<trkpt lat="47.766528" lon="13.074295"/>
<trkpt lat="47.766676" lon="13.074260"/>
<trkpt lat="47.766734" lon="13.074174"/>
</trkseg>
<trkseg>
<trkpt lat="47.766782" lon="13.074004"/>
<trkpt lat="47.766803" lon="13.073930"/>
<trkpt lat="47.766939" lon="13.073916"/>
<trkpt lat="47.767066" lon="13.074089"/>
</trkseg>
<trkseg>
<trkpt lat="47.789124" lon="13.069097"/>
<trkpt lat="47.789098" lon="13.069212"/>
<trkpt lat="47.788648" lon="13.069791"/>
<trkpt lat="47.787502" lon="13.071191"/>
</trkseg>
<trkseg>
<trkpt lat="47.795154" lon="13.058585"/>
<trkpt lat="47.795077" lon="13.058713"/>
</trkseg>
<trkseg>
<trkpt lat="47.801872" lon="13.043276"/>
<trkpt lat="47.801935" lon="13.043087"/>
<trkpt lat="47.802061" lon="13.042762"/>
<trkpt lat="47.802101" lon="13.042589"/>
<trkpt lat="47.802135" lon="13.042493"/>
<trkpt lat="47.802164" lon="13.042422"/>
<trkpt lat="47.802241" lon="13.042245"/>
<trkpt lat="47.802320" lon="13.042117"/>
<trkpt lat="47.802351" lon="13.042058"/>
<trkpt lat="47.802374" lon="13.042042"/>
<trkpt lat="47.802404" lon="13.042040"/>
</trkseg>
<trkseg>
<trkpt lat="47.814229" lon="13.037411"/>
<trkpt lat="47.814230" lon="13.037462"/>
<trkpt lat="47.814251" lon="13.037862"/>
<trkpt lat="47.814251" lon="13.037898"/>
<trkpt lat="47.814246" lon="13.038377"/>
<trkpt lat="47.814245" lon="13.038473"/>
<trkpt lat="47.814242" lon="13.038615"/>
<trkpt lat="47.814231" lon="13.038977"/>
<trkpt lat="47.814228" lon="13.039079"/>
</trkseg>
<trkseg>
<trkpt lat="47.514307" lon="13.165288"/>
<trkpt lat="47.513850" lon="13.165696"/>
<trkpt lat="47.513522" lon="13.165929"/>
<trkpt lat="47.513175" lon="13.166141"/>
<trkpt lat="47.512833" lon="13.166310"/>
<trkpt lat="47.512445" lon="13.166467"/>
<trkpt lat="47.511796" lon="13.166724"/>
<trkpt lat="47.511427" lon="13.166856"/>
<trkpt lat="47.511357" lon="13.166882"/>
<trkpt lat="47.511094" lon="13.166977"/>
<trkpt lat="47.510831" lon="13.167032"/>
<trkpt lat="47.510568" lon="13.167073"/>
<trkpt lat="47.510262" lon="13.167097"/>
<trkpt lat="47.509975" lon="13.167116"/>
<trkpt lat="47.509481" lon="13.167053"/>
<trkpt lat="47.509011" lon="13.166949"/>
<trkpt lat="47.508462" lon="13.166760"/>
<trkpt lat="47.507939" lon="13.166517"/>
<trkpt lat="47.507531" lon="13.166389"/>
<trkpt lat="47.507355" lon="13.166356"/>
<trkpt lat="47.507188" lon="13.166348"/>
<trkpt lat="47.507014" lon="13.166362"/>
<trkpt lat="47.506816" lon="13.166401"/>
<trkpt lat="47.506388" lon="13.166562"/>
<trkpt lat="47.506263" lon="13.166660"/>
<trkpt lat="47.504662" lon="13.167931"/>
<trkpt lat="47.504155" lon="13.168335"/>
<trkpt lat="47.503233" lon="13.169069"/>
<trkpt lat="47.503120" lon="13.169158"/>
<trkpt lat="47.502745" lon="13.169456"/>
<trkpt lat="47.502685" lon="13.169503"/>
<trkpt lat="47.502388" lon="13.169733"/>
<trkpt lat="47.502355" lon="13.169755"/>
<trkpt lat="47.502297" lon="13.169802"/>
<trkpt lat="47.500420" lon="13.171078"/>
<trkpt lat="47.500163" lon="13.171252"/>
<trkpt lat="47.500060" lon="13.171313"/>
<trkpt lat="47.499714" lon="13.171551"/>
<trkpt lat="47.499548" lon="13.171662"/>
<trkpt lat="47.499479" lon="13.171712"/>
<trkpt lat="47.499080" lon="13.172031"/>
<trkpt lat="47.498750" lon="13.172380"/>
<trkpt lat="47.498488" lon="13.172718"/>
<trkpt lat="47.498232" lon="13.173057"/>
<trkpt lat="47.497985" lon="13.173472"/>
<trkpt lat="47.497656" lon="13.174164"/>
<trkpt lat="47.497616" lon="13.174247"/>
</trkseg>
<trkseg>
<trkpt lat="47.802483" lon="13.042044"/>
<trkpt lat="47.802519" lon="13.041967"/>
<trkpt lat="47.802561" lon="13.041880"/>
<trkpt lat="47.802876" lon="13.041233"/>
<trkpt lat="47.802881" lon="13.041224"/>
<trkpt lat="47.803064" lon="13.040917"/>
<trkpt lat="47.803195" lon="13.040696"/>
<trkpt lat="47.803218" lon="13.040656"/>
<trkpt lat="47.803249" lon="13.040606"/>
<trkpt lat="47.803387" lon="13.040373"/>
<trkpt lat="47.803414" lon="13.040328"/>
<trkpt lat="47.803495" lon="13.040224"/>
<trkpt lat="47.803726" lon="13.039928"/>
<trkpt lat="47.803948" lon="13.039675"/>
<trkpt lat="47.804042" lon="13.039561"/>
<trkpt lat="47.804322" lon="13.039300"/>
<trkpt lat="47.804851" lon="13.038879"/>
<trkpt lat="47.805201" lon="13.038693"/>
<trkpt lat="47.805246" lon="13.038668"/>
</trkseg>
<trkseg>
<trkpt lat="47.810120" lon="13.037373"/>
<trkpt lat="47.810297" lon="13.037363"/>
</trkseg>
<trkseg>
<trkpt lat="47.811653" lon="13.037457"/>
<trkpt lat="47.811782" lon="13.037447"/>
<trkpt lat="47.812132" lon="13.037455"/>
<trkpt lat="47.812399" lon="13.037451"/>
<trkpt lat="47.813129" lon="13.037453"/>
</trkseg>
<trkseg>
<trkpt lat="47.808497" lon="13.037563"/>
<trkpt lat="47.808569" lon="13.037456"/>
</trkseg>
<trkseg>
<trkpt lat="47.805246" lon="13.038668"/>
<trkpt lat="47.805293" lon="13.038647"/>
<trkpt lat="47.805857" lon="13.038388"/>
<trkpt lat="47.806104" lon="13.038274"/>
<trkpt lat="47.806156" lon="13.038253"/>
<trkpt lat="47.806603" lon="13.038076"/>
<trkpt lat="47.806888" lon="13.037985"/>
<trkpt lat="47.807019" lon="13.037943"/>
<trkpt lat="47.807056" lon="13.037931"/>
<trkpt lat="47.807092" lon="13.037922"/>
<trkpt lat="47.807533" lon="13.037806"/>
<trkpt lat="47.807912" lon="13.037714"/>
<trkpt lat="47.807959" lon="13.037702"/>
</trkseg>
<trkseg>
<trkpt lat="47.808870" lon="13.037449"/>
<trkpt lat="47.810120" lon="13.037373"/>
</trkseg>
<trkseg>
<trkpt lat="47.800763" lon="13.047055"/>
<trkpt lat="47.800781" lon="13.046906"/>
<trkpt lat="47.800827" lon="13.046696"/>
<trkpt lat="47.800849" lon="13.046507"/>
<trkpt lat="47.800874" lon="13.046246"/>
<trkpt lat="47.800901" lon="13.046100"/>
<trkpt lat="47.800945" lon="13.045914"/>
</trkseg>
<trkseg>
<trkpt lat="47.681486" lon="13.096145"/>
<trkpt lat="47.681452" lon="13.096190"/>
<trkpt lat="47.681277" lon="13.096198"/>
</trkseg>
<trkseg>
<trkpt lat="47.492044" lon="13.175721"/>
<trkpt lat="47.491878" lon="13.175853"/>
<trkpt lat="47.491605" lon="13.176229"/>
<trkpt lat="47.491490" lon="13.176418"/>
<trkpt lat="47.491357" lon="13.176632"/>
<trkpt lat="47.491124" lon="13.176947"/>
<trkpt lat="47.490926" lon="13.177122"/>
</trkseg>
<trkseg>
<trkpt lat="47.494137" lon="13.175652"/>
<trkpt lat="47.493472" lon="13.175521"/>
<trkpt lat="47.493161" lon="13.175455"/>
<trkpt lat="47.492889" lon="13.175415"/>
</trkseg>
<trkseg>
<trkpt lat="47.490926" lon="13.177122"/>
<trkpt lat="47.490471" lon="13.177456"/>
<trkpt lat="47.490315" lon="13.177607"/>
<trkpt lat="47.490154" lon="13.177801"/>
<trkpt lat="47.490038" lon="13.177994"/>
<trkpt lat="47.490016" lon="13.178031"/>
<trkpt lat="47.489906" lon="13.178267"/>
<trkpt lat="47.489823" lon="13.178522"/>
<trkpt lat="47.489635" lon="13.179173"/>
<trkpt lat="47.489441" lon="13.179800"/>
<trkpt lat="47.488903" lon="13.181136"/>
<trkpt lat="47.488650" lon="13.181821"/>
<trkpt lat="47.488369" lon="13.182443"/>
<trkpt lat="47.488040" lon="13.183123"/>
<trkpt lat="47.487815" lon="13.183565"/>
<trkpt lat="47.487589" lon="13.183946"/>
<trkpt lat="47.487221" lon="13.184470"/>
<trkpt lat="47.486972" lon="13.184757"/>
<trkpt lat="47.486707" lon="13.185013"/>
<trkpt lat="47.486469" lon="13.185199"/>
<trkpt lat="47.486221" lon="13.185376"/>
<trkpt lat="47.486017" lon="13.185463"/>
<trkpt lat="47.485810" lon="13.185516"/>
<trkpt lat="47.485341" lon="13.185491"/>
</trkseg>
<trkseg>
<trkpt lat="47.814159" lon="13.042015"/>
<trkpt lat="47.814177" lon="13.041935"/>
<trkpt lat="47.814183" lon="13.041877"/>
<trkpt lat="47.814195" lon="13.041790"/>
<trkpt lat="47.814196" lon="13.041732"/>
<trkpt lat="47.814200" lon="13.041517"/>
<trkpt lat="47.814207" lon="13.041091"/>
<trkpt lat="47.814212" lon="13.040791"/>
<trkpt lat="47.814214" lon="13.040655"/>
</trkseg>
<trkseg>
<trkpt lat="47.473209" lon="13.192534"/>
<trkpt lat="47.473254" lon="13.192257"/>
<trkpt lat="47.473350" lon="13.192271"/>
<trkpt lat="47.473414" lon="13.192221"/>
</trkseg>
<trkseg>
<trkpt lat="47.684587" lon="13.090162"/>
<trkpt lat="47.684756" lon="13.089894"/>
</trkseg>
<trkseg>
<trkpt lat="47.479217" lon="13.187454"/>
<trkpt lat="47.479172" lon="13.187384"/>
<trkpt lat="47.479096" lon="13.187348"/>
<trkpt lat="47.478999" lon="13.187208"/>
</trkseg>
<trkseg>
<trkpt lat="47.479609" lon="13.186945"/>
<trkpt lat="47.479568" lon="13.187148"/>
<trkpt lat="47.479547" lon="13.187241"/>
<trkpt lat="47.479330" lon="13.187686"/>
</trkseg>
<trkseg>
<trkpt lat="47.683063" lon="13.092339"/>
<trkpt lat="47.683174" lon="13.092381"/>
<trkpt lat="47.683192" lon="13.092388"/>
</trkseg>
<trkseg>
<trkpt lat="47.732703" lon="13.081850"/>
<trkpt lat="47.732774" lon="13.081832"/>
<trkpt lat="47.732831" lon="13.081799"/>
<trkpt lat="47.732880" lon="13.081761"/>
</trkseg>
<trkseg>
<trkpt lat="47.603217" lon="13.143023"/>
<trkpt lat="47.603097" lon="13.143284"/>
</trkseg>
<trkseg>
<trkpt lat="47.603097" lon="13.143284"/>
<trkpt lat="47.603058" lon="13.143361"/>
<trkpt lat="47.602613" lon="13.143685"/>
<trkpt lat="47.602538" lon="13.143735"/>
<trkpt lat="47.602499" lon="13.143811"/>
<trkpt lat="47.602493" lon="13.143827"/>
<trkpt lat="47.602382" lon="13.144125"/>
<trkpt lat="47.602304" lon="13.144230"/>
<trkpt lat="47.602235" lon="13.144319"/>
<trkpt lat="47.602215" lon="13.144346"/>
<trkpt lat="47.601962" lon="13.144543"/>
<trkpt lat="47.601926" lon="13.144579"/>
</trkseg>
<trkseg>
<trkpt lat="47.676962" lon="13.098672"/>
<trkpt lat="47.676937" lon="13.098482"/>
<trkpt lat="47.676921" lon="13.098389"/>
</trkseg>
<trkseg>
<trkpt lat="47.811220" lon="13.037352"/>
<trkpt lat="47.811553" lon="13.037362"/>
<trkpt lat="47.811562" lon="13.037362"/>
</trkseg>
<trkseg>
<trkpt lat="47.582114" lon="13.182668"/>
<trkpt lat="47.582074" lon="13.182631"/>
</trkseg>
<trkseg>
<trkpt lat="47.575831" lon="13.195013"/>
<trkpt lat="47.575776" lon="13.195032"/>
<trkpt lat="47.575581" lon="13.195058"/>
<trkpt lat="47.575034" lon="13.195049"/>
<trkpt lat="47.574546" lon="13.195094"/>
</trkseg>
<trkseg>
<trkpt lat="47.469462" lon="13.194308"/>
<trkpt lat="47.469414" lon="13.194352"/>
</trkseg>
<trkseg>
<trkpt lat="47.469414" lon="13.194352"/>
<trkpt lat="47.469132" lon="13.194638"/>
<trkpt lat="47.468872" lon="13.194933"/>
<trkpt lat="47.468558" lon="13.195341"/>
<trkpt lat="47.468223" lon="13.195825"/>
<trkpt lat="47.468009" lon="13.196208"/>
<trkpt lat="47.467935" lon="13.196297"/>
<trkpt lat="47.467846" lon="13.196429"/>
<trkpt lat="47.467703" lon="13.196653"/>
<trkpt lat="47.467501" lon="13.196894"/>
<trkpt lat="47.467356" lon="13.197093"/>
<trkpt lat="47.467164" lon="13.197367"/>
<trkpt lat="47.467046" lon="13.197570"/>
<trkpt lat="47.466996" lon="13.197631"/>
<trkpt lat="47.466913" lon="13.197700"/>
<trkpt lat="47.466817" lon="13.197789"/>
<trkpt lat="47.466749" lon="13.197895"/>
<trkpt lat="47.466694" lon="13.198032"/>
<trkpt lat="47.466688" lon="13.198059"/>
<trkpt lat="47.466660" lon="13.198197"/>
<trkpt lat="47.466654" lon="13.198328"/>
<trkpt lat="47.466676" lon="13.198480"/>
<trkpt lat="47.466672" lon="13.198670"/>
<trkpt lat="47.466622" lon="13.198828"/>
<trkpt lat="47.466584" lon="13.198912"/>
<trkpt lat="47.466556" lon="13.198946"/>
<trkpt lat="47.466485" lon="13.198982"/>
<trkpt lat="47.466366" lon="13.199022"/>
<trkpt lat="47.466262" lon="13.199047"/>
<trkpt lat="47.466218" lon="13.199029"/>
<trkpt lat="47.465941" lon="13.198758"/>
<trkpt lat="47.465646" lon="13.198408"/>
<trkpt lat="47.465317" lon="13.198022"/>
<trkpt lat="47.464919" lon="13.197736"/>
<trkpt lat="47.464804" lon="13.197671"/>
<trkpt lat="47.464662" lon="13.197650"/>
<trkpt lat="47.464549" lon="13.197644"/>
<trkpt lat="47.464419" lon="13.197658"/>
<trkpt lat="47.464244" lon="13.197691"/>
<trkpt lat="47.464139" lon="13.197726"/>
<trkpt lat="47.464022" lon="13.197766"/>
<trkpt lat="47.463874" lon="13.197820"/>
<trkpt lat="47.463689" lon="13.197881"/>
<trkpt lat="47.463656" lon="13.197893"/>
<trkpt lat="47.463467" lon="13.197962"/>
<trkpt lat="47.463265" lon="13.198034"/>
<trkpt lat="47.463253" lon="13.198038"/>
<trkpt lat="47.462971" lon="13.198140"/>
<trkpt lat="47.462933" lon="13.198155"/>
<trkpt lat="47.462861" lon="13.198184"/>
<trkpt lat="47.462778" lon="13.198209"/>
<trkpt lat="47.462761" lon="13.198214"/>
<trkpt lat="47.462722" lon="13.198220"/>
</trkseg>
<trkseg>
<trkpt lat="47.469806" lon="13.193902"/>
<trkpt lat="47.469709" lon="13.193993"/>
<trkpt lat="47.469586" lon="13.194157"/>
<trkpt lat="47.469462" lon="13.194308"/>
</trkseg>
<trkseg>
<trkpt lat="47.470333" lon="13.193479"/>
<trkpt lat="47.470139" lon="13.193648"/>
<trkpt lat="47.470069" lon="13.193699"/>
<trkpt lat="47.469882" lon="13.193835"/>
<trkpt lat="47.469806" lon="13.193902"/>
</trkseg>
<trkseg>
<trkpt lat="47.470986" lon="13.193337"/>
<trkpt lat="47.470952" lon="13.193252"/>
<trkpt lat="47.470866" lon="13.193165"/>
<trkpt lat="47.470760" lon="13.193134"/>
<trkpt lat="47.470605" lon="13.193218"/>
<trkpt lat="47.470394" lon="13.193380"/>
<trkpt lat="47.470333" lon="13.193479"/>
</trkseg>
<trkseg>
<trkpt lat="47.461449" lon="13.198660"/>
<trkpt lat="47.461455" lon="13.198586"/>
<trkpt lat="47.461505" lon="13.198490"/>
<trkpt lat="47.461534" lon="13.198458"/>
<trkpt lat="47.461682" lon="13.198374"/>
<trkpt lat="47.461900" lon="13.198269"/>
<trkpt lat="47.461977" lon="13.198243"/>
<trkpt lat="47.462119" lon="13.198209"/>
<trkpt lat="47.462228" lon="13.198196"/>
</trkseg>
<trkseg>
<trkpt lat="47.461517" lon="13.199061"/>
<trkpt lat="47.461551" lon="13.199047"/>
</trkseg>
<trkseg>
<trkpt lat="47.485341" lon="13.185491"/>
<trkpt lat="47.484980" lon="13.185452"/>
<trkpt lat="47.484594" lon="13.185455"/>
<trkpt lat="47.483894" lon="13.185456"/>
<trkpt lat="47.483778" lon="13.185437"/>
<trkpt lat="47.483642" lon="13.185412"/>
<trkpt lat="47.483419" lon="13.185357"/>
<trkpt lat="47.483066" lon="13.185235"/>
<trkpt lat="47.482941" lon="13.185205"/>
</trkseg>
<trkseg>
<trkpt lat="47.584708" lon="13.181856"/>
<trkpt lat="47.584351" lon="13.182123"/>
<trkpt lat="47.584098" lon="13.182257"/>
<trkpt lat="47.583914" lon="13.182343"/>
<trkpt lat="47.583851" lon="13.182371"/>
</trkseg>
<trkseg>
<trkpt lat="47.497616" lon="13.174247"/>
<trkpt lat="47.497523" lon="13.174452"/>
<trkpt lat="47.497313" lon="13.174918"/>
<trkpt lat="47.497213" lon="13.175080"/>
<trkpt lat="47.497173" lon="13.175144"/>
<trkpt lat="47.496962" lon="13.175408"/>
<trkpt lat="47.496793" lon="13.175568"/>
<trkpt lat="47.496608" lon="13.175704"/>
<trkpt lat="47.496398" lon="13.175819"/>
<trkpt lat="47.496257" lon="13.175875"/>
<trkpt lat="47.496114" lon="13.175908"/>
<trkpt lat="47.495923" lon="13.175923"/>
<trkpt lat="47.495740" lon="13.175935"/>
<trkpt lat="47.495622" lon="13.175921"/>
</trkseg>
<trkseg>
<trkpt lat="47.681277" lon="13.096198"/>
<trkpt lat="47.681261" lon="13.096237"/>
<trkpt lat="47.681121" lon="13.096333"/>
<trkpt lat="47.681020" lon="13.096539"/>
</trkseg>
<trkseg>
<trkpt lat="47.802404" lon="13.042040"/>
<trkpt lat="47.802483" lon="13.042044"/>
</trkseg>
<trkseg>
<trkpt lat="47.800291" lon="13.049260"/>
<trkpt lat="47.800372" lon="13.048949"/>
<trkpt lat="47.800426" lon="13.048732"/>
<trkpt lat="47.800445" lon="13.048660"/>
<trkpt lat="47.800470" lon="13.048561"/>
<trkpt lat="47.800548" lon="13.048233"/>
<trkpt lat="47.800544" lon="13.048152"/>
<trkpt lat="47.800543" lon="13.048125"/>
<trkpt lat="47.800612" lon="13.047821"/>
<trkpt lat="47.800686" lon="13.047548"/>
<trkpt lat="47.800715" lon="13.047332"/>
<trkpt lat="47.800763" lon="13.047055"/>
</trkseg>
<trkseg>
<trkpt lat="47.427091" lon="13.221374"/>
<trkpt lat="47.427176" lon="13.221386"/>
<trkpt lat="47.427246" lon="13.221383"/>
</trkseg>
<trkseg>
<trkpt lat="47.582074" lon="13.182631"/>
<trkpt lat="47.581948" lon="13.182698"/>
<trkpt lat="47.581805" lon="13.182797"/>
<trkpt lat="47.581643" lon="13.182958"/>
<trkpt lat="47.581451" lon="13.183197"/>
<trkpt lat="47.581239" lon="13.183561"/>
<trkpt lat="47.581129" lon="13.183798"/>
<trkpt lat="47.581033" lon="13.184073"/>
<trkpt lat="47.580973" lon="13.184308"/>
<trkpt lat="47.580906" lon="13.184622"/>
<trkpt lat="47.580832" lon="13.185074"/>
<trkpt lat="47.580801" lon="13.185269"/>
<trkpt lat="47.580766" lon="13.185493"/>
<trkpt lat="47.580725" lon="13.185718"/>
<trkpt lat="47.580629" lon="13.186101"/>
<trkpt lat="47.580503" lon="13.186490"/>
<trkpt lat="47.580376" lon="13.186804"/>
<trkpt lat="47.580230" lon="13.187115"/>
<trkpt lat="47.580016" lon="13.187520"/>
<trkpt lat="47.579737" lon="13.188016"/>
<trkpt lat="47.579424" lon="13.188580"/>
<trkpt lat="47.579242" lon="13.188920"/>
<trkpt lat="47.579055" lon="13.189312"/>
<trkpt lat="47.578811" lon="13.189862"/>
<trkpt lat="47.578616" lon="13.190369"/>
<trkpt lat="47.578417" lon="13.190948"/>
<trkpt lat="47.578142" lon="13.191831"/>
<trkpt lat="47.577921" lon="13.192552"/>
<trkpt lat="47.577852" lon="13.192764"/>
<trkpt lat="47.577888" lon="13.192820"/>
</trkseg>
<trkseg>
<trkpt lat="47.601926" lon="13.144579"/>
<trkpt lat="47.601858" lon="13.144747"/>
<trkpt lat="47.601807" lon="13.144918"/>
<trkpt lat="47.601759" lon="13.145105"/>
<trkpt lat="47.601729" lon="13.145236"/>
<trkpt lat="47.601706" lon="13.145353"/>
<trkpt lat="47.601666" lon="13.145592"/>
<trkpt lat="47.601653" lon="13.146019"/>
<trkpt lat="47.601724" lon="13.146404"/>
<trkpt lat="47.601879" lon="13.146967"/>
<trkpt lat="47.602163" lon="13.147999"/>
<trkpt lat="47.602213" lon="13.148307"/>
<trkpt lat="47.602186" lon="13.148460"/>
<trkpt lat="47.602135" lon="13.148568"/>
<trkpt lat="47.602036" lon="13.148630"/>
<trkpt lat="47.601919" lon="13.148620"/>
<trkpt lat="47.601746" lon="13.148592"/>
<trkpt lat="47.601513" lon="13.148564"/>
<trkpt lat="47.601295" lon="13.148633"/>
<trkpt lat="47.601171" lon="13.148690"/>
<trkpt lat="47.601082" lon="13.148753"/>
<trkpt lat="47.600371" lon="13.149213"/>
<trkpt lat="47.599933" lon="13.149520"/>
<trkpt lat="47.599642" lon="13.149789"/>
<trkpt lat="47.599382" lon="13.150032"/>
<trkpt lat="47.599001" lon="13.150254"/>
<trkpt lat="47.598962" lon="13.150304"/>
<trkpt lat="47.598959" lon="13.150366"/>
<trkpt lat="47.599037" lon="13.150888"/>
<trkpt lat="47.599055" lon="13.151057"/>
<trkpt lat="47.599048" lon="13.151229"/>
<trkpt lat="47.598990" lon="13.151483"/>
<trkpt lat="47.598952" lon="13.151647"/>
<trkpt lat="47.598917" lon="13.151765"/>
<trkpt lat="47.598692" lon="13.152525"/>
<trkpt lat="47.598538" lon="13.153028"/>
<trkpt lat="47.598349" lon="13.153415"/>
<trkpt lat="47.598199" lon="13.153675"/>
<trkpt lat="47.597756" lon="13.154260"/>
<trkpt lat="47.597643" lon="13.154520"/>
<trkpt lat="47.597560" lon="13.154760"/>
<trkpt lat="47.597517" lon="13.154917"/>
<trkpt lat="47.597440" lon="13.155133"/>
<trkpt lat="47.597383" lon="13.155263"/>
<trkpt lat="47.597271" lon="13.155446"/>
<trkpt lat="47.596950" lon="13.155892"/>
<trkpt lat="47.596900" lon="13.155997"/>
<trkpt lat="47.596879" lon="13.156061"/>
<trkpt lat="47.596822" lon="13.156258"/>
<trkpt lat="47.596761" lon="13.156683"/>
<trkpt lat="47.596623" lon="13.157598"/>
<trkpt lat="47.596514" lon="13.158047"/>
<trkpt lat="47.596469" lon="13.158178"/>
<trkpt lat="47.596358" lon="13.158437"/>
<trkpt lat="47.596312" lon="13.158519"/>
<trkpt lat="47.596164" lon="13.158807"/>
<trkpt lat="47.595968" lon="13.159200"/>
<trkpt lat="47.595942" lon="13.159252"/>
<trkpt lat="47.595908" lon="13.159413"/>
<trkpt lat="47.595907" lon="13.159605"/>
<trkpt lat="47.595933" lon="13.159785"/>
<trkpt lat="47.596010" lon="13.160030"/>
<trkpt lat="47.596127" lon="13.160333"/>
<trkpt lat="47.596359" lon="13.160763"/>
<trkpt lat="47.596600" lon="13.161104"/>
<trkpt lat="47.596655" lon="13.161182"/>
<trkpt lat="47.596744" lon="13.161348"/>
<trkpt lat="47.596770" lon="13.161443"/>
<trkpt lat="47.596779" lon="13.161476"/>
<trkpt lat="47.596770" lon="13.161663"/>
<trkpt lat="47.596689" lon="13.161866"/>
<trkpt lat="47.596571" lon="13.162143"/>
<trkpt lat="47.596527" lon="13.162475"/>
<trkpt lat="47.596520" lon="13.162519"/>
<trkpt lat="47.596455" lon="13.163170"/>
<trkpt lat="47.596411" lon="13.163286"/>
</trkseg>
<trkseg>
<trkpt lat="47.613181" lon="13.142927"/>
<trkpt lat="47.613069" lon="13.142926"/>
</trkseg>
<trkseg>
<trkpt lat="47.613069" lon="13.142926"/>
<trkpt lat="47.613057" lon="13.142926"/>
<trkpt lat="47.613012" lon="13.142896"/>
<trkpt lat="47.612817" lon="13.142679"/>
<trkpt lat="47.612282" lon="13.142120"/>
<trkpt lat="47.611752" lon="13.141530"/>
<trkpt lat="47.611636" lon="13.141325"/>
<trkpt lat="47.611518" lon="13.141090"/>
<trkpt lat="47.611428" lon="13.140937"/>
<trkpt lat="47.611279" lon="13.140806"/>
<trkpt lat="47.611023" lon="13.140638"/>
<trkpt lat="47.610900" lon="13.140558"/>
<trkpt lat="47.610641" lon="13.140526"/>
<trkpt lat="47.610516" lon="13.140507"/>
<trkpt lat="47.610437" lon="13.140540"/>
<trkpt lat="47.610303" lon="13.140597"/>
<trkpt lat="47.610233" lon="13.140638"/>
<trkpt lat="47.609712" lon="13.140948"/>
<trkpt lat="47.609392" lon="13.141138"/>
<trkpt lat="47.609014" lon="13.141378"/>
<trkpt lat="47.608528" lon="13.141757"/>
<trkpt lat="47.608164" lon="13.142093"/>
<trkpt lat="47.607816" lon="13.142421"/>
<trkpt lat="47.607212" lon="13.143001"/>
<trkpt lat="47.607030" lon="13.143132"/>
<trkpt lat="47.606839" lon="13.143205"/>
<trkpt lat="47.606647" lon="13.143196"/>
<trkpt lat="47.606352" lon="13.143144"/>
<trkpt lat="47.606045" lon="13.143076"/>
<trkpt lat="47.605750" lon="13.142998"/>
<trkpt lat="47.605535" lon="13.142918"/>
<trkpt lat="47.605236" lon="13.142757"/>
<trkpt lat="47.604810" lon="13.142534"/>
<trkpt lat="47.604474" lon="13.142469"/>
<trkpt lat="47.604217" lon="13.142445"/>
<trkpt lat="47.604023" lon="13.142372"/>
<trkpt lat="47.603882" lon="13.142347"/>
<trkpt lat="47.603767" lon="13.142395"/>
<trkpt lat="47.603419" lon="13.142699"/>
<trkpt lat="47.603245" lon="13.142976"/>
<trkpt lat="47.603217" lon="13.143023"/>
</trkseg>
<trkseg>
<trkpt lat="47.681632" lon="13.095735"/>
<trkpt lat="47.681652" lon="13.095706"/>
<trkpt lat="47.681674" lon="13.095658"/>
<trkpt lat="47.681689" lon="13.095632"/>
</trkseg>
<trkseg>
<trkpt lat="47.681727" lon="13.095576"/>
<trkpt lat="47.681769" lon="13.095501"/>
<trkpt lat="47.681893" lon="13.095346"/>
<trkpt lat="47.682005" lon="13.095211"/>
<trkpt lat="47.682056" lon="13.095075"/>
</trkseg>
<trkseg>
<trkpt lat="47.681567" lon="13.095795"/>
<trkpt lat="47.681632" lon="13.095735"/>
</trkseg>
<trkseg>
<trkpt lat="47.681689" lon="13.095632"/>
<trkpt lat="47.681727" lon="13.095576"/>
</trkseg>
<trkseg>
<trkpt lat="47.682139" lon="13.094520"/>
<trkpt lat="47.682266" lon="13.094876"/>
</trkseg>
<trkseg>
<trkpt lat="47.583851" lon="13.182371"/>
<trkpt lat="47.583736" lon="13.182407"/>
</trkseg>
<trkseg>
<trkpt lat="47.686134" lon="13.088140"/>
<trkpt lat="47.686254" lon="13.087974"/>
<trkpt lat="47.686376" lon="13.087808"/>
<trkpt lat="47.686492" lon="13.087640"/>
<trkpt lat="47.686703" lon="13.087376"/>
<trkpt lat="47.686959" lon="13.087106"/>
<trkpt lat="47.686976" lon="13.087084"/>
<trkpt lat="47.687022" lon="13.087021"/>
</trkseg>
<trkseg>
<trkpt lat="47.813998" lon="13.043514"/>
<trkpt lat="47.814006" lon="13.043411"/>
<trkpt lat="47.814009" lon="13.043369"/>
<trkpt lat="47.814050" lon="13.042942"/>
<trkpt lat="47.814111" lon="13.042386"/>
</trkseg>
<trkseg>
<trkpt lat="47.419973" lon="13.218810"/>
<trkpt lat="47.419758" lon="13.218781"/>
<trkpt lat="47.419415" lon="13.218762"/>
<trkpt lat="47.418692" lon="13.218773"/>
<trkpt lat="47.418587" lon="13.218776"/>
<trkpt lat="47.418546" lon="13.218779"/>
</trkseg>
<trkseg>
<trkpt lat="47.456319" lon="13.201993"/>
<trkpt lat="47.456350" lon="13.201981"/>
</trkseg>
<trkseg>
<trkpt lat="47.456350" lon="13.201981"/>
<trkpt lat="47.456367" lon="13.201975"/>
<trkpt lat="47.456524" lon="13.201916"/>
</trkseg>
<trkseg>
<trkpt lat="47.456576" lon="13.201857"/>
<trkpt lat="47.456524" lon="13.201916"/>
</trkseg>
<trkseg>
<trkpt lat="47.787502" lon="13.071191"/>
<trkpt lat="47.785986" lon="13.073045"/>
</trkseg>
<trkseg>
<trkpt lat="47.725118" lon="13.082269"/>
<trkpt lat="47.725062" lon="13.082279"/>
<trkpt lat="47.724988" lon="13.082319"/>
<trkpt lat="47.724895" lon="13.082340"/>
<trkpt lat="47.724106" lon="13.082361"/>
<trkpt lat="47.723256" lon="13.082387"/>
<trkpt lat="47.722944" lon="13.082389"/>
<trkpt lat="47.722371" lon="13.082380"/>
<trkpt lat="47.721785" lon="13.082372"/>
<trkpt lat="47.721203" lon="13.082359"/>
<trkpt lat="47.720936" lon="13.082333"/>
<trkpt lat="47.720242" lon="13.082247"/>
<trkpt lat="47.718908" lon="13.082057"/>
<trkpt lat="47.718870" lon="13.082052"/>
<trkpt lat="47.717946" lon="13.081915"/>
<trkpt lat="47.717709" lon="13.081869"/>
<trkpt lat="47.717466" lon="13.081778"/>
<trkpt lat="47.716428" lon="13.081240"/>
<trkpt lat="47.715172" lon="13.080584"/>
<trkpt lat="47.714156" lon="13.080064"/>
<trkpt lat="47.713374" lon="13.079655"/>
<trkpt lat="47.712739" lon="13.079333"/>
<trkpt lat="47.712033" lon="13.078985"/>
<trkpt lat="47.711738" lon="13.078834"/>
<trkpt lat="47.711358" lon="13.078656"/>
</trkseg>
<trkseg>
<trkpt lat="47.726327" lon="13.082293"/>
<trkpt lat="47.725308" lon="13.082329"/>
<trkpt lat="47.725249" lon="13.082318"/>
<trkpt lat="47.725166" lon="13.082277"/>
<trkpt lat="47.725118" lon="13.082269"/>
</trkseg>
<trkseg>
<trkpt lat="47.680896" lon="13.097008"/>
<trkpt lat="47.680877" lon="13.097112"/>
</trkseg>
<trkseg>
<trkpt lat="47.707096" lon="13.077050"/>
<trkpt lat="47.706911" lon="13.077013"/>
<trkpt lat="47.705441" lon="13.076583"/>
<trkpt lat="47.705021" lon="13.076449"/>
<trkpt lat="47.704678" lon="13.076358"/>
<trkpt lat="47.704239" lon="13.076287"/>
</trkseg>
<trkseg>
<trkpt lat="47.550595" lon="13.170267"/>
<trkpt lat="47.550498" lon="13.170249"/>
<trkpt lat="47.550022" lon="13.170178"/>
<trkpt lat="47.549782" lon="13.170141"/>
<trkpt lat="47.549482" lon="13.170097"/>
<trkpt lat="47.548812" lon="13.170024"/>
<trkpt lat="47.548558" lon="13.170005"/>
<trkpt lat="47.548213" lon="13.170000"/>
<trkpt lat="47.548010" lon="13.170011"/>
<trkpt lat="47.547755" lon="13.170041"/>
<trkpt lat="47.547605" lon="13.170072"/>
<trkpt lat="47.547454" lon="13.170109"/>
<trkpt lat="47.547128" lon="13.170219"/>
</trkseg>
<trkseg>
<trkpt lat="47.539342" lon="13.170567"/>
<trkpt lat="47.539202" lon="13.170460"/>
<trkpt lat="47.538781" lon="13.170159"/>
<trkpt lat="47.538638" lon="13.170056"/>
<trkpt lat="47.538278" lon="13.169790"/>
<trkpt lat="47.537815" lon="13.169433"/>
</trkseg>
<trkseg>
<trkpt lat="47.539947" lon="13.170932"/>
<trkpt lat="47.539868" lon="13.170899"/>
<trkpt lat="47.539783" lon="13.170888"/>
<trkpt lat="47.539736" lon="13.170895"/>
</trkseg>
<trkseg>
<trkpt lat="47.541972" lon="13.171469"/>
<trkpt lat="47.541648" lon="13.171480"/>
<trkpt lat="47.541383" lon="13.171461"/>
<trkpt lat="47.541226" lon="13.171437"/>
</trkseg>
<trkseg>
<trkpt lat="47.420790" lon="13.218994"/>
<trkpt lat="47.420787" lon="13.218971"/>
<trkpt lat="47.420781" lon="13.218950"/>
<trkpt lat="47.420773" lon="13.218930"/>
<trkpt lat="47.420763" lon="13.218912"/>
<trkpt lat="47.420752" lon="13.218897"/>
<trkpt lat="47.420739" lon="13.218884"/>
<trkpt lat="47.420724" lon="13.218874"/>
<trkpt lat="47.420709" lon="13.218867"/>
<trkpt lat="47.420694" lon="13.218864"/>
<trkpt lat="47.420678" lon="13.218864"/>
<trkpt lat="47.420663" lon="13.218867"/>
<trkpt lat="47.420648" lon="13.218874"/>
<trkpt lat="47.420640" lon="13.218879"/>
<trkpt lat="47.420633" lon="13.218884"/>
<trkpt lat="47.420620" lon="13.218898"/>
<trkpt lat="47.420608" lon="13.218916"/>
<trkpt lat="47.420597" lon="13.218936"/>
<trkpt lat="47.420589" lon="13.218958"/>
<trkpt lat="47.420583" lon="13.218985"/>
<trkpt lat="47.420581" lon="13.219013"/>
<trkpt lat="47.420582" lon="13.219042"/>
<trkpt lat="47.420586" lon="13.219065"/>
<trkpt lat="47.420592" lon="13.219088"/>
<trkpt lat="47.420600" lon="13.219108"/>
<trkpt lat="47.420610" lon="13.219127"/>
<trkpt lat="47.420622" lon="13.219143"/>
<trkpt lat="47.420636" lon="13.219156"/>
<trkpt lat="47.420651" lon="13.219166"/>
<trkpt lat="47.420667" lon="13.219172"/>
<trkpt lat="47.420683" lon="13.219175"/>
<trkpt lat="47.420700" lon="13.219174"/>
<trkpt lat="47.420716" lon="13.219169"/>
<trkpt lat="47.420732" lon="13.219160"/>
<trkpt lat="47.420746" lon="13.219147"/>
<trkpt lat="47.420759" lon="13.219132"/>
<trkpt lat="47.420771" lon="13.219113"/>
<trkpt lat="47.420780" lon="13.219092"/>
<trkpt lat="47.420786" lon="13.219069"/>
<trkpt lat="47.420790" lon="13.219044"/>
<trkpt lat="47.420792" lon="13.219019"/>
<trkpt lat="47.420790" lon="13.218994"/>
</trkseg>
<trkseg>
<trkpt lat="47.420519" lon="13.218884"/>
<trkpt lat="47.420572" lon="13.218947"/>
<trkpt lat="47.420589" lon="13.218958"/>
</trkseg>
<trkseg>
<trkpt lat="47.682293" lon="13.093799"/>
<trkpt lat="47.682218" lon="13.093989"/>
</trkseg>
<trkseg>
<trkpt lat="47.683899" lon="13.090976"/>
<trkpt lat="47.683912" lon="13.090909"/>
<trkpt lat="47.683931" lon="13.090788"/>
<trkpt lat="47.683955" lon="13.090642"/>
</trkseg>
<trkseg>
<trkpt lat="47.420633" lon="13.218884"/>
<trkpt lat="47.420519" lon="13.218884"/>
</trkseg>
<trkseg>
<trkpt lat="47.476372" lon="13.189353"/>
<trkpt lat="47.476340" lon="13.189385"/>
<trkpt lat="47.476213" lon="13.189499"/>
<trkpt lat="47.475852" lon="13.189811"/>
<trkpt lat="47.475631" lon="13.190022"/>
<trkpt lat="47.475346" lon="13.190283"/>
<trkpt lat="47.475220" lon="13.190417"/>
<trkpt lat="47.475152" lon="13.190497"/>
<trkpt lat="47.474937" lon="13.190782"/>
</trkseg>
<trkseg>
<trkpt lat="47.473414" lon="13.192221"/>
<trkpt lat="47.473564" lon="13.192104"/>
<trkpt lat="47.473635" lon="13.192088"/>
</trkseg>
<trkseg>
<trkpt lat="47.480152" lon="13.185523"/>
<trkpt lat="47.480063" lon="13.185654"/>
</trkseg>
<trkseg>
<trkpt lat="47.477226" lon="13.188630"/>
<trkpt lat="47.477169" lon="13.188684"/>
<trkpt lat="47.476822" lon="13.188966"/>
<trkpt lat="47.476372" lon="13.189353"/>
</trkseg>
<trkseg>
<trkpt lat="47.474937" lon="13.190782"/>
<trkpt lat="47.474647" lon="13.191165"/>
<trkpt lat="47.474347" lon="13.191440"/>
<trkpt lat="47.473909" lon="13.191842"/>
<trkpt lat="47.473824" lon="13.191930"/>
<trkpt lat="47.473724" lon="13.192034"/>
<trkpt lat="47.473635" lon="13.192088"/>
</trkseg>
<trkseg>
<trkpt lat="47.480063" lon="13.185654"/>
<trkpt lat="47.479894" lon="13.185897"/>
<trkpt lat="47.479820" lon="13.185989"/>
<trkpt lat="47.479724" lon="13.186093"/>
<trkpt lat="47.479706" lon="13.186120"/>
<trkpt lat="47.479608" lon="13.186275"/>
<trkpt lat="47.479145" lon="13.186945"/>
<trkpt lat="47.478999" lon="13.187208"/>
</trkseg>
<trkseg>
<trkpt lat="47.480491" lon="13.185581"/>
<trkpt lat="47.480446" lon="13.185528"/>
<trkpt lat="47.480385" lon="13.185460"/>
<trkpt lat="47.480338" lon="13.185430"/>
<trkpt lat="47.480267" lon="13.185437"/>
<trkpt lat="47.480152" lon="13.185523"/>
</trkseg>
<trkseg>
<trkpt lat="47.495622" lon="13.175921"/>
<trkpt lat="47.495210" lon="13.175870"/>
<trkpt lat="47.494137" lon="13.175652"/>
</trkseg>
<trkseg>
<trkpt lat="47.571787" lon="13.190315"/>
<trkpt lat="47.571962" lon="13.190469"/>
<trkpt lat="47.572128" lon="13.190757"/>
<trkpt lat="47.572348" lon="13.191266"/>
</trkseg>
<trkseg>
<trkpt lat="47.583071" lon="13.182481"/>
<trkpt lat="47.583015" lon="13.182485"/>
</trkseg>
<trkseg>
<trkpt lat="47.674652" lon="13.100620"/>
<trkpt lat="47.674584" lon="13.100615"/>
<trkpt lat="47.674529" lon="13.100610"/>
<trkpt lat="47.674438" lon="13.100606"/>
<trkpt lat="47.674186" lon="13.100611"/>
<trkpt lat="47.674065" lon="13.100621"/>
<trkpt lat="47.673974" lon="13.100647"/>
<trkpt lat="47.673909" lon="13.100683"/>
<trkpt lat="47.673733" lon="13.100813"/>
<trkpt lat="47.673250" lon="13.101336"/>
</trkseg>
<trkseg>
<trkpt lat="47.667723" lon="13.108546"/>
<trkpt lat="47.667692" lon="13.108563"/>
<trkpt lat="47.667613" lon="13.108614"/>
<trkpt lat="47.667486" lon="13.108696"/>
<trkpt lat="47.667443" lon="13.108735"/>
<trkpt lat="47.667408" lon="13.108776"/>
<trkpt lat="47.667372" lon="13.108841"/>
<trkpt lat="47.667347" lon="13.108901"/>
<trkpt lat="47.667320" lon="13.108980"/>
<trkpt lat="47.667273" lon="13.109135"/>
</trkseg>
<trkseg>
<trkpt lat="47.669171" lon="13.107172"/>
<trkpt lat="47.668758" lon="13.107556"/>
<trkpt lat="47.668345" lon="13.107928"/>
<trkpt lat="47.668294" lon="13.107971"/>
<trkpt lat="47.668150" lon="13.108094"/>
<trkpt lat="47.668014" lon="13.108221"/>
<trkpt lat="47.667957" lon="13.108275"/>
<trkpt lat="47.667943" lon="13.108289"/>
<trkpt lat="47.667822" lon="13.108417"/>
<trkpt lat="47.667773" lon="13.108472"/>
<trkpt lat="47.667723" lon="13.108546"/>
</trkseg>
<trkseg>
<trkpt lat="47.482941" lon="13.185205"/>
<trkpt lat="47.482788" lon="13.185174"/>
<trkpt lat="47.481996" lon="13.185078"/>
<trkpt lat="47.481775" lon="13.185053"/>
<trkpt lat="47.481587" lon="13.185038"/>
<trkpt lat="47.481458" lon="13.185052"/>
<trkpt lat="47.481299" lon="13.185073"/>
<trkpt lat="47.481142" lon="13.185120"/>
<trkpt lat="47.480992" lon="13.185187"/>
<trkpt lat="47.480824" lon="13.185296"/>
<trkpt lat="47.480735" lon="13.185353"/>
<trkpt lat="47.480618" lon="13.185462"/>
<trkpt lat="47.480491" lon="13.185581"/>
</trkseg>
<trkseg>
<trkpt lat="47.480491" lon="13.185581"/>
<trkpt lat="47.480235" lon="13.185915"/>
<trkpt lat="47.479968" lon="13.186333"/>
<trkpt lat="47.479609" lon="13.186945"/>
</trkseg>
<trkseg>
<trkpt lat="47.471748" lon="13.193084"/>
<trkpt lat="47.472003" lon="13.193033"/>
<trkpt lat="47.472203" lon="13.192998"/>
<trkpt lat="47.472573" lon="13.192932"/>
<trkpt lat="47.472795" lon="13.192947"/>
<trkpt lat="47.472916" lon="13.192993"/>
<trkpt lat="47.473054" lon="13.193073"/>
<trkpt lat="47.473105" lon="13.193120"/>
<trkpt lat="47.473163" lon="13.193174"/>
</trkseg>
<trkseg>
<trkpt lat="47.479330" lon="13.187686"/>
<trkpt lat="47.479306" lon="13.187650"/>
<trkpt lat="47.479290" lon="13.187627"/>
</trkseg>
<trkseg>
<trkpt lat="47.473163" lon="13.193174"/>
<trkpt lat="47.473199" lon="13.193072"/>
<trkpt lat="47.473209" lon="13.192534"/>
</trkseg>
<trkseg>
<trkpt lat="47.462507" lon="13.198223"/>
<trkpt lat="47.462595" lon="13.198228"/>
<trkpt lat="47.462661" lon="13.198231"/>
<trkpt lat="47.462722" lon="13.198220"/>
</trkseg>
<trkseg>
<trkpt lat="47.462376" lon="13.198217"/>
<trkpt lat="47.462507" lon="13.198223"/>
</trkseg>
<trkseg>
<trkpt lat="47.684281" lon="13.090754"/>
<trkpt lat="47.684049" lon="13.090659"/>
<trkpt lat="47.683955" lon="13.090642"/>
</trkseg>
<trkseg>
<trkpt lat="47.596411" lon="13.163286"/>
<trkpt lat="47.596429" lon="13.163340"/>
<trkpt lat="47.596444" lon="13.163455"/>
</trkseg>
<trkseg>
<trkpt lat="47.679976" lon="13.097471"/>
<trkpt lat="47.679132" lon="13.097818"/>
<trkpt lat="47.678756" lon="13.097966"/>
</trkseg>
<trkseg>
<trkpt lat="47.789840" lon="13.067973"/>
<trkpt lat="47.789797" lon="13.068033"/>
<trkpt lat="47.789731" lon="13.068120"/>
<trkpt lat="47.789535" lon="13.068373"/>
<trkpt lat="47.789358" lon="13.068607"/>
<trkpt lat="47.789103" lon="13.068948"/>
</trkseg>
<trkseg>
<trkpt lat="47.731440" lon="13.081147"/>
<trkpt lat="47.731611" lon="13.081572"/>
<trkpt lat="47.731712" lon="13.081784"/>
<trkpt lat="47.731888" lon="13.081987"/>
<trkpt lat="47.731980" lon="13.082027"/>
</trkseg>
<trkseg>
<trkpt lat="47.767066" lon="13.074089"/>
<trkpt lat="47.768149" lon="13.074021"/>
</trkseg>
<trkseg>
<trkpt lat="47.684756" lon="13.089894"/>
<trkpt lat="47.684874" lon="13.089733"/>
<trkpt lat="47.684935" lon="13.089625"/>
</trkseg>
<trkseg>
<trkpt lat="47.681020" lon="13.096539"/>
<trkpt lat="47.680959" lon="13.096565"/>
</trkseg>
<trkseg>
<trkpt lat="47.680959" lon="13.096565"/>
<trkpt lat="47.680920" lon="13.096851"/>
<trkpt lat="47.680900" lon="13.096983"/>
<trkpt lat="47.680896" lon="13.097008"/>
</trkseg>
<trkseg>
<trkpt lat="47.682634" lon="13.092573"/>
<trkpt lat="47.682532" lon="13.092816"/>
<trkpt lat="47.682447" lon="13.093095"/>
<trkpt lat="47.682424" lon="13.093233"/>
</trkseg>
<trkseg>
<trkpt lat="47.680877" lon="13.097112"/>
<trkpt lat="47.680587" lon="13.097214"/>
<trkpt lat="47.680349" lon="13.097314"/>
<trkpt lat="47.679976" lon="13.097471"/>
</trkseg>
<trkseg>
<trkpt lat="47.684935" lon="13.089625"/>
<trkpt lat="47.685020" lon="13.089493"/>
<trkpt lat="47.685397" lon="13.089029"/>
<trkpt lat="47.685421" lon="13.088950"/>
<trkpt lat="47.685497" lon="13.088908"/>
<trkpt lat="47.685765" lon="13.088546"/>
<trkpt lat="47.686134" lon="13.088140"/>
</trkseg>
<trkseg>
<trkpt lat="47.682804" lon="13.092182"/>
<trkpt lat="47.682634" lon="13.092573"/>
</trkseg>
<trkseg>
<trkpt lat="47.462228" lon="13.198196"/>
<trkpt lat="47.462321" lon="13.198210"/>
<trkpt lat="47.462376" lon="13.198217"/>
</trkseg>
<trkseg>
<trkpt lat="47.683192" lon="13.092388"/>
<trkpt lat="47.683296" lon="13.092431"/>
<trkpt lat="47.683501" lon="13.092612"/>
</trkseg>
<trkseg>
<trkpt lat="47.638070" lon="13.127188"/>
<trkpt lat="47.638011" lon="13.127314"/>
<trkpt lat="47.637976" lon="13.127424"/>
<trkpt lat="47.637949" lon="13.127482"/>
<trkpt lat="47.637917" lon="13.127531"/>
<trkpt lat="47.637881" lon="13.127562"/>
<trkpt lat="47.637847" lon="13.127582"/>
<trkpt lat="47.637765" lon="13.127621"/>
<trkpt lat="47.637559" lon="13.127677"/>
<trkpt lat="47.637478" lon="13.127701"/>
<trkpt lat="47.637323" lon="13.127776"/>
<trkpt lat="47.637143" lon="13.127877"/>
<trkpt lat="47.636925" lon="13.128009"/>
<trkpt lat="47.636749" lon="13.128107"/>
<trkpt lat="47.636610" lon="13.128189"/>
<trkpt lat="47.636408" lon="13.128309"/>
<trkpt lat="47.636257" lon="13.128377"/>
<trkpt lat="47.636144" lon="13.128412"/>
<trkpt lat="47.636060" lon="13.128432"/>
<trkpt lat="47.635946" lon="13.128469"/>
<trkpt lat="47.635857" lon="13.128511"/>
<trkpt lat="47.635740" lon="13.128576"/>
<trkpt lat="47.635654" lon="13.128613"/>
<trkpt lat="47.635570" lon="13.128637"/>
<trkpt lat="47.635486" lon="13.128654"/>
<trkpt lat="47.635127" lon="13.128689"/>
<trkpt lat="47.635025" lon="13.128717"/>
<trkpt lat="47.634541" lon="13.128851"/>
<trkpt lat="47.634271" lon="13.128956"/>
<trkpt lat="47.634150" lon="13.129034"/>
<trkpt lat="47.634046" lon="13.129122"/>
<trkpt lat="47.633980" lon="13.129196"/>
<trkpt lat="47.633924" lon="13.129275"/>
<trkpt lat="47.633874" lon="13.129373"/>
<trkpt lat="47.633703" lon="13.129723"/>
<trkpt lat="47.633590" lon="13.129940"/>
<trkpt lat="47.633511" lon="13.130030"/>
<trkpt lat="47.633445" lon="13.130083"/>
<trkpt lat="47.633130" lon="13.130201"/>
<trkpt lat="47.631862" lon="13.130677"/>
<trkpt lat="47.631684" lon="13.130743"/>
<trkpt lat="47.631160" lon="13.130940"/>
<trkpt lat="47.631094" lon="13.130969"/>
<trkpt lat="47.631052" lon="13.131023"/>
<trkpt lat="47.631037" lon="13.131071"/>
<trkpt lat="47.631027" lon="13.131147"/>
<trkpt lat="47.631020" lon="13.131307"/>
</trkseg>
<trkseg>
<trkpt lat="47.638087" lon="13.127169"/>
<trkpt lat="47.638070" lon="13.127188"/>
</trkseg>
<trkseg>
<trkpt lat="47.797365" lon="13.054163"/>
<trkpt lat="47.797284" lon="13.054182"/>
</trkseg>
<trkseg>
<trkpt lat="47.797284" lon="13.054182"/>
<trkpt lat="47.797187" lon="13.054398"/>
<trkpt lat="47.797207" lon="13.054504"/>
</trkseg>
<trkseg>
<trkpt lat="47.682370" lon="13.094087"/>
<trkpt lat="47.682385" lon="13.094096"/>
<trkpt lat="47.682448" lon="13.094132"/>
<trkpt lat="47.682488" lon="13.094141"/>
<trkpt lat="47.682552" lon="13.094111"/>
<trkpt lat="47.682600" lon="13.094063"/>
<trkpt lat="47.682651" lon="13.094009"/>
<trkpt lat="47.682687" lon="13.093969"/>
<trkpt lat="47.682752" lon="13.093895"/>
<trkpt lat="47.682836" lon="13.093796"/>
<trkpt lat="47.682883" lon="13.093723"/>
<trkpt lat="47.682914" lon="13.093692"/>
<trkpt lat="47.682946" lon="13.093669"/>
<trkpt lat="47.682966" lon="13.093663"/>
<trkpt lat="47.683041" lon="13.093646"/>
</trkseg>
<trkseg>
<trkpt lat="47.681479" lon="13.095848"/>
<trkpt lat="47.681483" lon="13.095947"/>
<trkpt lat="47.681486" lon="13.096145"/>
</trkseg>
<trkseg>
<trkpt lat="47.418005" lon="13.218762"/>
<trkpt lat="47.418205" lon="13.218776"/>
<trkpt lat="47.418245" lon="13.218777"/>
<trkpt lat="47.418422" lon="13.218778"/>
<trkpt lat="47.418546" lon="13.218779"/>
</trkseg>
<trkseg>
<trkpt lat="47.477246" lon="13.188612"/>
<trkpt lat="47.477226" lon="13.188630"/>
</trkseg>
<trkseg>
<trkpt lat="47.426368" lon="13.221023"/>
<trkpt lat="47.426530" lon="13.221081"/>
<trkpt lat="47.426597" lon="13.221112"/>
<trkpt lat="47.426644" lon="13.221156"/>
</trkseg>
<trkseg>
<trkpt lat="47.431654" lon="13.215340"/>
<trkpt lat="47.431464" lon="13.215451"/>
<trkpt lat="47.431244" lon="13.215570"/>
<trkpt lat="47.431026" lon="13.215715"/>
</trkseg>
<trkseg>
<trkpt lat="47.626071" lon="13.137788"/>
<trkpt lat="47.625821" lon="13.137841"/>
<trkpt lat="47.625614" lon="13.137886"/>
<trkpt lat="47.625435" lon="13.137916"/>
<trkpt lat="47.625190" lon="13.137955"/>
</trkseg>
<trkseg>
<trkpt lat="47.576112" lon="13.194947"/>
<trkpt lat="47.576082" lon="13.194948"/>
<trkpt lat="47.576006" lon="13.194950"/>
</trkseg>
<trkseg>
<trkpt lat="47.576006" lon="13.194950"/>
<trkpt lat="47.575867" lon="13.195002"/>
<trkpt lat="47.575831" lon="13.195013"/>
</trkseg>
<trkseg>
<trkpt lat="47.799190" lon="13.049425"/>
<trkpt lat="47.799075" lon="13.049769"/>
</trkseg>
<trkseg>
<trkpt lat="47.799377" lon="13.048755"/>
<trkpt lat="47.799343" lon="13.048913"/>
<trkpt lat="47.799222" lon="13.049268"/>
<trkpt lat="47.799190" lon="13.049425"/>
</trkseg>
<trkseg>
<trkpt lat="47.795077" lon="13.058713"/>
<trkpt lat="47.794731" lon="13.059324"/>
<trkpt lat="47.794656" lon="13.059512"/>
<trkpt lat="47.794632" lon="13.059590"/>
<trkpt lat="47.794601" lon="13.059679"/>
</trkseg>
<trkseg>
<trkpt lat="47.795269" lon="13.058514"/>
<trkpt lat="47.795154" lon="13.058585"/>
</trkseg>
<trkseg>
<trkpt lat="47.420519" lon="13.218884"/>
<trkpt lat="47.420341" lon="13.218867"/>
<trkpt lat="47.420188" lon="13.218839"/>
<trkpt lat="47.419973" lon="13.218810"/>
</trkseg>
<trkseg>
<trkpt lat="47.583015" lon="13.182485"/>
<trkpt lat="47.582831" lon="13.182507"/>
</trkseg>
<trkseg>
<trkpt lat="47.586645" lon="13.177170"/>
<trkpt lat="47.586660" lon="13.177210"/>
<trkpt lat="47.586688" lon="13.177334"/>
<trkpt lat="47.586690" lon="13.177492"/>
<trkpt lat="47.586650" lon="13.177656"/>
<trkpt lat="47.586586" lon="13.177856"/>
<trkpt lat="47.586565" lon="13.177972"/>
<trkpt lat="47.586565" lon="13.178078"/>
<trkpt lat="47.586578" lon="13.178130"/>
<trkpt lat="47.586626" lon="13.178254"/>
<trkpt lat="47.586797" lon="13.178562"/>
<trkpt lat="47.587012" lon="13.178982"/>
<trkpt lat="47.587074" lon="13.179141"/>
</trkseg>
<trkseg>
<trkpt lat="47.586557" lon="13.176941"/>
<trkpt lat="47.586645" lon="13.177170"/>
</trkseg>
<trkseg>
<trkpt lat="47.461551" lon="13.199341"/>
<trkpt lat="47.461535" lon="13.199387"/>
<trkpt lat="47.461545" lon="13.199446"/>
<trkpt lat="47.461531" lon="13.199479"/>
<trkpt lat="47.461423" lon="13.199540"/>
<trkpt lat="47.461403" lon="13.199583"/>
</trkseg>
<trkseg>
<trkpt lat="47.813129" lon="13.037453"/>
<trkpt lat="47.814088" lon="13.037419"/>
<trkpt lat="47.814159" lon="13.037415"/>
<trkpt lat="47.814229" lon="13.037411"/>
</trkseg>
</trk>
<trk><name>CAAR2 Bischofshofen → Bad Gastein</name>
<trkseg>
<trkpt lat="47.415902" lon="13.218463"/>
<trkpt lat="47.415941" lon="13.218485"/>
<trkpt lat="47.416313" lon="13.218568"/>
<trkpt lat="47.416698" lon="13.218582"/>
<trkpt lat="47.417186" lon="13.218642"/>
<trkpt lat="47.417555" lon="13.218675"/>
<trkpt lat="47.417695" lon="13.218671"/>
<trkpt lat="47.417753" lon="13.218671"/>
<trkpt lat="47.417895" lon="13.218725"/>
</trkseg>
<trkseg>
<trkpt lat="47.130312" lon="13.136336"/>
<trkpt lat="47.130292" lon="13.136299"/>
</trkseg>
<trkseg>
<trkpt lat="47.117776" lon="13.134611"/>
<trkpt lat="47.117699" lon="13.134667"/>
<trkpt lat="47.117591" lon="13.134714"/>
<trkpt lat="47.117168" lon="13.134821"/>
<trkpt lat="47.116978" lon="13.134845"/>
<trkpt lat="47.116764" lon="13.134846"/>
<trkpt lat="47.116632" lon="13.134825"/>
<trkpt lat="47.116481" lon="13.134773"/>
</trkseg>
<trkseg>
<trkpt lat="47.109107" lon="13.133866"/>
<trkpt lat="47.109134" lon="13.133936"/>
<trkpt lat="47.109301" lon="13.134322"/>
</trkseg>
<trkseg>
<trkpt lat="47.169218" lon="13.109545"/>
<trkpt lat="47.169000" lon="13.109855"/>
<trkpt lat="47.168967" lon="13.109897"/>
<trkpt lat="47.168773" lon="13.110146"/>
<trkpt lat="47.168765" lon="13.110156"/>
<trkpt lat="47.168671" lon="13.110277"/>
<trkpt lat="47.168590" lon="13.110352"/>
<trkpt lat="47.168530" lon="13.110406"/>
<trkpt lat="47.168245" lon="13.110620"/>
<trkpt lat="47.167848" lon="13.110792"/>
<trkpt lat="47.167641" lon="13.110866"/>
<trkpt lat="47.167467" lon="13.110918"/>
<trkpt lat="47.167350" lon="13.110950"/>
<trkpt lat="47.167268" lon="13.110964"/>
<trkpt lat="47.167160" lon="13.110983"/>
<trkpt lat="47.167048" lon="13.110989"/>
<trkpt lat="47.166867" lon="13.110998"/>
</trkseg>
<trkseg>
<trkpt lat="47.114490" lon="13.137801"/>
<trkpt lat="47.114643" lon="13.137973"/>
<trkpt lat="47.115004" lon="13.137961"/>
<trkpt lat="47.115173" lon="13.137868"/>
</trkseg>
<trkseg>
<trkpt lat="47.116027" lon="13.136786"/>
<trkpt lat="47.115701" lon="13.137181"/>
<trkpt lat="47.115471" lon="13.137303"/>
<trkpt lat="47.115201" lon="13.137751"/>
<trkpt lat="47.115173" lon="13.137868"/>
</trkseg>
<trkseg>
<trkpt lat="47.116027" lon="13.136786"/>
<trkpt lat="47.116127" lon="13.136671"/>
<trkpt lat="47.116173" lon="13.136641"/>
<trkpt lat="47.116205" lon="13.136635"/>
<trkpt lat="47.116239" lon="13.136648"/>
<trkpt lat="47.116282" lon="13.136686"/>
</trkseg>
<trkseg>
<trkpt lat="47.115173" lon="13.137868"/>
<trkpt lat="47.115459" lon="13.137714"/>
<trkpt lat="47.115623" lon="13.137576"/>
<trkpt lat="47.115738" lon="13.137432"/>
<trkpt lat="47.115863" lon="13.137235"/>
<trkpt lat="47.115991" lon="13.136921"/>
<trkpt lat="47.116015" lon="13.136831"/>
<trkpt lat="47.116027" lon="13.136786"/>
</trkseg>
<trkseg>
<trkpt lat="47.107764" lon="13.134752"/>
<trkpt lat="47.107757" lon="13.134835"/>
<trkpt lat="47.107733" lon="13.134947"/>
<trkpt lat="47.107673" lon="13.135115"/>
</trkseg>
<trkseg>
<trkpt lat="47.117999" lon="13.134015"/>
<trkpt lat="47.117542" lon="13.134412"/>
<trkpt lat="47.117394" lon="13.134485"/>
<trkpt lat="47.117314" lon="13.134495"/>
<trkpt lat="47.117073" lon="13.134481"/>
<trkpt lat="47.116837" lon="13.134457"/>
<trkpt lat="47.116611" lon="13.134397"/>
<trkpt lat="47.116398" lon="13.134298"/>
<trkpt lat="47.115960" lon="13.134019"/>
<trkpt lat="47.115734" lon="13.133847"/>
<trkpt lat="47.115557" lon="13.133691"/>
<trkpt lat="47.115368" lon="13.133336"/>
<trkpt lat="47.115283" lon="13.133249"/>
<trkpt lat="47.115034" lon="13.133114"/>
<trkpt lat="47.114577" lon="13.132874"/>
<trkpt lat="47.114549" lon="13.132870"/>
</trkseg>
<trkseg>
<trkpt lat="47.359420" lon="13.206516"/>
<trkpt lat="47.359785" lon="13.207094"/>
<trkpt lat="47.359921" lon="13.207294"/>
<trkpt lat="47.360099" lon="13.207514"/>
<trkpt lat="47.360342" lon="13.207742"/>
<trkpt lat="47.360507" lon="13.207871"/>
<trkpt lat="47.360680" lon="13.207990"/>
<trkpt lat="47.360886" lon="13.208100"/>
<trkpt lat="47.361100" lon="13.208175"/>
<trkpt lat="47.361259" lon="13.208214"/>
<trkpt lat="47.361419" lon="13.208236"/>
<trkpt lat="47.361732" lon="13.208265"/>
<trkpt lat="47.361764" lon="13.208267"/>
<trkpt lat="47.362046" lon="13.208282"/>
<trkpt lat="47.362379" lon="13.208296"/>
<trkpt lat="47.362651" lon="13.208325"/>
<trkpt lat="47.362846" lon="13.208334"/>
<trkpt lat="47.363009" lon="13.208344"/>
</trkseg>
<trkseg>
<trkpt lat="47.414592" lon="13.220229"/>
<trkpt lat="47.414506" lon="13.220232"/>
<trkpt lat="47.414410" lon="13.220229"/>
<trkpt lat="47.414268" lon="13.220210"/>
<trkpt lat="47.414195" lon="13.220199"/>
<trkpt lat="47.414144" lon="13.220183"/>
<trkpt lat="47.414083" lon="13.220140"/>
</trkseg>
<trkseg>
<trkpt lat="47.413768" lon="13.218746"/>
<trkpt lat="47.413775" lon="13.218694"/>
<trkpt lat="47.413775" lon="13.218686"/>
<trkpt lat="47.413856" lon="13.218069"/>
<trkpt lat="47.413872" lon="13.217950"/>
</trkseg>
<trkseg>
<trkpt lat="47.414597" lon="13.221325"/>
<trkpt lat="47.414604" lon="13.221219"/>
</trkseg>
<trkseg>
<trkpt lat="47.414597" lon="13.221325"/>
<trkpt lat="47.414517" lon="13.221321"/>
<trkpt lat="47.414368" lon="13.221306"/>
<trkpt lat="47.414132" lon="13.221265"/>
<trkpt lat="47.413898" lon="13.221213"/>
<trkpt lat="47.413869" lon="13.221213"/>
<trkpt lat="47.413725" lon="13.221210"/>
<trkpt lat="47.413654" lon="13.221212"/>
<trkpt lat="47.413500" lon="13.221215"/>
<trkpt lat="47.413176" lon="13.221217"/>
<trkpt lat="47.412981" lon="13.221228"/>
<trkpt lat="47.412837" lon="13.221231"/>
<trkpt lat="47.412706" lon="13.221250"/>
<trkpt lat="47.412517" lon="13.221331"/>
<trkpt lat="47.412318" lon="13.221432"/>
<trkpt lat="47.412214" lon="13.221450"/>
<trkpt lat="47.412170" lon="13.221458"/>
<trkpt lat="47.412003" lon="13.221437"/>
<trkpt lat="47.411772" lon="13.221386"/>
<trkpt lat="47.411630" lon="13.221345"/>
<trkpt lat="47.411475" lon="13.221266"/>
<trkpt lat="47.411302" lon="13.221158"/>
<trkpt lat="47.411138" lon="13.221020"/>
<trkpt lat="47.410948" lon="13.220845"/>
<trkpt lat="47.410789" lon="13.220698"/>
<trkpt lat="47.410650" lon="13.220550"/>
<trkpt lat="47.410435" lon="13.220307"/>
<trkpt lat="47.410230" lon="13.220079"/>
<trkpt lat="47.410016" lon="13.219890"/>
<trkpt lat="47.409959" lon="13.219853"/>
<trkpt lat="47.409835" lon="13.219774"/>
<trkpt lat="47.409602" lon="13.219661"/>
</trkseg>
<trkseg>
<trkpt lat="47.243230" lon="13.103282"/>
<trkpt lat="47.243346" lon="13.103140"/>
<trkpt lat="47.243586" lon="13.102970"/>
</trkseg>
<trkseg>
<trkpt lat="47.243264" lon="13.104554"/>
<trkpt lat="47.243261" lon="13.104423"/>
<trkpt lat="47.243229" lon="13.104295"/>
<trkpt lat="47.243179" lon="13.104090"/>
<trkpt lat="47.243170" lon="13.104035"/>
<trkpt lat="47.243160" lon="13.103663"/>
<trkpt lat="47.243206" lon="13.103372"/>
<trkpt lat="47.243230" lon="13.103282"/>
</trkseg>
<trkseg>
<trkpt lat="47.242878" lon="13.105001"/>
<trkpt lat="47.242492" lon="13.105235"/>
<trkpt lat="47.242098" lon="13.105474"/>
</trkseg>
<trkseg>
<trkpt lat="47.242878" lon="13.105001"/>
<trkpt lat="47.242984" lon="13.104955"/>
<trkpt lat="47.243144" lon="13.104854"/>
<trkpt lat="47.243222" lon="13.104734"/>
<trkpt lat="47.243264" lon="13.104554"/>
</trkseg>
<trkseg>
<trkpt lat="47.240833" lon="13.106509"/>
<trkpt lat="47.240813" lon="13.106526"/>
<trkpt lat="47.240759" lon="13.106571"/>
<trkpt lat="47.240705" lon="13.106616"/>
<trkpt lat="47.240478" lon="13.106803"/>
<trkpt lat="47.240268" lon="13.106977"/>
<trkpt lat="47.240179" lon="13.107050"/>
<trkpt lat="47.240012" lon="13.107187"/>
<trkpt lat="47.239651" lon="13.107446"/>
<trkpt lat="47.239266" lon="13.107676"/>
<trkpt lat="47.239114" lon="13.107738"/>
<trkpt lat="47.239083" lon="13.107753"/>
<trkpt lat="47.239065" lon="13.107761"/>
<trkpt lat="47.238889" lon="13.107871"/>
<trkpt lat="47.238812" lon="13.107920"/>
<trkpt lat="47.238675" lon="13.107931"/>
<trkpt lat="47.238440" lon="13.107907"/>
<trkpt lat="47.238126" lon="13.107976"/>
<trkpt lat="47.237841" lon="13.108073"/>
<trkpt lat="47.237640" lon="13.108142"/>
</trkseg>
<trkseg>
<trkpt lat="47.229801" lon="13.108787"/>
<trkpt lat="47.229681" lon="13.108871"/>
<trkpt lat="47.229361" lon="13.109218"/>
<trkpt lat="47.229135" lon="13.109512"/>
<trkpt lat="47.228972" lon="13.109649"/>
<trkpt lat="47.228753" lon="13.109716"/>
<trkpt lat="47.228127" lon="13.109725"/>
<trkpt lat="47.227990" lon="13.109701"/>
<trkpt lat="47.227495" lon="13.109415"/>
<trkpt lat="47.227136" lon="13.109339"/>
<trkpt lat="47.226474" lon="13.109202"/>
<trkpt lat="47.226259" lon="13.109192"/>
<trkpt lat="47.225645" lon="13.109307"/>
<trkpt lat="47.225566" lon="13.109341"/>
<trkpt lat="47.225095" lon="13.109769"/>
<trkpt lat="47.224407" lon="13.110298"/>
<trkpt lat="47.224205" lon="13.110428"/>
<trkpt lat="47.223820" lon="13.110602"/>
<trkpt lat="47.222471" lon="13.110917"/>
<trkpt lat="47.221902" lon="13.110981"/>
<trkpt lat="47.221654" lon="13.110968"/>
<trkpt lat="47.221168" lon="13.110854"/>
<trkpt lat="47.220666" lon="13.110862"/>
<trkpt lat="47.220330" lon="13.110928"/>
<trkpt lat="47.220034" lon="13.110966"/>
<trkpt lat="47.219755" lon="13.110919"/>
</trkseg>
<trkseg>
<trkpt lat="47.243586" lon="13.102970"/>
<trkpt lat="47.243640" lon="13.102967"/>
</trkseg>
<trkseg>
<trkpt lat="47.413768" lon="13.218746"/>
<trkpt lat="47.414497" lon="13.218972"/>
</trkseg>
<trkseg>
<trkpt lat="47.114441" lon="13.135267"/>
<trkpt lat="47.114303" lon="13.136061"/>
<trkpt lat="47.114270" lon="13.136260"/>
</trkseg>
<trkseg>
<trkpt lat="47.119535" lon="13.138867"/>
<trkpt lat="47.119962" lon="13.139041"/>
<trkpt lat="47.120141" lon="13.139006"/>
<trkpt lat="47.120263" lon="13.139008"/>
<trkpt lat="47.120404" lon="13.139104"/>
<trkpt lat="47.120716" lon="13.139411"/>
<trkpt lat="47.121001" lon="13.139628"/>
<trkpt lat="47.121310" lon="13.139873"/>
<trkpt lat="47.121417" lon="13.139967"/>
<trkpt lat="47.121523" lon="13.140110"/>
<trkpt lat="47.121673" lon="13.140512"/>
<trkpt lat="47.121774" lon="13.140704"/>
<trkpt lat="47.121868" lon="13.140807"/>
<trkpt lat="47.122008" lon="13.140882"/>
<trkpt lat="47.122585" lon="13.141098"/>
<trkpt lat="47.122762" lon="13.141168"/>
<trkpt lat="47.123114" lon="13.141297"/>
<trkpt lat="47.123360" lon="13.141330"/>
<trkpt lat="47.123676" lon="13.141396"/>
<trkpt lat="47.123771" lon="13.141426"/>
<trkpt lat="47.123859" lon="13.141478"/>
<trkpt lat="47.124032" lon="13.141617"/>
<trkpt lat="47.124182" lon="13.141704"/>
<trkpt lat="47.124819" lon="13.141955"/>
<trkpt lat="47.124965" lon="13.142019"/>
<trkpt lat="47.125070" lon="13.142116"/>
<trkpt lat="47.125241" lon="13.142439"/>
<trkpt lat="47.125374" lon="13.142747"/>
<trkpt lat="47.125423" lon="13.142816"/>
<trkpt lat="47.125503" lon="13.142835"/>
<trkpt lat="47.125731" lon="13.142810"/>
<trkpt lat="47.126058" lon="13.142801"/>
<trkpt lat="47.126139" lon="13.142741"/>
<trkpt lat="47.126205" lon="13.142666"/>
<trkpt lat="47.126226" lon="13.142641"/>
<trkpt lat="47.126263" lon="13.142510"/>
<trkpt lat="47.126251" lon="13.142328"/>
<trkpt lat="47.126224" lon="13.142107"/>
<trkpt lat="47.126236" lon="13.141956"/>
<trkpt lat="47.126373" lon="13.141609"/>
<trkpt lat="47.126510" lon="13.141355"/>
<trkpt lat="47.126681" lon="13.141309"/>
</trkseg>
<trkseg>
<trkpt lat="47.127103" lon="13.140988"/>
<trkpt lat="47.127224" lon="13.140750"/>
<trkpt lat="47.127387" lon="13.140369"/>
<trkpt lat="47.127595" lon="13.139743"/>
<trkpt lat="47.127670" lon="13.139526"/>
<trkpt lat="47.127799" lon="13.139197"/>
<trkpt lat="47.127927" lon="13.138969"/>
<trkpt lat="47.128076" lon="13.138788"/>
<trkpt lat="47.128368" lon="13.138419"/>
<trkpt lat="47.128516" lon="13.138239"/>
<trkpt lat="47.129110" lon="13.137517"/>
<trkpt lat="47.129197" lon="13.137422"/>
<trkpt lat="47.129547" lon="13.137106"/>
<trkpt lat="47.129878" lon="13.136826"/>
<trkpt lat="47.130312" lon="13.136336"/>
</trkseg>
<trkseg>
<trkpt lat="47.114270" lon="13.136260"/>
<trkpt lat="47.114213" lon="13.136495"/>
</trkseg>
<trkseg>
<trkpt lat="47.114213" lon="13.136495"/>
<trkpt lat="47.114205" lon="13.136532"/>
<trkpt lat="47.114153" lon="13.136739"/>
<trkpt lat="47.114153" lon="13.136766"/>
<trkpt lat="47.114159" lon="13.136812"/>
<trkpt lat="47.114214" lon="13.136961"/>
<trkpt lat="47.114267" lon="13.137244"/>
<trkpt lat="47.114248" lon="13.137453"/>
</trkseg>
<trkseg>
<trkpt lat="47.363009" lon="13.208344"/>
<trkpt lat="47.363436" lon="13.208338"/>
<trkpt lat="47.363857" lon="13.208301"/>
<trkpt lat="47.364237" lon="13.208247"/>
<trkpt lat="47.364449" lon="13.208235"/>
<trkpt lat="47.364628" lon="13.208222"/>
<trkpt lat="47.364973" lon="13.208232"/>
<trkpt lat="47.365164" lon="13.208260"/>
<trkpt lat="47.365361" lon="13.208291"/>
<trkpt lat="47.365697" lon="13.208369"/>
<trkpt lat="47.366009" lon="13.208474"/>
<trkpt lat="47.366324" lon="13.208609"/>
<trkpt lat="47.366645" lon="13.208787"/>
<trkpt lat="47.366917" lon="13.208967"/>
<trkpt lat="47.367173" lon="13.209170"/>
<trkpt lat="47.367423" lon="13.209371"/>
<trkpt lat="47.367675" lon="13.209599"/>
<trkpt lat="47.367779" lon="13.209742"/>
<trkpt lat="47.367890" lon="13.209921"/>
<trkpt lat="47.368044" lon="13.210081"/>
<trkpt lat="47.368142" lon="13.210148"/>
<trkpt lat="47.368267" lon="13.210250"/>
<trkpt lat="47.368386" lon="13.210323"/>
<trkpt lat="47.368394" lon="13.210325"/>
<trkpt lat="47.368545" lon="13.210366"/>
<trkpt lat="47.368642" lon="13.210379"/>
<trkpt lat="47.368807" lon="13.210400"/>
<trkpt lat="47.369033" lon="13.210406"/>
<trkpt lat="47.369148" lon="13.210418"/>
<trkpt lat="47.369280" lon="13.210453"/>
<trkpt lat="47.369365" lon="13.210499"/>
<trkpt lat="47.369455" lon="13.210562"/>
<trkpt lat="47.369512" lon="13.210592"/>
<trkpt lat="47.369560" lon="13.210602"/>
<trkpt lat="47.369608" lon="13.210597"/>
<trkpt lat="47.369653" lon="13.210572"/>
<trkpt lat="47.369718" lon="13.210531"/>
<trkpt lat="47.369753" lon="13.210506"/>
<trkpt lat="47.369799" lon="13.210489"/>
<trkpt lat="47.369830" lon="13.210485"/>
<trkpt lat="47.369879" lon="13.210479"/>
<trkpt lat="47.369989" lon="13.210474"/>
<trkpt lat="47.370189" lon="13.210467"/>
<trkpt lat="47.370382" lon="13.210441"/>
<trkpt lat="47.370574" lon="13.210400"/>
<trkpt lat="47.370902" lon="13.210305"/>
<trkpt lat="47.371238" lon="13.210219"/>
<trkpt lat="47.371446" lon="13.210190"/>
<trkpt lat="47.371672" lon="13.210172"/>
<trkpt lat="47.371902" lon="13.210166"/>
<trkpt lat="47.372034" lon="13.210175"/>
<trkpt lat="47.372152" lon="13.210186"/>
<trkpt lat="47.372439" lon="13.210235"/>
<trkpt lat="47.372736" lon="13.210314"/>
<trkpt lat="47.373013" lon="13.210415"/>
<trkpt lat="47.373265" lon="13.210482"/>
<trkpt lat="47.373417" lon="13.210498"/>
<trkpt lat="47.373557" lon="13.210503"/>
<trkpt lat="47.373698" lon="13.210492"/>
<trkpt lat="47.373913" lon="13.210480"/>
<trkpt lat="47.374086" lon="13.210504"/>
</trkseg>
<trkseg>
<trkpt lat="47.108930" lon="13.136111"/>
<trkpt lat="47.109521" lon="13.136158"/>
</trkseg>
<trkseg>
<trkpt lat="47.107673" lon="13.135115"/>
<trkpt lat="47.107697" lon="13.135201"/>
<trkpt lat="47.107756" lon="13.135281"/>
</trkseg>
<trkseg>
<trkpt lat="47.318847" lon="13.149590"/>
<trkpt lat="47.318282" lon="13.149856"/>
</trkseg>
<trkseg>
<trkpt lat="47.319244" lon="13.150539"/>
<trkpt lat="47.319198" lon="13.150431"/>
<trkpt lat="47.319136" lon="13.150295"/>
<trkpt lat="47.319092" lon="13.150011"/>
<trkpt lat="47.319048" lon="13.149789"/>
<trkpt lat="47.319011" lon="13.149696"/>
<trkpt lat="47.318940" lon="13.149618"/>
<trkpt lat="47.318847" lon="13.149590"/>
</trkseg>
<trkseg>
<trkpt lat="47.255559" lon="13.094464"/>
<trkpt lat="47.255625" lon="13.094390"/>
<trkpt lat="47.255848" lon="13.094187"/>
<trkpt lat="47.256037" lon="13.094007"/>
<trkpt lat="47.256287" lon="13.093780"/>
<trkpt lat="47.256569" lon="13.093476"/>
</trkseg>
<trkseg>
<trkpt lat="47.293432" lon="13.056974"/>
<trkpt lat="47.293456" lon="13.057009"/>
<trkpt lat="47.293562" lon="13.057050"/>
<trkpt lat="47.293706" lon="13.057133"/>
</trkseg>
<trkseg>
<trkpt lat="47.199666" lon="13.105672"/>
<trkpt lat="47.199952" lon="13.105638"/>
<trkpt lat="47.200282" lon="13.105655"/>
<trkpt lat="47.200708" lon="13.105731"/>
<trkpt lat="47.201120" lon="13.105828"/>
<trkpt lat="47.202809" lon="13.106173"/>
</trkseg>
<trkseg>
<trkpt lat="47.245680" lon="13.101658"/>
<trkpt lat="47.245902" lon="13.101513"/>
<trkpt lat="47.246126" lon="13.101394"/>
<trkpt lat="47.246353" lon="13.101265"/>
<trkpt lat="47.246576" lon="13.101163"/>
<trkpt lat="47.246674" lon="13.101121"/>
<trkpt lat="47.246965" lon="13.100991"/>
<trkpt lat="47.247149" lon="13.100907"/>
<trkpt lat="47.247357" lon="13.100813"/>
<trkpt lat="47.248114" lon="13.100509"/>
<trkpt lat="47.248513" lon="13.100356"/>
<trkpt lat="47.248792" lon="13.100252"/>
<trkpt lat="47.248867" lon="13.100216"/>
<trkpt lat="47.249423" lon="13.100010"/>
<trkpt lat="47.249489" lon="13.099984"/>
<trkpt lat="47.249795" lon="13.099866"/>
<trkpt lat="47.250011" lon="13.099785"/>
<trkpt lat="47.250191" lon="13.099709"/>
<trkpt lat="47.250475" lon="13.099563"/>
<trkpt lat="47.250635" lon="13.099497"/>
<trkpt lat="47.250764" lon="13.099452"/>
</trkseg>
<trkseg>
<trkpt lat="47.130195" lon="13.136122"/>
<trkpt lat="47.130187" lon="13.136106"/>
<trkpt lat="47.130147" lon="13.135991"/>
<trkpt lat="47.130146" lon="13.135873"/>
<trkpt lat="47.130145" lon="13.135806"/>
<trkpt lat="47.130155" lon="13.135526"/>
<trkpt lat="47.130193" lon="13.135112"/>
<trkpt lat="47.130222" lon="13.135012"/>
<trkpt lat="47.130266" lon="13.134900"/>
<trkpt lat="47.130276" lon="13.134879"/>
<trkpt lat="47.130379" lon="13.134759"/>
<trkpt lat="47.130440" lon="13.134689"/>
<trkpt lat="47.130555" lon="13.134568"/>
<trkpt lat="47.130681" lon="13.134402"/>
<trkpt lat="47.130717" lon="13.134355"/>
<trkpt lat="47.130786" lon="13.134262"/>
<trkpt lat="47.130930" lon="13.134066"/>
</trkseg>
<trkseg>
<trkpt lat="47.130292" lon="13.136299"/>
<trkpt lat="47.130195" lon="13.136122"/>
</trkseg>
<trkseg>
<trkpt lat="47.320185" lon="13.153315"/>
<trkpt lat="47.320130" lon="13.153333"/>
<trkpt lat="47.320089" lon="13.153345"/>
<trkpt lat="47.319949" lon="13.153358"/>
<trkpt lat="47.319891" lon="13.153408"/>
</trkseg>
<trkseg>
<trkpt lat="47.319962" lon="13.157289"/>
<trkpt lat="47.319978" lon="13.156769"/>
<trkpt lat="47.319973" lon="13.156434"/>
<trkpt lat="47.319961" lon="13.155790"/>
<trkpt lat="47.319945" lon="13.155344"/>
<trkpt lat="47.319933" lon="13.154924"/>
<trkpt lat="47.319919" lon="13.154540"/>
<trkpt lat="47.319911" lon="13.154218"/>
<trkpt lat="47.319891" lon="13.153408"/>
</trkseg>
<trkseg>
<trkpt lat="47.333424" lon="13.191078"/>
<trkpt lat="47.334036" lon="13.190706"/>
</trkseg>
<trkseg>
<trkpt lat="47.297336" lon="13.080807"/>
<trkpt lat="47.297293" lon="13.080827"/>
<trkpt lat="47.297181" lon="13.080846"/>
<trkpt lat="47.297118" lon="13.080887"/>
<trkpt lat="47.297085" lon="13.080974"/>
<trkpt lat="47.297022" lon="13.081221"/>
<trkpt lat="47.296982" lon="13.081495"/>
<trkpt lat="47.296952" lon="13.081847"/>
<trkpt lat="47.296924" lon="13.082366"/>
<trkpt lat="47.296918" lon="13.082553"/>
<trkpt lat="47.296988" lon="13.082847"/>
<trkpt lat="47.297036" lon="13.083030"/>
<trkpt lat="47.297044" lon="13.083445"/>
<trkpt lat="47.297046" lon="13.083991"/>
<trkpt lat="47.297081" lon="13.084570"/>
<trkpt lat="47.297082" lon="13.084848"/>
<trkpt lat="47.297010" lon="13.085056"/>
</trkseg>
<trkseg>
<trkpt lat="47.297010" lon="13.085056"/>
<trkpt lat="47.296907" lon="13.085258"/>
</trkseg>
<trkseg>
<trkpt lat="47.323741" lon="13.164729"/>
<trkpt lat="47.323882" lon="13.164137"/>
<trkpt lat="47.323898" lon="13.163908"/>
<trkpt lat="47.323902" lon="13.163751"/>
<trkpt lat="47.323855" lon="13.163246"/>
<trkpt lat="47.323801" lon="13.162928"/>
<trkpt lat="47.323738" lon="13.162692"/>
<trkpt lat="47.323599" lon="13.162442"/>
<trkpt lat="47.323383" lon="13.162230"/>
<trkpt lat="47.323271" lon="13.162152"/>
<trkpt lat="47.323105" lon="13.162116"/>
<trkpt lat="47.322831" lon="13.162126"/>
<trkpt lat="47.322687" lon="13.162125"/>
<trkpt lat="47.322578" lon="13.162089"/>
<trkpt lat="47.322496" lon="13.162060"/>
<trkpt lat="47.322403" lon="13.162010"/>
<trkpt lat="47.322270" lon="13.161966"/>
<trkpt lat="47.322163" lon="13.161946"/>
<trkpt lat="47.322032" lon="13.161964"/>
</trkseg>
<trkseg>
<trkpt lat="47.319431" lon="13.151851"/>
<trkpt lat="47.319362" lon="13.151865"/>
</trkseg>
<trkseg>
<trkpt lat="47.151236" lon="13.114587"/>
<trkpt lat="47.151162" lon="13.114616"/>
<trkpt lat="47.151027" lon="13.114739"/>
<trkpt lat="47.150878" lon="13.114830"/>
<trkpt lat="47.150447" lon="13.115073"/>
<trkpt lat="47.150015" lon="13.115385"/>
<trkpt lat="47.149410" lon="13.115979"/>
<trkpt lat="47.147475" lon="13.117951"/>
<trkpt lat="47.146133" lon="13.119307"/>
<trkpt lat="47.144784" lon="13.120708"/>
<trkpt lat="47.143949" lon="13.121525"/>
<trkpt lat="47.143208" lon="13.122313"/>
<trkpt lat="47.143126" lon="13.122407"/>
</trkseg>
<trkseg>
<trkpt lat="47.143072" lon="13.122454"/>
<trkpt lat="47.142878" lon="13.122629"/>
<trkpt lat="47.142554" lon="13.122996"/>
<trkpt lat="47.142142" lon="13.123420"/>
<trkpt lat="47.141779" lon="13.123776"/>
<trkpt lat="47.141526" lon="13.124017"/>
<trkpt lat="47.141267" lon="13.124243"/>
<trkpt lat="47.141198" lon="13.124302"/>
<trkpt lat="47.141132" lon="13.124333"/>
</trkseg>
<trkseg>
<trkpt lat="47.143126" lon="13.122407"/>
<trkpt lat="47.143104" lon="13.122433"/>
</trkseg>
<trkseg>
<trkpt lat="47.143104" lon="13.122433"/>
<trkpt lat="47.143072" lon="13.122454"/>
</trkseg>
<trkseg>
<trkpt lat="47.170911" lon="13.106998"/>
<trkpt lat="47.171071" lon="13.106782"/>
<trkpt lat="47.171146" lon="13.106641"/>
<trkpt lat="47.171190" lon="13.106573"/>
<trkpt lat="47.171327" lon="13.106427"/>
</trkseg>
<trkseg>
<trkpt lat="47.171772" lon="13.105442"/>
<trkpt lat="47.171826" lon="13.105334"/>
</trkseg>
<trkseg>
<trkpt lat="47.141132" lon="13.124333"/>
<trkpt lat="47.141004" lon="13.124442"/>
</trkseg>
<trkseg>
<trkpt lat="47.141004" lon="13.124442"/>
<trkpt lat="47.140952" lon="13.124517"/>
<trkpt lat="47.140569" lon="13.124844"/>
<trkpt lat="47.139674" lon="13.125572"/>
<trkpt lat="47.139432" lon="13.125836"/>
<trkpt lat="47.139220" lon="13.126140"/>
<trkpt lat="47.139070" lon="13.126437"/>
<trkpt lat="47.138880" lon="13.126899"/>
<trkpt lat="47.138681" lon="13.127511"/>
<trkpt lat="47.138569" lon="13.127856"/>
<trkpt lat="47.138437" lon="13.128265"/>
<trkpt lat="47.138262" lon="13.128743"/>
<trkpt lat="47.138120" lon="13.128991"/>
<trkpt lat="47.137978" lon="13.129220"/>
<trkpt lat="47.137677" lon="13.129566"/>
<trkpt lat="47.137505" lon="13.129751"/>
<trkpt lat="47.137350" lon="13.129906"/>
<trkpt lat="47.137104" lon="13.130136"/>
<trkpt lat="47.136980" lon="13.130178"/>
<trkpt lat="47.136897" lon="13.130277"/>
<trkpt lat="47.136850" lon="13.130379"/>
<trkpt lat="47.136789" lon="13.130450"/>
<trkpt lat="47.136179" lon="13.130913"/>
<trkpt lat="47.135588" lon="13.131385"/>
<trkpt lat="47.134647" lon="13.132285"/>
<trkpt lat="47.134341" lon="13.132539"/>
<trkpt lat="47.134044" lon="13.132722"/>
<trkpt lat="47.133863" lon="13.132825"/>
<trkpt lat="47.133651" lon="13.132938"/>
<trkpt lat="47.132703" lon="13.133434"/>
<trkpt lat="47.132025" lon="13.133926"/>
<trkpt lat="47.131709" lon="13.134183"/>
<trkpt lat="47.131321" lon="13.134594"/>
<trkpt lat="47.131268" lon="13.134609"/>
<trkpt lat="47.131123" lon="13.134397"/>
<trkpt lat="47.130961" lon="13.134119"/>
<trkpt lat="47.130930" lon="13.134066"/>
</trkseg>
<trkseg>
<trkpt lat="47.157705" lon="13.107605"/>
<trkpt lat="47.157600" lon="13.107684"/>
<trkpt lat="47.157568" lon="13.107713"/>
<trkpt lat="47.157526" lon="13.107748"/>
<trkpt lat="47.157390" lon="13.107862"/>
</trkseg>
<trkseg>
<trkpt lat="47.166867" lon="13.110998"/>
<trkpt lat="47.166604" lon="13.110985"/>
<trkpt lat="47.166432" lon="13.110959"/>
<trkpt lat="47.166132" lon="13.110914"/>
<trkpt lat="47.165828" lon="13.110829"/>
<trkpt lat="47.165796" lon="13.110820"/>
<trkpt lat="47.165570" lon="13.110732"/>
<trkpt lat="47.165421" lon="13.110672"/>
</trkseg>
<trkseg>
<trkpt lat="47.165340" lon="13.110631"/>
<trkpt lat="47.165421" lon="13.110672"/>
</trkseg>
<trkseg>
<trkpt lat="47.151515" lon="13.113284"/>
<trkpt lat="47.151573" lon="13.113262"/>
<trkpt lat="47.151624" lon="13.113088"/>
<trkpt lat="47.151666" lon="13.112979"/>
<trkpt lat="47.152137" lon="13.112727"/>
<trkpt lat="47.152434" lon="13.112610"/>
</trkseg>
<trkseg>
<trkpt lat="47.157390" lon="13.107862"/>
<trkpt lat="47.156719" lon="13.108657"/>
<trkpt lat="47.156001" lon="13.109589"/>
<trkpt lat="47.155529" lon="13.110154"/>
<trkpt lat="47.155363" lon="13.110352"/>
<trkpt lat="47.154708" lon="13.111051"/>
<trkpt lat="47.154351" lon="13.111392"/>
<trkpt lat="47.153813" lon="13.111790"/>
<trkpt lat="47.153371" lon="13.112091"/>
<trkpt lat="47.153033" lon="13.112306"/>
<trkpt lat="47.152538" lon="13.112569"/>
</trkseg>
<trkseg>
<trkpt lat="47.152434" lon="13.112610"/>
<trkpt lat="47.152538" lon="13.112569"/>
</trkseg>
<trkseg>
<trkpt lat="47.126822" lon="13.141262"/>
<trkpt lat="47.126900" lon="13.141235"/>
<trkpt lat="47.126963" lon="13.141177"/>
<trkpt lat="47.127103" lon="13.140988"/>
</trkseg>
<trkseg>
<trkpt lat="47.126681" lon="13.141309"/>
<trkpt lat="47.126822" lon="13.141262"/>
</trkseg>
<trkseg>
<trkpt lat="47.320172" lon="13.153242"/>
<trkpt lat="47.320147" lon="13.153080"/>
</trkseg>
<trkseg>
<trkpt lat="47.320185" lon="13.153315"/>
<trkpt lat="47.320179" lon="13.153285"/>
<trkpt lat="47.320172" lon="13.153242"/>
</trkseg>
<trkseg>
<trkpt lat="47.321027" lon="13.161571"/>
<trkpt lat="47.320816" lon="13.161450"/>
<trkpt lat="47.320647" lon="13.161345"/>
<trkpt lat="47.320406" lon="13.161164"/>
<trkpt lat="47.320208" lon="13.160939"/>
<trkpt lat="47.320113" lon="13.160767"/>
<trkpt lat="47.320035" lon="13.160561"/>
<trkpt lat="47.319884" lon="13.159902"/>
<trkpt lat="47.319842" lon="13.159624"/>
<trkpt lat="47.319820" lon="13.159483"/>
<trkpt lat="47.319825" lon="13.159171"/>
<trkpt lat="47.319870" lon="13.158821"/>
<trkpt lat="47.319874" lon="13.158768"/>
</trkseg>
<trkseg>
<trkpt lat="47.319874" lon="13.158768"/>
<trkpt lat="47.319863" lon="13.158500"/>
<trkpt lat="47.319962" lon="13.157289"/>
</trkseg>
<trkseg>
<trkpt lat="47.351582" lon="13.199302"/>
<trkpt lat="47.351639" lon="13.199353"/>
<trkpt lat="47.351875" lon="13.199706"/>
<trkpt lat="47.352213" lon="13.200168"/>
<trkpt lat="47.352540" lon="13.200596"/>
<trkpt lat="47.352890" lon="13.200958"/>
<trkpt lat="47.353063" lon="13.201124"/>
<trkpt lat="47.353242" lon="13.201275"/>
<trkpt lat="47.353358" lon="13.201375"/>
<trkpt lat="47.353567" lon="13.201554"/>
<trkpt lat="47.353817" lon="13.201750"/>
<trkpt lat="47.354103" lon="13.201924"/>
<trkpt lat="47.354406" lon="13.202099"/>
<trkpt lat="47.354615" lon="13.202200"/>
<trkpt lat="47.354828" lon="13.202298"/>
<trkpt lat="47.355015" lon="13.202378"/>
<trkpt lat="47.355204" lon="13.202427"/>
<trkpt lat="47.355592" lon="13.202557"/>
</trkseg>
<trkseg>
<trkpt lat="47.289931" lon="13.060040"/>
<trkpt lat="47.290090" lon="13.059947"/>
<trkpt lat="47.290230" lon="13.059853"/>
<trkpt lat="47.290377" lon="13.059734"/>
<trkpt lat="47.290479" lon="13.059645"/>
<trkpt lat="47.290576" lon="13.059553"/>
<trkpt lat="47.290669" lon="13.059452"/>
<trkpt lat="47.290771" lon="13.059331"/>
<trkpt lat="47.290852" lon="13.059231"/>
<trkpt lat="47.290919" lon="13.059138"/>
<trkpt lat="47.290980" lon="13.059045"/>
<trkpt lat="47.291055" lon="13.058927"/>
<trkpt lat="47.291567" lon="13.058057"/>
</trkseg>
<trkseg>
<trkpt lat="47.291796" lon="13.057716"/>
<trkpt lat="47.292090" lon="13.057460"/>
<trkpt lat="47.292352" lon="13.057273"/>
<trkpt lat="47.292579" lon="13.057146"/>
<trkpt lat="47.292813" lon="13.057043"/>
<trkpt lat="47.293042" lon="13.056969"/>
<trkpt lat="47.293285" lon="13.056918"/>
</trkseg>
<trkseg>
<trkpt lat="47.293706" lon="13.057133"/>
<trkpt lat="47.293754" lon="13.057130"/>
<trkpt lat="47.293805" lon="13.057161"/>
</trkseg>
<trkseg>
<trkpt lat="47.294337" lon="13.059554"/>
<trkpt lat="47.294353" lon="13.059746"/>
<trkpt lat="47.294411" lon="13.060163"/>
<trkpt lat="47.294512" lon="13.060702"/>
<trkpt lat="47.294670" lon="13.061370"/>
<trkpt lat="47.294793" lon="13.061895"/>
<trkpt lat="47.294837" lon="13.062222"/>
<trkpt lat="47.294852" lon="13.062423"/>
</trkseg>
<trkseg>
<trkpt lat="47.304083" lon="13.121761"/>
<trkpt lat="47.304136" lon="13.122122"/>
<trkpt lat="47.304144" lon="13.122319"/>
<trkpt lat="47.304119" lon="13.122605"/>
<trkpt lat="47.304138" lon="13.123000"/>
<trkpt lat="47.304179" lon="13.123269"/>
<trkpt lat="47.304255" lon="13.123554"/>
<trkpt lat="47.304346" lon="13.123823"/>
<trkpt lat="47.304440" lon="13.124006"/>
<trkpt lat="47.304570" lon="13.124202"/>
<trkpt lat="47.304826" lon="13.124628"/>
<trkpt lat="47.304930" lon="13.124842"/>
<trkpt lat="47.304995" lon="13.125058"/>
<trkpt lat="47.305019" lon="13.125250"/>
<trkpt lat="47.305025" lon="13.125478"/>
<trkpt lat="47.305062" lon="13.125666"/>
<trkpt lat="47.305139" lon="13.125864"/>
<trkpt lat="47.305233" lon="13.125985"/>
<trkpt lat="47.305319" lon="13.126126"/>
<trkpt lat="47.305589" lon="13.126284"/>
<trkpt lat="47.305760" lon="13.126495"/>
</trkseg>
<trkseg>
<trkpt lat="47.392663" lon="13.219137"/>
<trkpt lat="47.392749" lon="13.219195"/>
</trkseg>
<trkseg>
<trkpt lat="47.334055" lon="13.190693"/>
<trkpt lat="47.334000" lon="13.190525"/>
<trkpt lat="47.333966" lon="13.190411"/>
<trkpt lat="47.333917" lon="13.190274"/>
<trkpt lat="47.333864" lon="13.190135"/>
<trkpt lat="47.333780" lon="13.189991"/>
<trkpt lat="47.333710" lon="13.189881"/>
<trkpt lat="47.333625" lon="13.189774"/>
<trkpt lat="47.333504" lon="13.189671"/>
<trkpt lat="47.333375" lon="13.189576"/>
<trkpt lat="47.333253" lon="13.189476"/>
<trkpt lat="47.333105" lon="13.189354"/>
<trkpt lat="47.332943" lon="13.189228"/>
<trkpt lat="47.332834" lon="13.189155"/>
<trkpt lat="47.332701" lon="13.189075"/>
<trkpt lat="47.332584" lon="13.189018"/>
<trkpt lat="47.332428" lon="13.188981"/>
<trkpt lat="47.332270" lon="13.188946"/>
<trkpt lat="47.332057" lon="13.188923"/>
<trkpt lat="47.331931" lon="13.188914"/>
<trkpt lat="47.331777" lon="13.188905"/>
<trkpt lat="47.331631" lon="13.188909"/>
<trkpt lat="47.331551" lon="13.188897"/>
<trkpt lat="47.331480" lon="13.188886"/>
<trkpt lat="47.331418" lon="13.188877"/>
<trkpt lat="47.331284" lon="13.188842"/>
<trkpt lat="47.331145" lon="13.188819"/>
<trkpt lat="47.331019" lon="13.188788"/>
<trkpt lat="47.330908" lon="13.188778"/>
<trkpt lat="47.330699" lon="13.188772"/>
<trkpt lat="47.330566" lon="13.188768"/>
<trkpt lat="47.330514" lon="13.188761"/>
<trkpt lat="47.330433" lon="13.188750"/>
<trkpt lat="47.330323" lon="13.188718"/>
<trkpt lat="47.330240" lon="13.188693"/>
<trkpt lat="47.330155" lon="13.188687"/>
<trkpt lat="47.330042" lon="13.188658"/>
<trkpt lat="47.329889" lon="13.188603"/>
<trkpt lat="47.329754" lon="13.188541"/>
<trkpt lat="47.329618" lon="13.188460"/>
<trkpt lat="47.329455" lon="13.188354"/>
<trkpt lat="47.329350" lon="13.188269"/>
<trkpt lat="47.329199" lon="13.188195"/>
<trkpt lat="47.329052" lon="13.188131"/>
<trkpt lat="47.328935" lon="13.188046"/>
<trkpt lat="47.328763" lon="13.187936"/>
<trkpt lat="47.328641" lon="13.187783"/>
<trkpt lat="47.328537" lon="13.187594"/>
<trkpt lat="47.328475" lon="13.187406"/>
<trkpt lat="47.328447" lon="13.187113"/>
<trkpt lat="47.328470" lon="13.186815"/>
<trkpt lat="47.328486" lon="13.186533"/>
<trkpt lat="47.328506" lon="13.186308"/>
<trkpt lat="47.328550" lon="13.186084"/>
<trkpt lat="47.328624" lon="13.185800"/>
<trkpt lat="47.328675" lon="13.185510"/>
<trkpt lat="47.328717" lon="13.185307"/>
<trkpt lat="47.328739" lon="13.185069"/>
<trkpt lat="47.328718" lon="13.184869"/>
<trkpt lat="47.328653" lon="13.184605"/>
<trkpt lat="47.328566" lon="13.184272"/>
<trkpt lat="47.328453" lon="13.183954"/>
<trkpt lat="47.328369" lon="13.183718"/>
<trkpt lat="47.328297" lon="13.183389"/>
<trkpt lat="47.328239" lon="13.182987"/>
<trkpt lat="47.328208" lon="13.182715"/>
<trkpt lat="47.328153" lon="13.182465"/>
<trkpt lat="47.328091" lon="13.182212"/>
<trkpt lat="47.327995" lon="13.181980"/>
<trkpt lat="47.327851" lon="13.181832"/>
<trkpt lat="47.327712" lon="13.181746"/>
<trkpt lat="47.327544" lon="13.181673"/>
<trkpt lat="47.327338" lon="13.181656"/>
<trkpt lat="47.327088" lon="13.181681"/>
<trkpt lat="47.326878" lon="13.181752"/>
<trkpt lat="47.326681" lon="13.181814"/>
<trkpt lat="47.326459" lon="13.181884"/>
<trkpt lat="47.326237" lon="13.181946"/>
<trkpt lat="47.326068" lon="13.181996"/>
<trkpt lat="47.325811" lon="13.182051"/>
<trkpt lat="47.325625" lon="13.182110"/>
<trkpt lat="47.325403" lon="13.182175"/>
<trkpt lat="47.325250" lon="13.182203"/>
<trkpt lat="47.325061" lon="13.182230"/>
<trkpt lat="47.324850" lon="13.182222"/>
<trkpt lat="47.324671" lon="13.182194"/>
<trkpt lat="47.324104" lon="13.182122"/>
<trkpt lat="47.323971" lon="13.182105"/>
</trkseg>
<trkseg>
<trkpt lat="47.322142" lon="13.174207"/>
<trkpt lat="47.322204" lon="13.173946"/>
<trkpt lat="47.322207" lon="13.173719"/>
<trkpt lat="47.322196" lon="13.173039"/>
<trkpt lat="47.322187" lon="13.172531"/>
<trkpt lat="47.322176" lon="13.171986"/>
<trkpt lat="47.322179" lon="13.171552"/>
<trkpt lat="47.322221" lon="13.171170"/>
<trkpt lat="47.322237" lon="13.170792"/>
<trkpt lat="47.322221" lon="13.170360"/>
<trkpt lat="47.322225" lon="13.170008"/>
<trkpt lat="47.322235" lon="13.169745"/>
<trkpt lat="47.322236" lon="13.169718"/>
<trkpt lat="47.322321" lon="13.169522"/>
<trkpt lat="47.322453" lon="13.169281"/>
<trkpt lat="47.322516" lon="13.169151"/>
<trkpt lat="47.322547" lon="13.169002"/>
<trkpt lat="47.322578" lon="13.168738"/>
<trkpt lat="47.322834" lon="13.168060"/>
<trkpt lat="47.323000" lon="13.167500"/>
<trkpt lat="47.323114" lon="13.166955"/>
<trkpt lat="47.323177" lon="13.166658"/>
<trkpt lat="47.323284" lon="13.166128"/>
</trkseg>
<trkseg>
<trkpt lat="47.337909" lon="13.198876"/>
<trkpt lat="47.337761" lon="13.198835"/>
<trkpt lat="47.337477" lon="13.198787"/>
<trkpt lat="47.337306" lon="13.198764"/>
<trkpt lat="47.337099" lon="13.198740"/>
<trkpt lat="47.336895" lon="13.198694"/>
<trkpt lat="47.336709" lon="13.198613"/>
<trkpt lat="47.336536" lon="13.198480"/>
<trkpt lat="47.336252" lon="13.198207"/>
<trkpt lat="47.335981" lon="13.197947"/>
<trkpt lat="47.335769" lon="13.197744"/>
<trkpt lat="47.335558" lon="13.197524"/>
<trkpt lat="47.335329" lon="13.197249"/>
<trkpt lat="47.335258" lon="13.197156"/>
<trkpt lat="47.335147" lon="13.197012"/>
<trkpt lat="47.335025" lon="13.196855"/>
<trkpt lat="47.334895" lon="13.196676"/>
<trkpt lat="47.334801" lon="13.196485"/>
<trkpt lat="47.334719" lon="13.196331"/>
<trkpt lat="47.334601" lon="13.196196"/>
<trkpt lat="47.334454" lon="13.195982"/>
<trkpt lat="47.334342" lon="13.195808"/>
<trkpt lat="47.334241" lon="13.195527"/>
<trkpt lat="47.334136" lon="13.195261"/>
<trkpt lat="47.334036" lon="13.194950"/>
<trkpt lat="47.333924" lon="13.194590"/>
<trkpt lat="47.333824" lon="13.194260"/>
<trkpt lat="47.333760" lon="13.193947"/>
<trkpt lat="47.333730" lon="13.193799"/>
<trkpt lat="47.333719" lon="13.193377"/>
<trkpt lat="47.333741" lon="13.193064"/>
<trkpt lat="47.333715" lon="13.192778"/>
<trkpt lat="47.333648" lon="13.192295"/>
<trkpt lat="47.333585" lon="13.191955"/>
<trkpt lat="47.333531" lon="13.191591"/>
<trkpt lat="47.333487" lon="13.191443"/>
<trkpt lat="47.333395" lon="13.191193"/>
<trkpt lat="47.333387" lon="13.191120"/>
<trkpt lat="47.333424" lon="13.191078"/>
</trkseg>
<trkseg>
<trkpt lat="47.338486" lon="13.198340"/>
<trkpt lat="47.338411" lon="13.198372"/>
<trkpt lat="47.338195" lon="13.198423"/>
<trkpt lat="47.338088" lon="13.198508"/>
<trkpt lat="47.338027" lon="13.198585"/>
</trkseg>
<trkseg>
<trkpt lat="47.322053" lon="13.174890"/>
<trkpt lat="47.322066" lon="13.174729"/>
<trkpt lat="47.322066" lon="13.174625"/>
<trkpt lat="47.322080" lon="13.174523"/>
<trkpt lat="47.322098" lon="13.174370"/>
<trkpt lat="47.322109" lon="13.174286"/>
<trkpt lat="47.322142" lon="13.174207"/>
</trkseg>
<trkseg>
<trkpt lat="47.338486" lon="13.198340"/>
<trkpt lat="47.338615" lon="13.198292"/>
<trkpt lat="47.338639" lon="13.198276"/>
<trkpt lat="47.338789" lon="13.198173"/>
<trkpt lat="47.338938" lon="13.198013"/>
<trkpt lat="47.339028" lon="13.197898"/>
<trkpt lat="47.339105" lon="13.197740"/>
<trkpt lat="47.339134" lon="13.197651"/>
<trkpt lat="47.339149" lon="13.197560"/>
<trkpt lat="47.339156" lon="13.197472"/>
<trkpt lat="47.339147" lon="13.197400"/>
<trkpt lat="47.339135" lon="13.197299"/>
</trkseg>
<trkseg>
<trkpt lat="47.321385" lon="13.177024"/>
<trkpt lat="47.321424" lon="13.176801"/>
<trkpt lat="47.321502" lon="13.176431"/>
<trkpt lat="47.321576" lon="13.176038"/>
<trkpt lat="47.321624" lon="13.175630"/>
<trkpt lat="47.321667" lon="13.175424"/>
<trkpt lat="47.321727" lon="13.175336"/>
</trkseg>
<trkseg>
<trkpt lat="47.321727" lon="13.175336"/>
<trkpt lat="47.321844" lon="13.175310"/>
<trkpt lat="47.321903" lon="13.175274"/>
<trkpt lat="47.321956" lon="13.175154"/>
<trkpt lat="47.322011" lon="13.174997"/>
<trkpt lat="47.322053" lon="13.174890"/>
</trkseg>
<trkseg>
<trkpt lat="47.347258" lon="13.196121"/>
<trkpt lat="47.347236" lon="13.196003"/>
<trkpt lat="47.347153" lon="13.195891"/>
<trkpt lat="47.347004" lon="13.195820"/>
<trkpt lat="47.346853" lon="13.195771"/>
<trkpt lat="47.346732" lon="13.195735"/>
<trkpt lat="47.346607" lon="13.195701"/>
<trkpt lat="47.346463" lon="13.195671"/>
<trkpt lat="47.346351" lon="13.195661"/>
<trkpt lat="47.346136" lon="13.195652"/>
<trkpt lat="47.345986" lon="13.195671"/>
<trkpt lat="47.345809" lon="13.195717"/>
<trkpt lat="47.345671" lon="13.195761"/>
<trkpt lat="47.345505" lon="13.195821"/>
<trkpt lat="47.345389" lon="13.195879"/>
<trkpt lat="47.345322" lon="13.195946"/>
<trkpt lat="47.345292" lon="13.195996"/>
<trkpt lat="47.345272" lon="13.196027"/>
<trkpt lat="47.345219" lon="13.196086"/>
<trkpt lat="47.345171" lon="13.196099"/>
</trkseg>
<trkseg>
<trkpt lat="47.339135" lon="13.197299"/>
<trkpt lat="47.339132" lon="13.197214"/>
</trkseg>
<trkseg>
<trkpt lat="47.345171" lon="13.196099"/>
<trkpt lat="47.345033" lon="13.196138"/>
</trkseg>
<trkseg>
<trkpt lat="47.343209" lon="13.195391"/>
<trkpt lat="47.343137" lon="13.195336"/>
<trkpt lat="47.343032" lon="13.195270"/>
<trkpt lat="47.342852" lon="13.195166"/>
<trkpt lat="47.342644" lon="13.195021"/>
<trkpt lat="47.342474" lon="13.194893"/>
<trkpt lat="47.342337" lon="13.194783"/>
<trkpt lat="47.342126" lon="13.194626"/>
<trkpt lat="47.341830" lon="13.194389"/>
<trkpt lat="47.341551" lon="13.194164"/>
<trkpt lat="47.341282" lon="13.193992"/>
<trkpt lat="47.341021" lon="13.193861"/>
<trkpt lat="47.340776" lon="13.193787"/>
<trkpt lat="47.340602" lon="13.193802"/>
<trkpt lat="47.340442" lon="13.193881"/>
<trkpt lat="47.340253" lon="13.194002"/>
<trkpt lat="47.340113" lon="13.194007"/>
<trkpt lat="47.340029" lon="13.194048"/>
<trkpt lat="47.339917" lon="13.194159"/>
<trkpt lat="47.339881" lon="13.194274"/>
<trkpt lat="47.339837" lon="13.194438"/>
<trkpt lat="47.339788" lon="13.194640"/>
<trkpt lat="47.339760" lon="13.194801"/>
<trkpt lat="47.339746" lon="13.195051"/>
<trkpt lat="47.339726" lon="13.195365"/>
<trkpt lat="47.339712" lon="13.195611"/>
<trkpt lat="47.339675" lon="13.196018"/>
<trkpt lat="47.339622" lon="13.196376"/>
<trkpt lat="47.339542" lon="13.196654"/>
<trkpt lat="47.339458" lon="13.196916"/>
<trkpt lat="47.339382" lon="13.197039"/>
<trkpt lat="47.339325" lon="13.197103"/>
<trkpt lat="47.339275" lon="13.197116"/>
</trkseg>
<trkseg>
<trkpt lat="47.339275" lon="13.197116"/>
<trkpt lat="47.339211" lon="13.197129"/>
</trkseg>
<trkseg>
<trkpt lat="47.338027" lon="13.198585"/>
<trkpt lat="47.337958" lon="13.198705"/>
<trkpt lat="47.337915" lon="13.198853"/>
</trkseg>
<trkseg>
<trkpt lat="47.339211" lon="13.197129"/>
<trkpt lat="47.339175" lon="13.197139"/>
<trkpt lat="47.339132" lon="13.197214"/>
</trkseg>
<trkseg>
<trkpt lat="47.355913" lon="13.202669"/>
<trkpt lat="47.356118" lon="13.202716"/>
<trkpt lat="47.356233" lon="13.202759"/>
<trkpt lat="47.356368" lon="13.202841"/>
<trkpt lat="47.356538" lon="13.202946"/>
<trkpt lat="47.356648" lon="13.202998"/>
<trkpt lat="47.356689" lon="13.203022"/>
<trkpt lat="47.356746" lon="13.203054"/>
<trkpt lat="47.356909" lon="13.203189"/>
<trkpt lat="47.357110" lon="13.203363"/>
<trkpt lat="47.357331" lon="13.203574"/>
<trkpt lat="47.357582" lon="13.203811"/>
<trkpt lat="47.357633" lon="13.203860"/>
<trkpt lat="47.357957" lon="13.204241"/>
<trkpt lat="47.358106" lon="13.204455"/>
<trkpt lat="47.358257" lon="13.204669"/>
<trkpt lat="47.358335" lon="13.204782"/>
<trkpt lat="47.358482" lon="13.205001"/>
<trkpt lat="47.358599" lon="13.205181"/>
<trkpt lat="47.358717" lon="13.205370"/>
<trkpt lat="47.358826" lon="13.205547"/>
<trkpt lat="47.358931" lon="13.205700"/>
<trkpt lat="47.359106" lon="13.205999"/>
<trkpt lat="47.359350" lon="13.206398"/>
</trkseg>
<trkseg>
<trkpt lat="47.276400" lon="13.076042"/>
<trkpt lat="47.276472" lon="13.076118"/>
<trkpt lat="47.276503" lon="13.076134"/>
<trkpt lat="47.276534" lon="13.076153"/>
<trkpt lat="47.276849" lon="13.076276"/>
<trkpt lat="47.277017" lon="13.076386"/>
<trkpt lat="47.277226" lon="13.076543"/>
<trkpt lat="47.277490" lon="13.076742"/>
<trkpt lat="47.277525" lon="13.076760"/>
<trkpt lat="47.277558" lon="13.076756"/>
<trkpt lat="47.277648" lon="13.076719"/>
<trkpt lat="47.277696" lon="13.076705"/>
<trkpt lat="47.277764" lon="13.076709"/>
<trkpt lat="47.277826" lon="13.076734"/>
</trkseg>
<trkseg>
<trkpt lat="47.274373" lon="13.077099"/>
<trkpt lat="47.274447" lon="13.077040"/>
<trkpt lat="47.274562" lon="13.076981"/>
<trkpt lat="47.274800" lon="13.076821"/>
<trkpt lat="47.274891" lon="13.076806"/>
</trkseg>
<trkseg>
<trkpt lat="47.274891" lon="13.076806"/>
<trkpt lat="47.275186" lon="13.076688"/>
<trkpt lat="47.275414" lon="13.076535"/>
<trkpt lat="47.275542" lon="13.076451"/>
<trkpt lat="47.275786" lon="13.076191"/>
<trkpt lat="47.275827" lon="13.076102"/>
</trkseg>
<trkseg>
<trkpt lat="47.300138" lon="13.108642"/>
<trkpt lat="47.300138" lon="13.108725"/>
</trkseg>
<trkseg>
<trkpt lat="47.298113" lon="13.098720"/>
<trkpt lat="47.298177" lon="13.098836"/>
</trkseg>
<trkseg>
<trkpt lat="47.300138" lon="13.108725"/>
<trkpt lat="47.300156" lon="13.108787"/>
<trkpt lat="47.300213" lon="13.108862"/>
<trkpt lat="47.300528" lon="13.109130"/>
<trkpt lat="47.300721" lon="13.109292"/>
<trkpt lat="47.300841" lon="13.109372"/>
<trkpt lat="47.301062" lon="13.109582"/>
<trkpt lat="47.301231" lon="13.109739"/>
<trkpt lat="47.301269" lon="13.109784"/>
<trkpt lat="47.301296" lon="13.109842"/>
<trkpt lat="47.301328" lon="13.109959"/>
<trkpt lat="47.301368" lon="13.110132"/>
<trkpt lat="47.301424" lon="13.110392"/>
<trkpt lat="47.301572" lon="13.110822"/>
<trkpt lat="47.301791" lon="13.111488"/>
<trkpt lat="47.301907" lon="13.111876"/>
<trkpt lat="47.301986" lon="13.112274"/>
<trkpt lat="47.302102" lon="13.112793"/>
<trkpt lat="47.302115" lon="13.112941"/>
<trkpt lat="47.302335" lon="13.113536"/>
<trkpt lat="47.302557" lon="13.114161"/>
<trkpt lat="47.302675" lon="13.114508"/>
<trkpt lat="47.302704" lon="13.114685"/>
<trkpt lat="47.302715" lon="13.114972"/>
<trkpt lat="47.302729" lon="13.115087"/>
<trkpt lat="47.302899" lon="13.115486"/>
<trkpt lat="47.302938" lon="13.115629"/>
<trkpt lat="47.303018" lon="13.115884"/>
<trkpt lat="47.303109" lon="13.116418"/>
<trkpt lat="47.303283" lon="13.117416"/>
<trkpt lat="47.303384" lon="13.118185"/>
<trkpt lat="47.303441" lon="13.118479"/>
<trkpt lat="47.303501" lon="13.118691"/>
<trkpt lat="47.303554" lon="13.118931"/>
<trkpt lat="47.303584" lon="13.119404"/>
<trkpt lat="47.303621" lon="13.120126"/>
<trkpt lat="47.303655" lon="13.120826"/>
<trkpt lat="47.303690" lon="13.121077"/>
<trkpt lat="47.303772" lon="13.121193"/>
<trkpt lat="47.303846" lon="13.121246"/>
<trkpt lat="47.303948" lon="13.121384"/>
<trkpt lat="47.304083" lon="13.121761"/>
</trkseg>
<trkseg>
<trkpt lat="47.298699" lon="13.102065"/>
<trkpt lat="47.298702" lon="13.102136"/>
<trkpt lat="47.298712" lon="13.102240"/>
<trkpt lat="47.298766" lon="13.102523"/>
<trkpt lat="47.298806" lon="13.102720"/>
<trkpt lat="47.298856" lon="13.103050"/>
<trkpt lat="47.298886" lon="13.103523"/>
<trkpt lat="47.298918" lon="13.103968"/>
<trkpt lat="47.298926" lon="13.104064"/>
<trkpt lat="47.298968" lon="13.105075"/>
<trkpt lat="47.299051" lon="13.105334"/>
<trkpt lat="47.299157" lon="13.105510"/>
<trkpt lat="47.299223" lon="13.105904"/>
<trkpt lat="47.299301" lon="13.106313"/>
<trkpt lat="47.299402" lon="13.106669"/>
<trkpt lat="47.299562" lon="13.107004"/>
<trkpt lat="47.299765" lon="13.107323"/>
<trkpt lat="47.299807" lon="13.107466"/>
<trkpt lat="47.299781" lon="13.107640"/>
<trkpt lat="47.299767" lon="13.107763"/>
<trkpt lat="47.299779" lon="13.107822"/>
<trkpt lat="47.299834" lon="13.107893"/>
</trkseg>
<trkseg>
<trkpt lat="47.297336" lon="13.080807"/>
<trkpt lat="47.297324" lon="13.080663"/>
<trkpt lat="47.297316" lon="13.080407"/>
<trkpt lat="47.297344" lon="13.080084"/>
<trkpt lat="47.297368" lon="13.079775"/>
<trkpt lat="47.297368" lon="13.079517"/>
<trkpt lat="47.297357" lon="13.079331"/>
<trkpt lat="47.297292" lon="13.078998"/>
<trkpt lat="47.297239" lon="13.078805"/>
<trkpt lat="47.297154" lon="13.078441"/>
<trkpt lat="47.297071" lon="13.078149"/>
<trkpt lat="47.296992" lon="13.077913"/>
<trkpt lat="47.296975" lon="13.077824"/>
<trkpt lat="47.296951" lon="13.077701"/>
<trkpt lat="47.296966" lon="13.077319"/>
<trkpt lat="47.296922" lon="13.076601"/>
<trkpt lat="47.296907" lon="13.076258"/>
<trkpt lat="47.296887" lon="13.076071"/>
<trkpt lat="47.296850" lon="13.075930"/>
<trkpt lat="47.296773" lon="13.075750"/>
<trkpt lat="47.296669" lon="13.075530"/>
<trkpt lat="47.296579" lon="13.075264"/>
<trkpt lat="47.296534" lon="13.075072"/>
<trkpt lat="47.296455" lon="13.074784"/>
<trkpt lat="47.296364" lon="13.074525"/>
<trkpt lat="47.296315" lon="13.074288"/>
<trkpt lat="47.296235" lon="13.074022"/>
<trkpt lat="47.296150" lon="13.073870"/>
<trkpt lat="47.296044" lon="13.073660"/>
<trkpt lat="47.295942" lon="13.073472"/>
<trkpt lat="47.295858" lon="13.073093"/>
<trkpt lat="47.295795" lon="13.072734"/>
<trkpt lat="47.295735" lon="13.072552"/>
<trkpt lat="47.295601" lon="13.072385"/>
<trkpt lat="47.295414" lon="13.072216"/>
<trkpt lat="47.295310" lon="13.072063"/>
<trkpt lat="47.295276" lon="13.071952"/>
<trkpt lat="47.295259" lon="13.071815"/>
<trkpt lat="47.295238" lon="13.071552"/>
<trkpt lat="47.295246" lon="13.071252"/>
<trkpt lat="47.295291" lon="13.070992"/>
<trkpt lat="47.295358" lon="13.070764"/>
<trkpt lat="47.295431" lon="13.070515"/>
<trkpt lat="47.295447" lon="13.070368"/>
<trkpt lat="47.295442" lon="13.070319"/>
<trkpt lat="47.295439" lon="13.070286"/>
<trkpt lat="47.295378" lon="13.069903"/>
<trkpt lat="47.295270" lon="13.069421"/>
<trkpt lat="47.295239" lon="13.069167"/>
<trkpt lat="47.295234" lon="13.068828"/>
<trkpt lat="47.295200" lon="13.068588"/>
<trkpt lat="47.295148" lon="13.068361"/>
<trkpt lat="47.295125" lon="13.068191"/>
<trkpt lat="47.295110" lon="13.067382"/>
<trkpt lat="47.295069" lon="13.067114"/>
<trkpt lat="47.295014" lon="13.066883"/>
<trkpt lat="47.294945" lon="13.066596"/>
<trkpt lat="47.294878" lon="13.066314"/>
<trkpt lat="47.294865" lon="13.066116"/>
<trkpt lat="47.294873" lon="13.065930"/>
<trkpt lat="47.294914" lon="13.065744"/>
<trkpt lat="47.294917" lon="13.065730"/>
<trkpt lat="47.294953" lon="13.065618"/>
<trkpt lat="47.294968" lon="13.065524"/>
<trkpt lat="47.294958" lon="13.065423"/>
<trkpt lat="47.294926" lon="13.065269"/>
<trkpt lat="47.294750" lon="13.064463"/>
</trkseg>
<trkseg>
<trkpt lat="47.320147" lon="13.153080"/>
<trkpt lat="47.320140" lon="13.153018"/>
<trkpt lat="47.320101" lon="13.152633"/>
<trkpt lat="47.320034" lon="13.152109"/>
</trkseg>
<trkseg>
<trkpt lat="47.323565" lon="13.165770"/>
<trkpt lat="47.323657" lon="13.165669"/>
</trkseg>
<trkseg>
<trkpt lat="47.323657" lon="13.165669"/>
<trkpt lat="47.323731" lon="13.165584"/>
<trkpt lat="47.323766" lon="13.165510"/>
<trkpt lat="47.323781" lon="13.165402"/>
<trkpt lat="47.323762" lon="13.165279"/>
<trkpt lat="47.323723" lon="13.165061"/>
</trkseg>
<trkseg>
<trkpt lat="47.347258" lon="13.196121"/>
<trkpt lat="47.347536" lon="13.196184"/>
<trkpt lat="47.347929" lon="13.196286"/>
<trkpt lat="47.348273" lon="13.196388"/>
<trkpt lat="47.348644" lon="13.196504"/>
<trkpt lat="47.348986" lon="13.196656"/>
<trkpt lat="47.349365" lon="13.196891"/>
<trkpt lat="47.349749" lon="13.197107"/>
<trkpt lat="47.350183" lon="13.197404"/>
<trkpt lat="47.350242" lon="13.197452"/>
<trkpt lat="47.350335" lon="13.197530"/>
<trkpt lat="47.350395" lon="13.197581"/>
<trkpt lat="47.350486" lon="13.197659"/>
<trkpt lat="47.350615" lon="13.197797"/>
<trkpt lat="47.350657" lon="13.197857"/>
<trkpt lat="47.350744" lon="13.197982"/>
<trkpt lat="47.350839" lon="13.198159"/>
<trkpt lat="47.350907" lon="13.198287"/>
<trkpt lat="47.350962" lon="13.198384"/>
<trkpt lat="47.351063" lon="13.198562"/>
<trkpt lat="47.351174" lon="13.198754"/>
<trkpt lat="47.351242" lon="13.198870"/>
<trkpt lat="47.351337" lon="13.198999"/>
<trkpt lat="47.351367" lon="13.199039"/>
<trkpt lat="47.351412" lon="13.199099"/>
<trkpt lat="47.351582" lon="13.199302"/>
</trkseg>
<trkseg>
<trkpt lat="47.359413" lon="13.206505"/>
<trkpt lat="47.359420" lon="13.206516"/>
</trkseg>
<trkseg>
<trkpt lat="47.359350" lon="13.206398"/>
<trkpt lat="47.359413" lon="13.206505"/>
</trkseg>
<trkseg>
<trkpt lat="47.376052" lon="13.211108"/>
<trkpt lat="47.376029" lon="13.211064"/>
<trkpt lat="47.375986" lon="13.210993"/>
<trkpt lat="47.375898" lon="13.210896"/>
<trkpt lat="47.375680" lon="13.210730"/>
<trkpt lat="47.375539" lon="13.210677"/>
<trkpt lat="47.375349" lon="13.210687"/>
<trkpt lat="47.375179" lon="13.210734"/>
<trkpt lat="47.375038" lon="13.210768"/>
<trkpt lat="47.374897" lon="13.210773"/>
<trkpt lat="47.374754" lon="13.210749"/>
<trkpt lat="47.374607" lon="13.210690"/>
<trkpt lat="47.374417" lon="13.210593"/>
</trkseg>
<trkseg>
<trkpt lat="47.379153" lon="13.215167"/>
<trkpt lat="47.379198" lon="13.215147"/>
</trkseg>
<trkseg>
<trkpt lat="47.376949" lon="13.213529"/>
<trkpt lat="47.376992" lon="13.213700"/>
</trkseg>
<trkseg>
<trkpt lat="47.379198" lon="13.215147"/>
<trkpt lat="47.379243" lon="13.215117"/>
<trkpt lat="47.379283" lon="13.215112"/>
<trkpt lat="47.379367" lon="13.215142"/>
<trkpt lat="47.379451" lon="13.215191"/>
<trkpt lat="47.379518" lon="13.215218"/>
<trkpt lat="47.379597" lon="13.215213"/>
<trkpt lat="47.379685" lon="13.215185"/>
<trkpt lat="47.379975" lon="13.215065"/>
<trkpt lat="47.380154" lon="13.214995"/>
<trkpt lat="47.380247" lon="13.214930"/>
<trkpt lat="47.380317" lon="13.214884"/>
<trkpt lat="47.380416" lon="13.214795"/>
<trkpt lat="47.380495" lon="13.214697"/>
<trkpt lat="47.380581" lon="13.214576"/>
<trkpt lat="47.380649" lon="13.214478"/>
<trkpt lat="47.380703" lon="13.214405"/>
<trkpt lat="47.380783" lon="13.214337"/>
<trkpt lat="47.380873" lon="13.214266"/>
<trkpt lat="47.380990" lon="13.214201"/>
<trkpt lat="47.381093" lon="13.214144"/>
<trkpt lat="47.381162" lon="13.214093"/>
<trkpt lat="47.381214" lon="13.214035"/>
<trkpt lat="47.381265" lon="13.213960"/>
<trkpt lat="47.381324" lon="13.213908"/>
<trkpt lat="47.381410" lon="13.213838"/>
<trkpt lat="47.381543" lon="13.213741"/>
<trkpt lat="47.381693" lon="13.213654"/>
<trkpt lat="47.381906" lon="13.213482"/>
<trkpt lat="47.382056" lon="13.213348"/>
<trkpt lat="47.382147" lon="13.213266"/>
<trkpt lat="47.382211" lon="13.213175"/>
<trkpt lat="47.382271" lon="13.213100"/>
<trkpt lat="47.382425" lon="13.212966"/>
<trkpt lat="47.382658" lon="13.212769"/>
<trkpt lat="47.382792" lon="13.212649"/>
<trkpt lat="47.382938" lon="13.212524"/>
<trkpt lat="47.383158" lon="13.212365"/>
<trkpt lat="47.383440" lon="13.212205"/>
<trkpt lat="47.383639" lon="13.212103"/>
<trkpt lat="47.383741" lon="13.212057"/>
<trkpt lat="47.383861" lon="13.212027"/>
<trkpt lat="47.383946" lon="13.212012"/>
<trkpt lat="47.384045" lon="13.212016"/>
<trkpt lat="47.384159" lon="13.212011"/>
<trkpt lat="47.384264" lon="13.211979"/>
<trkpt lat="47.384381" lon="13.211906"/>
<trkpt lat="47.384446" lon="13.211861"/>
<trkpt lat="47.384524" lon="13.211838"/>
<trkpt lat="47.384688" lon="13.211833"/>
<trkpt lat="47.384835" lon="13.211835"/>
<trkpt lat="47.384969" lon="13.211846"/>
<trkpt lat="47.385143" lon="13.211874"/>
<trkpt lat="47.385293" lon="13.211937"/>
<trkpt lat="47.385442" lon="13.212002"/>
<trkpt lat="47.385669" lon="13.212133"/>
<trkpt lat="47.385971" lon="13.212349"/>
<trkpt lat="47.386100" lon="13.212447"/>
<trkpt lat="47.386250" lon="13.212576"/>
<trkpt lat="47.386351" lon="13.212687"/>
<trkpt lat="47.386463" lon="13.212818"/>
<trkpt lat="47.386592" lon="13.212978"/>
<trkpt lat="47.386739" lon="13.213181"/>
<trkpt lat="47.386925" lon="13.213414"/>
<trkpt lat="47.387017" lon="13.213545"/>
<trkpt lat="47.387141" lon="13.213731"/>
<trkpt lat="47.387194" lon="13.213823"/>
</trkseg>
<trkseg>
<trkpt lat="47.376052" lon="13.211108"/>
<trkpt lat="47.376219" lon="13.211377"/>
<trkpt lat="47.376395" lon="13.211650"/>
<trkpt lat="47.376472" lon="13.211792"/>
<trkpt lat="47.376538" lon="13.211966"/>
<trkpt lat="47.376610" lon="13.212227"/>
<trkpt lat="47.376762" lon="13.212735"/>
<trkpt lat="47.376887" lon="13.213124"/>
<trkpt lat="47.376931" lon="13.213304"/>
<trkpt lat="47.376949" lon="13.213529"/>
</trkseg>
<trkseg>
<trkpt lat="47.376992" lon="13.213700"/>
<trkpt lat="47.377013" lon="13.213754"/>
<trkpt lat="47.377058" lon="13.213810"/>
<trkpt lat="47.377164" lon="13.213890"/>
<trkpt lat="47.377242" lon="13.213951"/>
<trkpt lat="47.377306" lon="13.214013"/>
<trkpt lat="47.377448" lon="13.214203"/>
<trkpt lat="47.377622" lon="13.214395"/>
<trkpt lat="47.377767" lon="13.214514"/>
<trkpt lat="47.377962" lon="13.214692"/>
<trkpt lat="47.378141" lon="13.214837"/>
<trkpt lat="47.378309" lon="13.214923"/>
<trkpt lat="47.378501" lon="13.215024"/>
<trkpt lat="47.378635" lon="13.215077"/>
<trkpt lat="47.378798" lon="13.215105"/>
<trkpt lat="47.378915" lon="13.215118"/>
<trkpt lat="47.379012" lon="13.215147"/>
<trkpt lat="47.379153" lon="13.215167"/>
</trkseg>
<trkseg>
<trkpt lat="47.413542" lon="13.219248"/>
<trkpt lat="47.413463" lon="13.219188"/>
<trkpt lat="47.413311" lon="13.219047"/>
<trkpt lat="47.413268" lon="13.218974"/>
<trkpt lat="47.413264" lon="13.218886"/>
<trkpt lat="47.413279" lon="13.218781"/>
</trkseg>
<trkseg>
<trkpt lat="47.414907" lon="13.219033"/>
<trkpt lat="47.414975" lon="13.218551"/>
<trkpt lat="47.415042" lon="13.218190"/>
<trkpt lat="47.415056" lon="13.218128"/>
<trkpt lat="47.415082" lon="13.217987"/>
<trkpt lat="47.415092" lon="13.217938"/>
</trkseg>
<trkseg>
<trkpt lat="47.415092" lon="13.217938"/>
<trkpt lat="47.415201" lon="13.217973"/>
<trkpt lat="47.415291" lon="13.217997"/>
<trkpt lat="47.415395" lon="13.218041"/>
<trkpt lat="47.415557" lon="13.218156"/>
</trkseg>
<trkseg>
<trkpt lat="47.413279" lon="13.218781"/>
<trkpt lat="47.413536" lon="13.218773"/>
<trkpt lat="47.413768" lon="13.218746"/>
</trkseg>
<trkseg>
<trkpt lat="47.398180" lon="13.226434"/>
<trkpt lat="47.398403" lon="13.226497"/>
<trkpt lat="47.398526" lon="13.226489"/>
<trkpt lat="47.398760" lon="13.226404"/>
<trkpt lat="47.399435" lon="13.226358"/>
<trkpt lat="47.399942" lon="13.226337"/>
<trkpt lat="47.400191" lon="13.226303"/>
<trkpt lat="47.400920" lon="13.226202"/>
<trkpt lat="47.401398" lon="13.226085"/>
<trkpt lat="47.401596" lon="13.226022"/>
<trkpt lat="47.402211" lon="13.225739"/>
<trkpt lat="47.402778" lon="13.225311"/>
<trkpt lat="47.403054" lon="13.225186"/>
<trkpt lat="47.403292" lon="13.224912"/>
</trkseg>
<trkseg>
<trkpt lat="47.403326" lon="13.224887"/>
<trkpt lat="47.403500" lon="13.224760"/>
<trkpt lat="47.403561" lon="13.224659"/>
<trkpt lat="47.403665" lon="13.224289"/>
<trkpt lat="47.403765" lon="13.224092"/>
<trkpt lat="47.404090" lon="13.223702"/>
<trkpt lat="47.404254" lon="13.223570"/>
<trkpt lat="47.404280" lon="13.223564"/>
<trkpt lat="47.404546" lon="13.223508"/>
<trkpt lat="47.404577" lon="13.223502"/>
<trkpt lat="47.404890" lon="13.223433"/>
<trkpt lat="47.404970" lon="13.223364"/>
<trkpt lat="47.404996" lon="13.223317"/>
<trkpt lat="47.405007" lon="13.223130"/>
<trkpt lat="47.405025" lon="13.223003"/>
<trkpt lat="47.405093" lon="13.222847"/>
<trkpt lat="47.405421" lon="13.222578"/>
<trkpt lat="47.405934" lon="13.222163"/>
<trkpt lat="47.406189" lon="13.221947"/>
<trkpt lat="47.406405" lon="13.221696"/>
<trkpt lat="47.406546" lon="13.221504"/>
<trkpt lat="47.406757" lon="13.221221"/>
<trkpt lat="47.406847" lon="13.221255"/>
</trkseg>
<trkseg>
<trkpt lat="47.403292" lon="13.224912"/>
<trkpt lat="47.403326" lon="13.224887"/>
</trkseg>
<trkseg>
<trkpt lat="47.398092" lon="13.226430"/>
<trkpt lat="47.398180" lon="13.226434"/>
</trkseg>
<trkseg>
<trkpt lat="47.396158" lon="13.226005"/>
<trkpt lat="47.396241" lon="13.226046"/>
</trkseg>
<trkseg>
<trkpt lat="47.396241" lon="13.226046"/>
<trkpt lat="47.396286" lon="13.226079"/>
<trkpt lat="47.396375" lon="13.226157"/>
<trkpt lat="47.396430" lon="13.226193"/>
<trkpt lat="47.396485" lon="13.226212"/>
<trkpt lat="47.396680" lon="13.226217"/>
<trkpt lat="47.396880" lon="13.226262"/>
<trkpt lat="47.397269" lon="13.226359"/>
<trkpt lat="47.397599" lon="13.226457"/>
<trkpt lat="47.397801" lon="13.226501"/>
<trkpt lat="47.397968" lon="13.226461"/>
<trkpt lat="47.398092" lon="13.226430"/>
</trkseg>
<trkseg>
<trkpt lat="47.387459" lon="13.214633"/>
<trkpt lat="47.387626" lon="13.214878"/>
<trkpt lat="47.387843" lon="13.215160"/>
<trkpt lat="47.388055" lon="13.215419"/>
<trkpt lat="47.388936" lon="13.216469"/>
<trkpt lat="47.389205" lon="13.216764"/>
<trkpt lat="47.389352" lon="13.216916"/>
<trkpt lat="47.389522" lon="13.217030"/>
<trkpt lat="47.389700" lon="13.217091"/>
<trkpt lat="47.389810" lon="13.217162"/>
<trkpt lat="47.389914" lon="13.217275"/>
<trkpt lat="47.390042" lon="13.217450"/>
<trkpt lat="47.390197" lon="13.217638"/>
<trkpt lat="47.390368" lon="13.217820"/>
<trkpt lat="47.390501" lon="13.217926"/>
<trkpt lat="47.390727" lon="13.218108"/>
<trkpt lat="47.390934" lon="13.218255"/>
<trkpt lat="47.391023" lon="13.218307"/>
<trkpt lat="47.391175" lon="13.218408"/>
<trkpt lat="47.391288" lon="13.218482"/>
</trkseg>
<trkseg>
<trkpt lat="47.391288" lon="13.218482"/>
<trkpt lat="47.391347" lon="13.218453"/>
<trkpt lat="47.391434" lon="13.218448"/>
<trkpt lat="47.391463" lon="13.218446"/>
<trkpt lat="47.391554" lon="13.218457"/>
<trkpt lat="47.391669" lon="13.218476"/>
<trkpt lat="47.391804" lon="13.218526"/>
<trkpt lat="47.391965" lon="13.218606"/>
<trkpt lat="47.392117" lon="13.218700"/>
<trkpt lat="47.392199" lon="13.218768"/>
<trkpt lat="47.392322" lon="13.218885"/>
<trkpt lat="47.392449" lon="13.218983"/>
<trkpt lat="47.392663" lon="13.219137"/>
</trkseg>
<trkseg>
<trkpt lat="47.179153" lon="13.103518"/>
<trkpt lat="47.179563" lon="13.103189"/>
<trkpt lat="47.179713" lon="13.103061"/>
<trkpt lat="47.179837" lon="13.102937"/>
<trkpt lat="47.179946" lon="13.102770"/>
<trkpt lat="47.179999" lon="13.102610"/>
<trkpt lat="47.180041" lon="13.102433"/>
<trkpt lat="47.180058" lon="13.102183"/>
</trkseg>
<trkseg>
<trkpt lat="47.257278" lon="13.092596"/>
<trkpt lat="47.257437" lon="13.092344"/>
<trkpt lat="47.257749" lon="13.091847"/>
<trkpt lat="47.258023" lon="13.091431"/>
<trkpt lat="47.258301" lon="13.091014"/>
<trkpt lat="47.258532" lon="13.090676"/>
<trkpt lat="47.258761" lon="13.090317"/>
<trkpt lat="47.259042" lon="13.089865"/>
<trkpt lat="47.259251" lon="13.089529"/>
<trkpt lat="47.259350" lon="13.089370"/>
<trkpt lat="47.259688" lon="13.088838"/>
<trkpt lat="47.259889" lon="13.088543"/>
<trkpt lat="47.260229" lon="13.088047"/>
<trkpt lat="47.260531" lon="13.087683"/>
<trkpt lat="47.260962" lon="13.087195"/>
<trkpt lat="47.261305" lon="13.086767"/>
<trkpt lat="47.261741" lon="13.086208"/>
<trkpt lat="47.262456" lon="13.085299"/>
<trkpt lat="47.263142" lon="13.084372"/>
<trkpt lat="47.263712" lon="13.083550"/>
<trkpt lat="47.264050" lon="13.083180"/>
<trkpt lat="47.264318" lon="13.082940"/>
<trkpt lat="47.264599" lon="13.082668"/>
<trkpt lat="47.264767" lon="13.082501"/>
<trkpt lat="47.265014" lon="13.082241"/>
<trkpt lat="47.265544" lon="13.081696"/>
<trkpt lat="47.265852" lon="13.081421"/>
<trkpt lat="47.266161" lon="13.081208"/>
<trkpt lat="47.266487" lon="13.081039"/>
<trkpt lat="47.266812" lon="13.080922"/>
<trkpt lat="47.267045" lon="13.080864"/>
<trkpt lat="47.267373" lon="13.080823"/>
<trkpt lat="47.268246" lon="13.080823"/>
<trkpt lat="47.268700" lon="13.080795"/>
<trkpt lat="47.269112" lon="13.080702"/>
<trkpt lat="47.269568" lon="13.080528"/>
<trkpt lat="47.269875" lon="13.080357"/>
<trkpt lat="47.270206" lon="13.080134"/>
<trkpt lat="47.270544" lon="13.079843"/>
<trkpt lat="47.270789" lon="13.079619"/>
</trkseg>
<trkseg>
<trkpt lat="47.414604" lon="13.221219"/>
<trkpt lat="47.414635" lon="13.220328"/>
</trkseg>
<trkseg>
<trkpt lat="47.250764" lon="13.099452"/>
<trkpt lat="47.250853" lon="13.099502"/>
<trkpt lat="47.251423" lon="13.099720"/>
<trkpt lat="47.251478" lon="13.099749"/>
</trkseg>
<trkseg>
<trkpt lat="47.273598" lon="13.077373"/>
<trkpt lat="47.273508" lon="13.077437"/>
<trkpt lat="47.273407" lon="13.077473"/>
<trkpt lat="47.273094" lon="13.077553"/>
<trkpt lat="47.272823" lon="13.077701"/>
<trkpt lat="47.272614" lon="13.077865"/>
<trkpt lat="47.272152" lon="13.078510"/>
</trkseg>
<trkseg>
<trkpt lat="47.273598" lon="13.077373"/>
<trkpt lat="47.273998" lon="13.077271"/>
<trkpt lat="47.274373" lon="13.077099"/>
</trkseg>
<trkseg>
<trkpt lat="47.108425" lon="13.136108"/>
<trkpt lat="47.108485" lon="13.136112"/>
</trkseg>
<trkseg>
<trkpt lat="47.108720" lon="13.136072"/>
<trkpt lat="47.108930" lon="13.136111"/>
</trkseg>
<trkseg>
<trkpt lat="47.321142" lon="13.178975"/>
<trkpt lat="47.321126" lon="13.178845"/>
<trkpt lat="47.321132" lon="13.178307"/>
<trkpt lat="47.321151" lon="13.177961"/>
<trkpt lat="47.321249" lon="13.177586"/>
<trkpt lat="47.321359" lon="13.177164"/>
</trkseg>
<trkseg>
<trkpt lat="47.318137" lon="13.149941"/>
<trkpt lat="47.318121" lon="13.149908"/>
<trkpt lat="47.318076" lon="13.149765"/>
<trkpt lat="47.317999" lon="13.149360"/>
<trkpt lat="47.317969" lon="13.149231"/>
<trkpt lat="47.317936" lon="13.149149"/>
<trkpt lat="47.317874" lon="13.149064"/>
<trkpt lat="47.317805" lon="13.149019"/>
<trkpt lat="47.317797" lon="13.149018"/>
</trkseg>
<trkseg>
<trkpt lat="47.316912" lon="13.149375"/>
<trkpt lat="47.316846" lon="13.149367"/>
<trkpt lat="47.316783" lon="13.149330"/>
<trkpt lat="47.316734" lon="13.149272"/>
<trkpt lat="47.316702" lon="13.149184"/>
<trkpt lat="47.316676" lon="13.148906"/>
<trkpt lat="47.316640" lon="13.148778"/>
<trkpt lat="47.316568" lon="13.148690"/>
<trkpt lat="47.316309" lon="13.148555"/>
</trkseg>
<trkseg>
<trkpt lat="47.305821" lon="13.126576"/>
<trkpt lat="47.305904" lon="13.126703"/>
<trkpt lat="47.305940" lon="13.126788"/>
<trkpt lat="47.305965" lon="13.126897"/>
<trkpt lat="47.305975" lon="13.127039"/>
<trkpt lat="47.305962" lon="13.127187"/>
<trkpt lat="47.305909" lon="13.127399"/>
<trkpt lat="47.305871" lon="13.127546"/>
<trkpt lat="47.305938" lon="13.127738"/>
<trkpt lat="47.306038" lon="13.127939"/>
<trkpt lat="47.306410" lon="13.128244"/>
<trkpt lat="47.306618" lon="13.128398"/>
<trkpt lat="47.306761" lon="13.128537"/>
<trkpt lat="47.306867" lon="13.128789"/>
<trkpt lat="47.306967" lon="13.129340"/>
<trkpt lat="47.307017" lon="13.129656"/>
<trkpt lat="47.307025" lon="13.129708"/>
<trkpt lat="47.307100" lon="13.130086"/>
</trkseg>
<trkseg>
<trkpt lat="47.305760" lon="13.126495"/>
<trkpt lat="47.305821" lon="13.126576"/>
</trkseg>
<trkseg>
<trkpt lat="47.313985" lon="13.145551"/>
<trkpt lat="47.313863" lon="13.144999"/>
<trkpt lat="47.313786" lon="13.144645"/>
<trkpt lat="47.313749" lon="13.144478"/>
<trkpt lat="47.313670" lon="13.144163"/>
<trkpt lat="47.313649" lon="13.144088"/>
<trkpt lat="47.313553" lon="13.143760"/>
<trkpt lat="47.313454" lon="13.143434"/>
<trkpt lat="47.313358" lon="13.143245"/>
<trkpt lat="47.313175" lon="13.142950"/>
<trkpt lat="47.313099" lon="13.142732"/>
<trkpt lat="47.313067" lon="13.142508"/>
<trkpt lat="47.313095" lon="13.141786"/>
<trkpt lat="47.313097" lon="13.141739"/>
<trkpt lat="47.313042" lon="13.141556"/>
<trkpt lat="47.312962" lon="13.141458"/>
<trkpt lat="47.312811" lon="13.141392"/>
<trkpt lat="47.312748" lon="13.141365"/>
<trkpt lat="47.312609" lon="13.141197"/>
<trkpt lat="47.312506" lon="13.141014"/>
<trkpt lat="47.312489" lon="13.140974"/>
<trkpt lat="47.312339" lon="13.140729"/>
<trkpt lat="47.312287" lon="13.140679"/>
<trkpt lat="47.312142" lon="13.140540"/>
<trkpt lat="47.312100" lon="13.140491"/>
<trkpt lat="47.312061" lon="13.140396"/>
<trkpt lat="47.312050" lon="13.140303"/>
<trkpt lat="47.312054" lon="13.140180"/>
<trkpt lat="47.312148" lon="13.139706"/>
<trkpt lat="47.312135" lon="13.139416"/>
<trkpt lat="47.312128" lon="13.139255"/>
<trkpt lat="47.312141" lon="13.139030"/>
<trkpt lat="47.312146" lon="13.138781"/>
<trkpt lat="47.312134" lon="13.138495"/>
<trkpt lat="47.312091" lon="13.138202"/>
<trkpt lat="47.312038" lon="13.137935"/>
<trkpt lat="47.311976" lon="13.137681"/>
<trkpt lat="47.311924" lon="13.137465"/>
<trkpt lat="47.311915" lon="13.137428"/>
<trkpt lat="47.311814" lon="13.137155"/>
<trkpt lat="47.311775" lon="13.137080"/>
<trkpt lat="47.311705" lon="13.136947"/>
<trkpt lat="47.311562" lon="13.136653"/>
<trkpt lat="47.311444" lon="13.136371"/>
<trkpt lat="47.311350" lon="13.136072"/>
<trkpt lat="47.311279" lon="13.135718"/>
<trkpt lat="47.311170" lon="13.135434"/>
<trkpt lat="47.311152" lon="13.135385"/>
<trkpt lat="47.311052" lon="13.135107"/>
<trkpt lat="47.311001" lon="13.134755"/>
<trkpt lat="47.310971" lon="13.134278"/>
<trkpt lat="47.310949" lon="13.134124"/>
<trkpt lat="47.310908" lon="13.134005"/>
<trkpt lat="47.310736" lon="13.133769"/>
<trkpt lat="47.310520" lon="13.133486"/>
<trkpt lat="47.310356" lon="13.133144"/>
<trkpt lat="47.310254" lon="13.132909"/>
<trkpt lat="47.310112" lon="13.132743"/>
<trkpt lat="47.310072" lon="13.132723"/>
<trkpt lat="47.309992" lon="13.132731"/>
<trkpt lat="47.309913" lon="13.132790"/>
<trkpt lat="47.309840" lon="13.132946"/>
<trkpt lat="47.309813" lon="13.133068"/>
<trkpt lat="47.309765" lon="13.133288"/>
<trkpt lat="47.309616" lon="13.133740"/>
<trkpt lat="47.309541" lon="13.133970"/>
<trkpt lat="47.309475" lon="13.134173"/>
<trkpt lat="47.309352" lon="13.134671"/>
<trkpt lat="47.309230" lon="13.134886"/>
<trkpt lat="47.309092" lon="13.135076"/>
<trkpt lat="47.308918" lon="13.135393"/>
<trkpt lat="47.308868" lon="13.135645"/>
<trkpt lat="47.308836" lon="13.135966"/>
<trkpt lat="47.308759" lon="13.136138"/>
<trkpt lat="47.308643" lon="13.136251"/>
<trkpt lat="47.308512" lon="13.136231"/>
<trkpt lat="47.308409" lon="13.136186"/>
<trkpt lat="47.308333" lon="13.136106"/>
<trkpt lat="47.308221" lon="13.136001"/>
<trkpt lat="47.307933" lon="13.135687"/>
<trkpt lat="47.307762" lon="13.135496"/>
<trkpt lat="47.307477" lon="13.135165"/>
</trkseg>
<trkseg>
<trkpt lat="47.323971" lon="13.182105"/>
<trkpt lat="47.323899" lon="13.182088"/>
<trkpt lat="47.323827" lon="13.182071"/>
<trkpt lat="47.323650" lon="13.182058"/>
<trkpt lat="47.323441" lon="13.182054"/>
<trkpt lat="47.323356" lon="13.182042"/>
<trkpt lat="47.323192" lon="13.181998"/>
<trkpt lat="47.323054" lon="13.181919"/>
<trkpt lat="47.322902" lon="13.181811"/>
<trkpt lat="47.322687" lon="13.181640"/>
<trkpt lat="47.322534" lon="13.181532"/>
<trkpt lat="47.322369" lon="13.181388"/>
<trkpt lat="47.322171" lon="13.181154"/>
</trkseg>
<trkseg>
<trkpt lat="47.296907" lon="13.085258"/>
<trkpt lat="47.296881" lon="13.085366"/>
<trkpt lat="47.296907" lon="13.085727"/>
<trkpt lat="47.296940" lon="13.086004"/>
<trkpt lat="47.296910" lon="13.086422"/>
<trkpt lat="47.296861" lon="13.086802"/>
<trkpt lat="47.296837" lon="13.087041"/>
<trkpt lat="47.296858" lon="13.087312"/>
<trkpt lat="47.296912" lon="13.087722"/>
<trkpt lat="47.296999" lon="13.088086"/>
<trkpt lat="47.297143" lon="13.088496"/>
<trkpt lat="47.297193" lon="13.088636"/>
<trkpt lat="47.297243" lon="13.088827"/>
<trkpt lat="47.297306" lon="13.089116"/>
<trkpt lat="47.297337" lon="13.089419"/>
<trkpt lat="47.297432" lon="13.089747"/>
<trkpt lat="47.297496" lon="13.090082"/>
<trkpt lat="47.297573" lon="13.090658"/>
<trkpt lat="47.297651" lon="13.091187"/>
<trkpt lat="47.297675" lon="13.091849"/>
<trkpt lat="47.297687" lon="13.092086"/>
<trkpt lat="47.297682" lon="13.092172"/>
<trkpt lat="47.297678" lon="13.092232"/>
<trkpt lat="47.297639" lon="13.092790"/>
<trkpt lat="47.297617" lon="13.092990"/>
<trkpt lat="47.297569" lon="13.093233"/>
<trkpt lat="47.297551" lon="13.093421"/>
<trkpt lat="47.297551" lon="13.093575"/>
<trkpt lat="47.297565" lon="13.093724"/>
<trkpt lat="47.297669" lon="13.094251"/>
<trkpt lat="47.297720" lon="13.094567"/>
<trkpt lat="47.297775" lon="13.094902"/>
<trkpt lat="47.297826" lon="13.095116"/>
<trkpt lat="47.297886" lon="13.095304"/>
<trkpt lat="47.298013" lon="13.095624"/>
<trkpt lat="47.298161" lon="13.095941"/>
<trkpt lat="47.298189" lon="13.096034"/>
<trkpt lat="47.298209" lon="13.096163"/>
<trkpt lat="47.298298" lon="13.096826"/>
<trkpt lat="47.298297" lon="13.097164"/>
<trkpt lat="47.298256" lon="13.097577"/>
<trkpt lat="47.298205" lon="13.097871"/>
<trkpt lat="47.298199" lon="13.097957"/>
<trkpt lat="47.298199" lon="13.098062"/>
<trkpt lat="47.298197" lon="13.098242"/>
<trkpt lat="47.298184" lon="13.098415"/>
<trkpt lat="47.298146" lon="13.098529"/>
<trkpt lat="47.298113" lon="13.098720"/>
</trkseg>
<trkseg>
<trkpt lat="47.180058" lon="13.102183"/>
<trkpt lat="47.180115" lon="13.102177"/>
<trkpt lat="47.180154" lon="13.102067"/>
<trkpt lat="47.180215" lon="13.101990"/>
<trkpt lat="47.180294" lon="13.101950"/>
<trkpt lat="47.180574" lon="13.101933"/>
<trkpt lat="47.180940" lon="13.101871"/>
<trkpt lat="47.181520" lon="13.101736"/>
<trkpt lat="47.182356" lon="13.101545"/>
<trkpt lat="47.183159" lon="13.101372"/>
<trkpt lat="47.183619" lon="13.101258"/>
<trkpt lat="47.184084" lon="13.101148"/>
<trkpt lat="47.184575" lon="13.101065"/>
<trkpt lat="47.185388" lon="13.100995"/>
<trkpt lat="47.185875" lon="13.101033"/>
<trkpt lat="47.186314" lon="13.101079"/>
<trkpt lat="47.186535" lon="13.101149"/>
<trkpt lat="47.186751" lon="13.101148"/>
<trkpt lat="47.187383" lon="13.101274"/>
<trkpt lat="47.187592" lon="13.101316"/>
<trkpt lat="47.188012" lon="13.101385"/>
<trkpt lat="47.188382" lon="13.101423"/>
<trkpt lat="47.189142" lon="13.101506"/>
<trkpt lat="47.189658" lon="13.101593"/>
<trkpt lat="47.190445" lon="13.101847"/>
<trkpt lat="47.190630" lon="13.102001"/>
<trkpt lat="47.190938" lon="13.102140"/>
<trkpt lat="47.191272" lon="13.102205"/>
<trkpt lat="47.191960" lon="13.102241"/>
<trkpt lat="47.192819" lon="13.102391"/>
<trkpt lat="47.192945" lon="13.102388"/>
<trkpt lat="47.193019" lon="13.102394"/>
<trkpt lat="47.193141" lon="13.102420"/>
<trkpt lat="47.193363" lon="13.102466"/>
<trkpt lat="47.193738" lon="13.102568"/>
<trkpt lat="47.193900" lon="13.102645"/>
<trkpt lat="47.194032" lon="13.102745"/>
<trkpt lat="47.194298" lon="13.102969"/>
<trkpt lat="47.194598" lon="13.103289"/>
<trkpt lat="47.194858" lon="13.103616"/>
</trkseg>
<trkseg>
<trkpt lat="47.242071" lon="13.105491"/>
<trkpt lat="47.241929" lon="13.105586"/>
<trkpt lat="47.241885" lon="13.105615"/>
<trkpt lat="47.241609" lon="13.105810"/>
<trkpt lat="47.241422" lon="13.105941"/>
<trkpt lat="47.240980" lon="13.106374"/>
<trkpt lat="47.240898" lon="13.106454"/>
<trkpt lat="47.240833" lon="13.106509"/>
</trkseg>
<trkseg>
<trkpt lat="47.163237" lon="13.108614"/>
<trkpt lat="47.162977" lon="13.108314"/>
</trkseg>
<trkseg>
<trkpt lat="47.163252" lon="13.108632"/>
<trkpt lat="47.163237" lon="13.108614"/>
</trkseg>
<trkseg>
<trkpt lat="47.112201" lon="13.132472"/>
<trkpt lat="47.111835" lon="13.132527"/>
<trkpt lat="47.111330" lon="13.132615"/>
<trkpt lat="47.111256" lon="13.132627"/>
<trkpt lat="47.110768" lon="13.132704"/>
<trkpt lat="47.110721" lon="13.132712"/>
</trkseg>
<trkseg>
<trkpt lat="47.109905" lon="13.133101"/>
<trkpt lat="47.109654" lon="13.133342"/>
<trkpt lat="47.109341" lon="13.133642"/>
<trkpt lat="47.109141" lon="13.133833"/>
</trkseg>
<trkseg>
<trkpt lat="47.316309" lon="13.148555"/>
<trkpt lat="47.316049" lon="13.148408"/>
<trkpt lat="47.315892" lon="13.148341"/>
<trkpt lat="47.315283" lon="13.148077"/>
<trkpt lat="47.315207" lon="13.148039"/>
<trkpt lat="47.315082" lon="13.147976"/>
<trkpt lat="47.314970" lon="13.147880"/>
<trkpt lat="47.314910" lon="13.147790"/>
<trkpt lat="47.314847" lon="13.147618"/>
<trkpt lat="47.314780" lon="13.147300"/>
<trkpt lat="47.314658" lon="13.146756"/>
<trkpt lat="47.314514" lon="13.146537"/>
<trkpt lat="47.314316" lon="13.146389"/>
<trkpt lat="47.314188" lon="13.146173"/>
<trkpt lat="47.313985" lon="13.145551"/>
</trkseg>
<trkseg>
<trkpt lat="47.307417" lon="13.135105"/>
<trkpt lat="47.307314" lon="13.134952"/>
<trkpt lat="47.307289" lon="13.134868"/>
<trkpt lat="47.307283" lon="13.134745"/>
<trkpt lat="47.307417" lon="13.134555"/>
<trkpt lat="47.307555" lon="13.134330"/>
<trkpt lat="47.307603" lon="13.134202"/>
<trkpt lat="47.307621" lon="13.134154"/>
<trkpt lat="47.307643" lon="13.133774"/>
<trkpt lat="47.307635" lon="13.133058"/>
<trkpt lat="47.307569" lon="13.132550"/>
<trkpt lat="47.307541" lon="13.132335"/>
<trkpt lat="47.307459" lon="13.131709"/>
<trkpt lat="47.307444" lon="13.131597"/>
<trkpt lat="47.307337" lon="13.131223"/>
<trkpt lat="47.307236" lon="13.130848"/>
<trkpt lat="47.307264" lon="13.130451"/>
<trkpt lat="47.307252" lon="13.130337"/>
<trkpt lat="47.307218" lon="13.130236"/>
<trkpt lat="47.307152" lon="13.130147"/>
<trkpt lat="47.307100" lon="13.130086"/>
</trkseg>
<trkseg>
<trkpt lat="47.164246" lon="13.109757"/>
<trkpt lat="47.164124" lon="13.109627"/>
<trkpt lat="47.164006" lon="13.109497"/>
<trkpt lat="47.163794" lon="13.109253"/>
<trkpt lat="47.163686" lon="13.109130"/>
</trkseg>
<trkseg>
<trkpt lat="47.163606" lon="13.109039"/>
<trkpt lat="47.163686" lon="13.109130"/>
</trkseg>
<trkseg>
<trkpt lat="47.254489" lon="13.096522"/>
<trkpt lat="47.254509" lon="13.096512"/>
<trkpt lat="47.255042" lon="13.096230"/>
<trkpt lat="47.255177" lon="13.096082"/>
<trkpt lat="47.255307" lon="13.095878"/>
<trkpt lat="47.255390" lon="13.095647"/>
<trkpt lat="47.255438" lon="13.095376"/>
<trkpt lat="47.255512" lon="13.094747"/>
<trkpt lat="47.255542" lon="13.094544"/>
<trkpt lat="47.255559" lon="13.094464"/>
</trkseg>
<trkseg>
<trkpt lat="47.270789" lon="13.079619"/>
<trkpt lat="47.270885" lon="13.079624"/>
<trkpt lat="47.270981" lon="13.079543"/>
<trkpt lat="47.271257" lon="13.079315"/>
<trkpt lat="47.271513" lon="13.079167"/>
<trkpt lat="47.271718" lon="13.078987"/>
<trkpt lat="47.271846" lon="13.078821"/>
<trkpt lat="47.272152" lon="13.078510"/>
</trkseg>
<trkseg>
<trkpt lat="47.254450" lon="13.096543"/>
<trkpt lat="47.254489" lon="13.096522"/>
</trkseg>
<trkseg>
<trkpt lat="47.256569" lon="13.093476"/>
<trkpt lat="47.256646" lon="13.093416"/>
<trkpt lat="47.256862" lon="13.093179"/>
<trkpt lat="47.257116" lon="13.092869"/>
<trkpt lat="47.257188" lon="13.092740"/>
<trkpt lat="47.257269" lon="13.092610"/>
<trkpt lat="47.257278" lon="13.092596"/>
</trkseg>
<trkseg>
<trkpt lat="47.162939" lon="13.108266"/>
<trkpt lat="47.162705" lon="13.107992"/>
<trkpt lat="47.162594" lon="13.107894"/>
<trkpt lat="47.162483" lon="13.107812"/>
<trkpt lat="47.162417" lon="13.107765"/>
<trkpt lat="47.162354" lon="13.107720"/>
<trkpt lat="47.162251" lon="13.107646"/>
<trkpt lat="47.162151" lon="13.107601"/>
<trkpt lat="47.162114" lon="13.107584"/>
<trkpt lat="47.161945" lon="13.107515"/>
<trkpt lat="47.161777" lon="13.107454"/>
<trkpt lat="47.161464" lon="13.107381"/>
<trkpt lat="47.161201" lon="13.107350"/>
<trkpt lat="47.160788" lon="13.107287"/>
<trkpt lat="47.160471" lon="13.107223"/>
<trkpt lat="47.160346" lon="13.107196"/>
<trkpt lat="47.160294" lon="13.107186"/>
<trkpt lat="47.160039" lon="13.107137"/>
<trkpt lat="47.159802" lon="13.107121"/>
<trkpt lat="47.159364" lon="13.107127"/>
</trkseg>
<trkseg>
<trkpt lat="47.159364" lon="13.107127"/>
<trkpt lat="47.159240" lon="13.107133"/>
</trkseg>
<trkseg>
<trkpt lat="47.165340" lon="13.110631"/>
<trkpt lat="47.165209" lon="13.110558"/>
<trkpt lat="47.165118" lon="13.110494"/>
<trkpt lat="47.165022" lon="13.110425"/>
<trkpt lat="47.164917" lon="13.110352"/>
<trkpt lat="47.164881" lon="13.110327"/>
<trkpt lat="47.164766" lon="13.110240"/>
<trkpt lat="47.164637" lon="13.110137"/>
<trkpt lat="47.164463" lon="13.109974"/>
<trkpt lat="47.164389" lon="13.109905"/>
<trkpt lat="47.164333" lon="13.109849"/>
</trkseg>
<trkseg>
<trkpt lat="47.171028" lon="13.107452"/>
<trkpt lat="47.170868" lon="13.107677"/>
</trkseg>
<trkseg>
<trkpt lat="47.175869" lon="13.104097"/>
<trkpt lat="47.176033" lon="13.104104"/>
<trkpt lat="47.176145" lon="13.104109"/>
<trkpt lat="47.176273" lon="13.104115"/>
<trkpt lat="47.176729" lon="13.104136"/>
<trkpt lat="47.176928" lon="13.104145"/>
<trkpt lat="47.176968" lon="13.104146"/>
<trkpt lat="47.177131" lon="13.104154"/>
</trkseg>
<trkseg>
<trkpt lat="47.414014" lon="13.216858"/>
<trkpt lat="47.413928" lon="13.217522"/>
</trkseg>
<trkseg>
<trkpt lat="47.414046" lon="13.220080"/>
<trkpt lat="47.413977" lon="13.219978"/>
<trkpt lat="47.413920" lon="13.219858"/>
<trkpt lat="47.413882" lon="13.219747"/>
<trkpt lat="47.413834" lon="13.219625"/>
<trkpt lat="47.413768" lon="13.219504"/>
<trkpt lat="47.413668" lon="13.219376"/>
<trkpt lat="47.413542" lon="13.219248"/>
</trkseg>
<trkseg>
<trkpt lat="47.415557" lon="13.218156"/>
<trkpt lat="47.415612" lon="13.218230"/>
<trkpt lat="47.415799" lon="13.218389"/>
<trkpt lat="47.415902" lon="13.218463"/>
</trkseg>
<trkseg>
<trkpt lat="47.409602" lon="13.219661"/>
<trkpt lat="47.409505" lon="13.219623"/>
<trkpt lat="47.409359" lon="13.219583"/>
<trkpt lat="47.409182" lon="13.219564"/>
<trkpt lat="47.408965" lon="13.219579"/>
<trkpt lat="47.408786" lon="13.219611"/>
<trkpt lat="47.408636" lon="13.219652"/>
<trkpt lat="47.408495" lon="13.219708"/>
<trkpt lat="47.408352" lon="13.219791"/>
<trkpt lat="47.408160" lon="13.219933"/>
<trkpt lat="47.407992" lon="13.220084"/>
<trkpt lat="47.407924" lon="13.220140"/>
<trkpt lat="47.407773" lon="13.220275"/>
<trkpt lat="47.407614" lon="13.220415"/>
<trkpt lat="47.407522" lon="13.220497"/>
<trkpt lat="47.407474" lon="13.220588"/>
<trkpt lat="47.407446" lon="13.220637"/>
<trkpt lat="47.407407" lon="13.220706"/>
<trkpt lat="47.407278" lon="13.220849"/>
<trkpt lat="47.407112" lon="13.221002"/>
<trkpt lat="47.406990" lon="13.221120"/>
<trkpt lat="47.406847" lon="13.221255"/>
</trkseg>
<trkseg>
<trkpt lat="47.414014" lon="13.216858"/>
<trkpt lat="47.414230" lon="13.216977"/>
<trkpt lat="47.414253" lon="13.216993"/>
<trkpt lat="47.414277" lon="13.217017"/>
<trkpt lat="47.414389" lon="13.217154"/>
<trkpt lat="47.414514" lon="13.217352"/>
<trkpt lat="47.414618" lon="13.217575"/>
<trkpt lat="47.414687" lon="13.217680"/>
<trkpt lat="47.414745" lon="13.217750"/>
</trkseg>
<trkseg>
<trkpt lat="47.171347" lon="13.106403"/>
<trkpt lat="47.171366" lon="13.106366"/>
<trkpt lat="47.171432" lon="13.106259"/>
<trkpt lat="47.171417" lon="13.106145"/>
<trkpt lat="47.171555" lon="13.105986"/>
<trkpt lat="47.171585" lon="13.105917"/>
</trkseg>
<trkseg>
<trkpt lat="47.159240" lon="13.107133"/>
<trkpt lat="47.159206" lon="13.107136"/>
<trkpt lat="47.158934" lon="13.107181"/>
<trkpt lat="47.158916" lon="13.107184"/>
<trkpt lat="47.158773" lon="13.107208"/>
<trkpt lat="47.158608" lon="13.107243"/>
<trkpt lat="47.158555" lon="13.107253"/>
<trkpt lat="47.158467" lon="13.107273"/>
<trkpt lat="47.158419" lon="13.107291"/>
<trkpt lat="47.158180" lon="13.107381"/>
<trkpt lat="47.158110" lon="13.107407"/>
<trkpt lat="47.158088" lon="13.107415"/>
<trkpt lat="47.158010" lon="13.107444"/>
<trkpt lat="47.157705" lon="13.107605"/>
</trkseg>
<trkseg>
<trkpt lat="47.151515" lon="13.113284"/>
<trkpt lat="47.151505" lon="13.113342"/>
<trkpt lat="47.151270" lon="13.114050"/>
<trkpt lat="47.151233" lon="13.114227"/>
<trkpt lat="47.151236" lon="13.114372"/>
<trkpt lat="47.151236" lon="13.114587"/>
</trkseg>
<trkseg>
<trkpt lat="47.109521" lon="13.136158"/>
<trkpt lat="47.109909" lon="13.136454"/>
<trkpt lat="47.110020" lon="13.136518"/>
<trkpt lat="47.110131" lon="13.136548"/>
<trkpt lat="47.110840" lon="13.136589"/>
<trkpt lat="47.110921" lon="13.136583"/>
<trkpt lat="47.111070" lon="13.136532"/>
<trkpt lat="47.111164" lon="13.136468"/>
<trkpt lat="47.111330" lon="13.136363"/>
</trkseg>
<trkseg>
<trkpt lat="47.118514" lon="13.133943"/>
<trkpt lat="47.118453" lon="13.133786"/>
<trkpt lat="47.118407" lon="13.133717"/>
<trkpt lat="47.118361" lon="13.133687"/>
<trkpt lat="47.118290" lon="13.133664"/>
<trkpt lat="47.118046" lon="13.133662"/>
<trkpt lat="47.117934" lon="13.133630"/>
<trkpt lat="47.117763" lon="13.133566"/>
<trkpt lat="47.117646" lon="13.133554"/>
<trkpt lat="47.117532" lon="13.133591"/>
<trkpt lat="47.117176" lon="13.133819"/>
<trkpt lat="47.117023" lon="13.133855"/>
<trkpt lat="47.116901" lon="13.133829"/>
<trkpt lat="47.116770" lon="13.133766"/>
<trkpt lat="47.116247" lon="13.133493"/>
<trkpt lat="47.116007" lon="13.133313"/>
<trkpt lat="47.115713" lon="13.132991"/>
<trkpt lat="47.115238" lon="13.132481"/>
<trkpt lat="47.115098" lon="13.132339"/>
<trkpt lat="47.114964" lon="13.132260"/>
<trkpt lat="47.114692" lon="13.132143"/>
<trkpt lat="47.114532" lon="13.132126"/>
<trkpt lat="47.113765" lon="13.132169"/>
<trkpt lat="47.113415" lon="13.132132"/>
<trkpt lat="47.113271" lon="13.132176"/>
</trkseg>
<trkseg>
<trkpt lat="47.109141" lon="13.133833"/>
<trkpt lat="47.109107" lon="13.133866"/>
</trkseg>
<trkseg>
<trkpt lat="47.207214" lon="13.109166"/>
<trkpt lat="47.207276" lon="13.109263"/>
</trkseg>
<trkseg>
<trkpt lat="47.207276" lon="13.109263"/>
<trkpt lat="47.207303" lon="13.109305"/>
<trkpt lat="47.207499" lon="13.109611"/>
<trkpt lat="47.207731" lon="13.109935"/>
<trkpt lat="47.207896" lon="13.110147"/>
<trkpt lat="47.208169" lon="13.110455"/>
<trkpt lat="47.208314" lon="13.110555"/>
<trkpt lat="47.208363" lon="13.110578"/>
<trkpt lat="47.208591" lon="13.110710"/>
<trkpt lat="47.208865" lon="13.110722"/>
<trkpt lat="47.208923" lon="13.110603"/>
<trkpt lat="47.208964" lon="13.110407"/>
<trkpt lat="47.208949" lon="13.110196"/>
<trkpt lat="47.208976" lon="13.110003"/>
<trkpt lat="47.208998" lon="13.109849"/>
<trkpt lat="47.209040" lon="13.109766"/>
<trkpt lat="47.209197" lon="13.109410"/>
<trkpt lat="47.209265" lon="13.109412"/>
<trkpt lat="47.209361" lon="13.109502"/>
<trkpt lat="47.209552" lon="13.109680"/>
<trkpt lat="47.209632" lon="13.109720"/>
<trkpt lat="47.209894" lon="13.109854"/>
<trkpt lat="47.210086" lon="13.109885"/>
<trkpt lat="47.210479" lon="13.109948"/>
<trkpt lat="47.210568" lon="13.109962"/>
<trkpt lat="47.210698" lon="13.109983"/>
</trkseg>
<trkseg>
<trkpt lat="47.214745" lon="13.110418"/>
<trkpt lat="47.214979" lon="13.110322"/>
<trkpt lat="47.215239" lon="13.110193"/>
<trkpt lat="47.215414" lon="13.110116"/>
<trkpt lat="47.215460" lon="13.110103"/>
<trkpt lat="47.216121" lon="13.110039"/>
<trkpt lat="47.216225" lon="13.110047"/>
<trkpt lat="47.216319" lon="13.110053"/>
<trkpt lat="47.216580" lon="13.110127"/>
<trkpt lat="47.216692" lon="13.110162"/>
<trkpt lat="47.216811" lon="13.110181"/>
<trkpt lat="47.217031" lon="13.110188"/>
<trkpt lat="47.217140" lon="13.110166"/>
<trkpt lat="47.217343" lon="13.110086"/>
<trkpt lat="47.217634" lon="13.110003"/>
<trkpt lat="47.217675" lon="13.110003"/>
<trkpt lat="47.217790" lon="13.110002"/>
<trkpt lat="47.217961" lon="13.110039"/>
<trkpt lat="47.218032" lon="13.110072"/>
<trkpt lat="47.218190" lon="13.110167"/>
<trkpt lat="47.218207" lon="13.110180"/>
<trkpt lat="47.218260" lon="13.110220"/>
<trkpt lat="47.218487" lon="13.110428"/>
<trkpt lat="47.218698" lon="13.110612"/>
</trkseg>
<trkseg>
<trkpt lat="47.218767" lon="13.110662"/>
<trkpt lat="47.218795" lon="13.110679"/>
<trkpt lat="47.218848" lon="13.110713"/>
</trkseg>
<trkseg>
<trkpt lat="47.107756" lon="13.135281"/>
<trkpt lat="47.107834" lon="13.135364"/>
</trkseg>
<trkseg>
<trkpt lat="47.107834" lon="13.135364"/>
<trkpt lat="47.107861" lon="13.135395"/>
<trkpt lat="47.108067" lon="13.135667"/>
<trkpt lat="47.108218" lon="13.135871"/>
</trkseg>
<trkseg>
<trkpt lat="47.112428" lon="13.132438"/>
<trkpt lat="47.112384" lon="13.132445"/>
<trkpt lat="47.112201" lon="13.132472"/>
</trkseg>
<trkseg>
<trkpt lat="47.113322" lon="13.135033"/>
<trkpt lat="47.113028" lon="13.135124"/>
</trkseg>
<trkseg>
<trkpt lat="47.111330" lon="13.136363"/>
<trkpt lat="47.111364" lon="13.136349"/>
<trkpt lat="47.111407" lon="13.136348"/>
<trkpt lat="47.111483" lon="13.136368"/>
<trkpt lat="47.111617" lon="13.136416"/>
<trkpt lat="47.111728" lon="13.136398"/>
<trkpt lat="47.111796" lon="13.136328"/>
<trkpt lat="47.111964" lon="13.136113"/>
<trkpt lat="47.112362" lon="13.135863"/>
</trkseg>
<trkseg>
<trkpt lat="47.112828" lon="13.135255"/>
<trkpt lat="47.112527" lon="13.135644"/>
<trkpt lat="47.112362" lon="13.135863"/>
</trkseg>
<trkseg>
<trkpt lat="47.109301" lon="13.134322"/>
<trkpt lat="47.109476" lon="13.134774"/>
<trkpt lat="47.109525" lon="13.135110"/>
<trkpt lat="47.109533" lon="13.135552"/>
<trkpt lat="47.109537" lon="13.135768"/>
<trkpt lat="47.109539" lon="13.135942"/>
<trkpt lat="47.109521" lon="13.136158"/>
</trkseg>
<trkseg>
<trkpt lat="47.110578" lon="13.132735"/>
<trkpt lat="47.110330" lon="13.132796"/>
<trkpt lat="47.110199" lon="13.132861"/>
<trkpt lat="47.110139" lon="13.132904"/>
</trkseg>
<trkseg>
<trkpt lat="47.251478" lon="13.099749"/>
<trkpt lat="47.251491" lon="13.099757"/>
<trkpt lat="47.252031" lon="13.100142"/>
<trkpt lat="47.252240" lon="13.100225"/>
<trkpt lat="47.252529" lon="13.100257"/>
<trkpt lat="47.252608" lon="13.100266"/>
<trkpt lat="47.252749" lon="13.099963"/>
<trkpt lat="47.252820" lon="13.099727"/>
<trkpt lat="47.253094" lon="13.098845"/>
<trkpt lat="47.253186" lon="13.098549"/>
<trkpt lat="47.253267" lon="13.098311"/>
<trkpt lat="47.253397" lon="13.097819"/>
<trkpt lat="47.253428" lon="13.097754"/>
<trkpt lat="47.253564" lon="13.097438"/>
<trkpt lat="47.253788" lon="13.097060"/>
<trkpt lat="47.253897" lon="13.096933"/>
<trkpt lat="47.253959" lon="13.096881"/>
<trkpt lat="47.254160" lon="13.096734"/>
<trkpt lat="47.254395" lon="13.096579"/>
<trkpt lat="47.254450" lon="13.096543"/>
</trkseg>
<trkseg>
<trkpt lat="47.199590" lon="13.105674"/>
<trkpt lat="47.199520" lon="13.105725"/>
<trkpt lat="47.199236" lon="13.105798"/>
<trkpt lat="47.199027" lon="13.105817"/>
<trkpt lat="47.198791" lon="13.105784"/>
<trkpt lat="47.198561" lon="13.105742"/>
<trkpt lat="47.198472" lon="13.105725"/>
<trkpt lat="47.198263" lon="13.105701"/>
<trkpt lat="47.198003" lon="13.105725"/>
<trkpt lat="47.197521" lon="13.105769"/>
<trkpt lat="47.197210" lon="13.105763"/>
<trkpt lat="47.196765" lon="13.105681"/>
<trkpt lat="47.196499" lon="13.105556"/>
<trkpt lat="47.196106" lon="13.105315"/>
<trkpt lat="47.195926" lon="13.105155"/>
<trkpt lat="47.195618" lon="13.104854"/>
<trkpt lat="47.195524" lon="13.104720"/>
<trkpt lat="47.195409" lon="13.104557"/>
<trkpt lat="47.195171" lon="13.104150"/>
<trkpt lat="47.194990" lon="13.103842"/>
<trkpt lat="47.194858" lon="13.103616"/>
</trkseg>
<trkseg>
<trkpt lat="47.237640" lon="13.108142"/>
<trkpt lat="47.237590" lon="13.108158"/>
</trkseg>
<trkseg>
<trkpt lat="47.237590" lon="13.108158"/>
<trkpt lat="47.237569" lon="13.108162"/>
<trkpt lat="47.237554" lon="13.108166"/>
<trkpt lat="47.236254" lon="13.108595"/>
<trkpt lat="47.236103" lon="13.108610"/>
<trkpt lat="47.235989" lon="13.108582"/>
<trkpt lat="47.235641" lon="13.108369"/>
<trkpt lat="47.235466" lon="13.108303"/>
<trkpt lat="47.235009" lon="13.108193"/>
<trkpt lat="47.234452" lon="13.108120"/>
<trkpt lat="47.234273" lon="13.108126"/>
<trkpt lat="47.234089" lon="13.108194"/>
<trkpt lat="47.233847" lon="13.108312"/>
<trkpt lat="47.233517" lon="13.108550"/>
<trkpt lat="47.233413" lon="13.108646"/>
<trkpt lat="47.233307" lon="13.108755"/>
<trkpt lat="47.232514" lon="13.109725"/>
<trkpt lat="47.232415" lon="13.109846"/>
<trkpt lat="47.232226" lon="13.109896"/>
<trkpt lat="47.231971" lon="13.109805"/>
<trkpt lat="47.231808" lon="13.109670"/>
<trkpt lat="47.231653" lon="13.109488"/>
<trkpt lat="47.231441" lon="13.108991"/>
<trkpt lat="47.231337" lon="13.108872"/>
<trkpt lat="47.231158" lon="13.108731"/>
<trkpt lat="47.230831" lon="13.108593"/>
<trkpt lat="47.230653" lon="13.108550"/>
<trkpt lat="47.230370" lon="13.108575"/>
<trkpt lat="47.230149" lon="13.108636"/>
<trkpt lat="47.229801" lon="13.108787"/>
</trkseg>
<trkseg>
<trkpt lat="47.219755" lon="13.110919"/>
<trkpt lat="47.219344" lon="13.110816"/>
<trkpt lat="47.219000" lon="13.110754"/>
<trkpt lat="47.218848" lon="13.110713"/>
</trkseg>
<trkseg>
<trkpt lat="47.279421" lon="13.076809"/>
<trkpt lat="47.279756" lon="13.076597"/>
<trkpt lat="47.280048" lon="13.076324"/>
<trkpt lat="47.280285" lon="13.076025"/>
<trkpt lat="47.280494" lon="13.075686"/>
</trkseg>
<trkseg>
<trkpt lat="47.280494" lon="13.075686"/>
<trkpt lat="47.280542" lon="13.075586"/>
</trkseg>
<trkseg>
<trkpt lat="47.214745" lon="13.110418"/>
<trkpt lat="47.213044" lon="13.110525"/>
<trkpt lat="47.212742" lon="13.110530"/>
<trkpt lat="47.212717" lon="13.110530"/>
<trkpt lat="47.212277" lon="13.110366"/>
<trkpt lat="47.211919" lon="13.110215"/>
<trkpt lat="47.211761" lon="13.110164"/>
<trkpt lat="47.211599" lon="13.110128"/>
<trkpt lat="47.211310" lon="13.110062"/>
<trkpt lat="47.210777" lon="13.109993"/>
<trkpt lat="47.210698" lon="13.109983"/>
</trkseg>
<trkseg>
<trkpt lat="47.108485" lon="13.136112"/>
<trkpt lat="47.108665" lon="13.136083"/>
</trkseg>
<trkseg>
<trkpt lat="47.172836" lon="13.104646"/>
<trkpt lat="47.173181" lon="13.104619"/>
<trkpt lat="47.173456" lon="13.104605"/>
<trkpt lat="47.173648" lon="13.104564"/>
<trkpt lat="47.173764" lon="13.104540"/>
<trkpt lat="47.173961" lon="13.104501"/>
<trkpt lat="47.174252" lon="13.104418"/>
<trkpt lat="47.174504" lon="13.104347"/>
<trkpt lat="47.174681" lon="13.104296"/>
</trkseg>
<trkseg>
<trkpt lat="47.164333" lon="13.109849"/>
<trkpt lat="47.164246" lon="13.109757"/>
</trkseg>
<trkseg>
<trkpt lat="47.170519" lon="13.108109"/>
<trkpt lat="47.170379" lon="13.108274"/>
<trkpt lat="47.170282" lon="13.108413"/>
<trkpt lat="47.170213" lon="13.108476"/>
<trkpt lat="47.170161" lon="13.108523"/>
</trkseg>
<trkseg>
<trkpt lat="47.293805" lon="13.057161"/>
<trkpt lat="47.293923" lon="13.057318"/>
<trkpt lat="47.294010" lon="13.057480"/>
<trkpt lat="47.294082" lon="13.057654"/>
<trkpt lat="47.294143" lon="13.057848"/>
<trkpt lat="47.294204" lon="13.058129"/>
<trkpt lat="47.294265" lon="13.058609"/>
<trkpt lat="47.294311" lon="13.059092"/>
<trkpt lat="47.294337" lon="13.059554"/>
</trkseg>
<trkseg>
<trkpt lat="47.163606" lon="13.109039"/>
<trkpt lat="47.163252" lon="13.108632"/>
</trkseg>
<trkseg>
<trkpt lat="47.162977" lon="13.108314"/>
<trkpt lat="47.162939" lon="13.108266"/>
</trkseg>
<trkseg>
<trkpt lat="47.205546" lon="13.107258"/>
<trkpt lat="47.205994" lon="13.107649"/>
<trkpt lat="47.206085" lon="13.107775"/>
<trkpt lat="47.206608" lon="13.108372"/>
<trkpt lat="47.206725" lon="13.108525"/>
<trkpt lat="47.207119" lon="13.109019"/>
<trkpt lat="47.207214" lon="13.109166"/>
</trkseg>
<trkseg>
<trkpt lat="47.202809" lon="13.106173"/>
<trkpt lat="47.202859" lon="13.106183"/>
<trkpt lat="47.203153" lon="13.106310"/>
<trkpt lat="47.203428" lon="13.106373"/>
<trkpt lat="47.203690" lon="13.106395"/>
</trkseg>
<trkseg>
<trkpt lat="47.203690" lon="13.106395"/>
<trkpt lat="47.203742" lon="13.106397"/>
<trkpt lat="47.203789" lon="13.106399"/>
<trkpt lat="47.203898" lon="13.106437"/>
<trkpt lat="47.204324" lon="13.106607"/>
<trkpt lat="47.204740" lon="13.106808"/>
<trkpt lat="47.205154" lon="13.107017"/>
<trkpt lat="47.205546" lon="13.107258"/>
</trkseg>
<trkseg>
<trkpt lat="47.319894" lon="13.151798"/>
<trkpt lat="47.319443" lon="13.151849"/>
<trkpt lat="47.319431" lon="13.151851"/>
</trkseg>
<trkseg>
<trkpt lat="47.319917" lon="13.151795"/>
<trkpt lat="47.319894" lon="13.151798"/>
</trkseg>
<trkseg>
<trkpt lat="47.323284" lon="13.166128"/>
<trkpt lat="47.323329" lon="13.166007"/>
<trkpt lat="47.323351" lon="13.165965"/>
<trkpt lat="47.323565" lon="13.165770"/>
</trkseg>
<trkseg>
<trkpt lat="47.414497" lon="13.218972"/>
<trkpt lat="47.414611" lon="13.219035"/>
<trkpt lat="47.414657" lon="13.219068"/>
<trkpt lat="47.414690" lon="13.219104"/>
<trkpt lat="47.414714" lon="13.219147"/>
</trkseg>
<trkseg>
<trkpt lat="47.218698" lon="13.110612"/>
<trkpt lat="47.218767" lon="13.110662"/>
</trkseg>
<trkseg>
<trkpt lat="47.199590" lon="13.105674"/>
<trkpt lat="47.199666" lon="13.105672"/>
</trkseg>
<trkseg>
<trkpt lat="47.171585" lon="13.105917"/>
<trkpt lat="47.171642" lon="13.105774"/>
<trkpt lat="47.171772" lon="13.105442"/>
</trkseg>
<trkseg>
<trkpt lat="47.174681" lon="13.104296"/>
<trkpt lat="47.174921" lon="13.104227"/>
<trkpt lat="47.175153" lon="13.104189"/>
<trkpt lat="47.175262" lon="13.104170"/>
<trkpt lat="47.175413" lon="13.104145"/>
<trkpt lat="47.175461" lon="13.104138"/>
<trkpt lat="47.175537" lon="13.104127"/>
<trkpt lat="47.175657" lon="13.104107"/>
<trkpt lat="47.175703" lon="13.104100"/>
<trkpt lat="47.175869" lon="13.104097"/>
</trkseg>
<trkseg>
<trkpt lat="47.171028" lon="13.107452"/>
<trkpt lat="47.171023" lon="13.107431"/>
<trkpt lat="47.170961" lon="13.107188"/>
<trkpt lat="47.170911" lon="13.106998"/>
</trkseg>
<trkseg>
<trkpt lat="47.177516" lon="13.104173"/>
<trkpt lat="47.177551" lon="13.104174"/>
<trkpt lat="47.177628" lon="13.104178"/>
<trkpt lat="47.177898" lon="13.104188"/>
<trkpt lat="47.178081" lon="13.104185"/>
<trkpt lat="47.178126" lon="13.104181"/>
<trkpt lat="47.178317" lon="13.104124"/>
<trkpt lat="47.178467" lon="13.104064"/>
<trkpt lat="47.178680" lon="13.103929"/>
<trkpt lat="47.179153" lon="13.103518"/>
</trkseg>
<trkseg>
<trkpt lat="47.170161" lon="13.108523"/>
<trkpt lat="47.170032" lon="13.108648"/>
<trkpt lat="47.169807" lon="13.108852"/>
<trkpt lat="47.169218" lon="13.109545"/>
</trkseg>
<trkseg>
<trkpt lat="47.322171" lon="13.181154"/>
<trkpt lat="47.322009" lon="13.180946"/>
<trkpt lat="47.321865" lon="13.180725"/>
<trkpt lat="47.321700" lon="13.180442"/>
<trkpt lat="47.321548" lon="13.180203"/>
<trkpt lat="47.321467" lon="13.180046"/>
<trkpt lat="47.321415" lon="13.179889"/>
<trkpt lat="47.321285" lon="13.179578"/>
<trkpt lat="47.321224" lon="13.179415"/>
<trkpt lat="47.321175" lon="13.179213"/>
<trkpt lat="47.321142" lon="13.178975"/>
</trkseg>
<trkseg>
<trkpt lat="47.243640" lon="13.102967"/>
<trkpt lat="47.243718" lon="13.102947"/>
</trkseg>
<trkseg>
<trkpt lat="47.243718" lon="13.102947"/>
<trkpt lat="47.243751" lon="13.102940"/>
</trkseg>
<trkseg>
<trkpt lat="47.355753" lon="13.202611"/>
<trkpt lat="47.355811" lon="13.202633"/>
<trkpt lat="47.355868" lon="13.202654"/>
</trkseg>
<trkseg>
<trkpt lat="47.108665" lon="13.136083"/>
<trkpt lat="47.108720" lon="13.136072"/>
</trkseg>
<trkseg>
<trkpt lat="47.414745" lon="13.217750"/>
<trkpt lat="47.414789" lon="13.217786"/>
<trkpt lat="47.414918" lon="13.217872"/>
<trkpt lat="47.415092" lon="13.217938"/>
</trkseg>
<trkseg>
<trkpt lat="47.414083" lon="13.220140"/>
<trkpt lat="47.414046" lon="13.220080"/>
</trkseg>
<trkseg>
<trkpt lat="47.413872" lon="13.217950"/>
<trkpt lat="47.413928" lon="13.217522"/>
</trkseg>
<trkseg>
<trkpt lat="47.392749" lon="13.219195"/>
<trkpt lat="47.392772" lon="13.219212"/>
<trkpt lat="47.393105" lon="13.219466"/>
<trkpt lat="47.393410" lon="13.219652"/>
<trkpt lat="47.393509" lon="13.219703"/>
<trkpt lat="47.393640" lon="13.219812"/>
<trkpt lat="47.393784" lon="13.219947"/>
<trkpt lat="47.393858" lon="13.220028"/>
<trkpt lat="47.393911" lon="13.220134"/>
<trkpt lat="47.393933" lon="13.220191"/>
<trkpt lat="47.393948" lon="13.220266"/>
<trkpt lat="47.393968" lon="13.220421"/>
<trkpt lat="47.393984" lon="13.220590"/>
<trkpt lat="47.394011" lon="13.220706"/>
<trkpt lat="47.394032" lon="13.220782"/>
<trkpt lat="47.394097" lon="13.220922"/>
<trkpt lat="47.394182" lon="13.221059"/>
<trkpt lat="47.394233" lon="13.221142"/>
<trkpt lat="47.394250" lon="13.221196"/>
<trkpt lat="47.394272" lon="13.221265"/>
<trkpt lat="47.394280" lon="13.221371"/>
<trkpt lat="47.394275" lon="13.221546"/>
<trkpt lat="47.394262" lon="13.221828"/>
<trkpt lat="47.394247" lon="13.221953"/>
<trkpt lat="47.394212" lon="13.222218"/>
<trkpt lat="47.394113" lon="13.222611"/>
<trkpt lat="47.394101" lon="13.222662"/>
<trkpt lat="47.394080" lon="13.222791"/>
<trkpt lat="47.394071" lon="13.222890"/>
<trkpt lat="47.394095" lon="13.223076"/>
<trkpt lat="47.394119" lon="13.223203"/>
<trkpt lat="47.394199" lon="13.223445"/>
<trkpt lat="47.394362" lon="13.223795"/>
<trkpt lat="47.394651" lon="13.224360"/>
<trkpt lat="47.394725" lon="13.224504"/>
<trkpt lat="47.394757" lon="13.224562"/>
<trkpt lat="47.394803" lon="13.224646"/>
<trkpt lat="47.394945" lon="13.224865"/>
<trkpt lat="47.395074" lon="13.225033"/>
<trkpt lat="47.395242" lon="13.225223"/>
<trkpt lat="47.395545" lon="13.225516"/>
<trkpt lat="47.395718" lon="13.225675"/>
<trkpt lat="47.395778" lon="13.225748"/>
<trkpt lat="47.395893" lon="13.225891"/>
<trkpt lat="47.395963" lon="13.225937"/>
<trkpt lat="47.396055" lon="13.225964"/>
<trkpt lat="47.396121" lon="13.225989"/>
<trkpt lat="47.396158" lon="13.226005"/>
</trkseg>
<trkseg>
<trkpt lat="47.242098" lon="13.105474"/>
<trkpt lat="47.242071" lon="13.105491"/>
</trkseg>
<trkseg>
<trkpt lat="47.318282" lon="13.149856"/>
<trkpt lat="47.318161" lon="13.149913"/>
<trkpt lat="47.318137" lon="13.149941"/>
</trkseg>
<trkseg>
<trkpt lat="47.275827" lon="13.076102"/>
<trkpt lat="47.275891" lon="13.076024"/>
<trkpt lat="47.275959" lon="13.075983"/>
<trkpt lat="47.276095" lon="13.075956"/>
<trkpt lat="47.276250" lon="13.075965"/>
<trkpt lat="47.276330" lon="13.075999"/>
<trkpt lat="47.276400" lon="13.076042"/>
</trkseg>
<trkseg>
<trkpt lat="47.280654" lon="13.075367"/>
<trkpt lat="47.281248" lon="13.074187"/>
<trkpt lat="47.281911" lon="13.072870"/>
<trkpt lat="47.283540" lon="13.069642"/>
<trkpt lat="47.284631" lon="13.067441"/>
<trkpt lat="47.285871" lon="13.065025"/>
<trkpt lat="47.286434" lon="13.063902"/>
<trkpt lat="47.287239" lon="13.062257"/>
<trkpt lat="47.287596" lon="13.061714"/>
<trkpt lat="47.287936" lon="13.061265"/>
<trkpt lat="47.288226" lon="13.060970"/>
<trkpt lat="47.288521" lon="13.060737"/>
<trkpt lat="47.288919" lon="13.060522"/>
<trkpt lat="47.289257" lon="13.060364"/>
<trkpt lat="47.289711" lon="13.060151"/>
</trkseg>
<trkseg>
<trkpt lat="47.244950" lon="13.102067"/>
<trkpt lat="47.244980" lon="13.102056"/>
<trkpt lat="47.245222" lon="13.102003"/>
<trkpt lat="47.245387" lon="13.101890"/>
<trkpt lat="47.245680" lon="13.101658"/>
</trkseg>
<trkseg>
<trkpt lat="47.243751" lon="13.102940"/>
<trkpt lat="47.243797" lon="13.102858"/>
<trkpt lat="47.243878" lon="13.102727"/>
<trkpt lat="47.243982" lon="13.102622"/>
<trkpt lat="47.244006" lon="13.102603"/>
<trkpt lat="47.244098" lon="13.102533"/>
<trkpt lat="47.244269" lon="13.102415"/>
<trkpt lat="47.244440" lon="13.102306"/>
<trkpt lat="47.244656" lon="13.102197"/>
<trkpt lat="47.244814" lon="13.102113"/>
<trkpt lat="47.244950" lon="13.102067"/>
</trkseg>
<trkseg>
<trkpt lat="47.117971" lon="13.137745"/>
<trkpt lat="47.118058" lon="13.138039"/>
<trkpt lat="47.118090" lon="13.138094"/>
<trkpt lat="47.118324" lon="13.138265"/>
<trkpt lat="47.118466" lon="13.138408"/>
<trkpt lat="47.118776" lon="13.138758"/>
<trkpt lat="47.118826" lon="13.138797"/>
<trkpt lat="47.118915" lon="13.138804"/>
<trkpt lat="47.119010" lon="13.138809"/>
<trkpt lat="47.119218" lon="13.138859"/>
<trkpt lat="47.119364" lon="13.138840"/>
<trkpt lat="47.119535" lon="13.138867"/>
</trkseg>
<trkseg>
<trkpt lat="47.116282" lon="13.136686"/>
<trkpt lat="47.116450" lon="13.136944"/>
<trkpt lat="47.116577" lon="13.137190"/>
<trkpt lat="47.116696" lon="13.137349"/>
<trkpt lat="47.116834" lon="13.137462"/>
<trkpt lat="47.116944" lon="13.137527"/>
<trkpt lat="47.117186" lon="13.137603"/>
</trkseg>
<trkseg>
<trkpt lat="47.334036" lon="13.190706"/>
<trkpt lat="47.334055" lon="13.190693"/>
</trkseg>
<trkseg>
<trkpt lat="47.319362" lon="13.151865"/>
<trkpt lat="47.319317" lon="13.151772"/>
<trkpt lat="47.319295" lon="13.151634"/>
<trkpt lat="47.319292" lon="13.151478"/>
<trkpt lat="47.319290" lon="13.151295"/>
<trkpt lat="47.319290" lon="13.151222"/>
</trkseg>
<trkseg>
<trkpt lat="47.345033" lon="13.196138"/>
<trkpt lat="47.344845" lon="13.196155"/>
<trkpt lat="47.344705" lon="13.196119"/>
<trkpt lat="47.344522" lon="13.196087"/>
<trkpt lat="47.344361" lon="13.196053"/>
<trkpt lat="47.344225" lon="13.196017"/>
<trkpt lat="47.344173" lon="13.196001"/>
<trkpt lat="47.344082" lon="13.195973"/>
<trkpt lat="47.343915" lon="13.195864"/>
<trkpt lat="47.343746" lon="13.195774"/>
<trkpt lat="47.343523" lon="13.195641"/>
<trkpt lat="47.343382" lon="13.195547"/>
<trkpt lat="47.343260" lon="13.195430"/>
<trkpt lat="47.343209" lon="13.195391"/>
</trkseg>
<trkseg>
<trkpt lat="47.337915" lon="13.198853"/>
<trkpt lat="47.337909" lon="13.198876"/>
</trkseg>
<trkseg>
<trkpt lat="47.319290" lon="13.151222"/>
<trkpt lat="47.319289" lon="13.151101"/>
<trkpt lat="47.319280" lon="13.150935"/>
<trkpt lat="47.319244" lon="13.150539"/>
</trkseg>
<trkseg>
<trkpt lat="47.278024" lon="13.076837"/>
<trkpt lat="47.278155" lon="13.076908"/>
<trkpt lat="47.278459" lon="13.076976"/>
<trkpt lat="47.278735" lon="13.076997"/>
<trkpt lat="47.279010" lon="13.076955"/>
<trkpt lat="47.279222" lon="13.076895"/>
<trkpt lat="47.279421" lon="13.076809"/>
</trkseg>
<trkseg>
<trkpt lat="47.277826" lon="13.076734"/>
<trkpt lat="47.278024" lon="13.076837"/>
</trkseg>
<trkseg>
<trkpt lat="47.170868" lon="13.107677"/>
<trkpt lat="47.170519" lon="13.108109"/>
</trkseg>
<trkseg>
<trkpt lat="47.171327" lon="13.106427"/>
<trkpt lat="47.171347" lon="13.106403"/>
</trkseg>
<trkseg>
<trkpt lat="47.414635" lon="13.220328"/>
<trkpt lat="47.414632" lon="13.220288"/>
<trkpt lat="47.414617" lon="13.220251"/>
<trkpt lat="47.414592" lon="13.220229"/>
</trkseg>
<trkseg>
<trkpt lat="47.113271" lon="13.132176"/>
<trkpt lat="47.113043" lon="13.132321"/>
<trkpt lat="47.112907" lon="13.132377"/>
<trkpt lat="47.112578" lon="13.132418"/>
<trkpt lat="47.112428" lon="13.132438"/>
</trkseg>
<trkseg>
<trkpt lat="47.108218" lon="13.135871"/>
<trkpt lat="47.108372" lon="13.136073"/>
<trkpt lat="47.108425" lon="13.136108"/>
</trkseg>
<trkseg>
<trkpt lat="47.114549" lon="13.132870"/>
<trkpt lat="47.114512" lon="13.132863"/>
<trkpt lat="47.114330" lon="13.132897"/>
<trkpt lat="47.114258" lon="13.132914"/>
<trkpt lat="47.114060" lon="13.132987"/>
<trkpt lat="47.113855" lon="13.133064"/>
<trkpt lat="47.113824" lon="13.133107"/>
<trkpt lat="47.113816" lon="13.133182"/>
<trkpt lat="47.113815" lon="13.133523"/>
<trkpt lat="47.113775" lon="13.133641"/>
<trkpt lat="47.113653" lon="13.133968"/>
<trkpt lat="47.113593" lon="13.134294"/>
<trkpt lat="47.113588" lon="13.134654"/>
<trkpt lat="47.113535" lon="13.134824"/>
<trkpt lat="47.113476" lon="13.134925"/>
<trkpt lat="47.113421" lon="13.134979"/>
<trkpt lat="47.113322" lon="13.135033"/>
</trkseg>
<trkseg>
<trkpt lat="47.317797" lon="13.149018"/>
<trkpt lat="47.317734" lon="13.149016"/>
<trkpt lat="47.317673" lon="13.149029"/>
<trkpt lat="47.317618" lon="13.149043"/>
<trkpt lat="47.316912" lon="13.149375"/>
</trkseg>
<trkseg>
<trkpt lat="47.291567" lon="13.058057"/>
<trkpt lat="47.291694" lon="13.057855"/>
<trkpt lat="47.291734" lon="13.057799"/>
<trkpt lat="47.291796" lon="13.057716"/>
</trkseg>
<trkseg>
<trkpt lat="47.293285" lon="13.056918"/>
<trkpt lat="47.293403" lon="13.056933"/>
<trkpt lat="47.293432" lon="13.056974"/>
</trkseg>
<trkseg>
<trkpt lat="47.322032" lon="13.161964"/>
<trkpt lat="47.321925" lon="13.161915"/>
<trkpt lat="47.321822" lon="13.161848"/>
<trkpt lat="47.321673" lon="13.161750"/>
<trkpt lat="47.321535" lon="13.161680"/>
<trkpt lat="47.321396" lon="13.161647"/>
<trkpt lat="47.321242" lon="13.161614"/>
<trkpt lat="47.321044" lon="13.161573"/>
<trkpt lat="47.321027" lon="13.161571"/>
</trkseg>
<trkseg>
<trkpt lat="47.414737" lon="13.219231"/>
<trkpt lat="47.414752" lon="13.219253"/>
<trkpt lat="47.414769" lon="13.219271"/>
<trkpt lat="47.414788" lon="13.219283"/>
<trkpt lat="47.414808" lon="13.219290"/>
<trkpt lat="47.414830" lon="13.219291"/>
<trkpt lat="47.414852" lon="13.219286"/>
<trkpt lat="47.414872" lon="13.219273"/>
</trkseg>
<trkseg>
<trkpt lat="47.414714" lon="13.219147"/>
<trkpt lat="47.414718" lon="13.219177"/>
<trkpt lat="47.414726" lon="13.219205"/>
<trkpt lat="47.414737" lon="13.219231"/>
</trkseg>
<trkseg>
<trkpt lat="47.414872" lon="13.219273"/>
<trkpt lat="47.414891" lon="13.219255"/>
<trkpt lat="47.414906" lon="13.219232"/>
<trkpt lat="47.414918" lon="13.219205"/>
<trkpt lat="47.414926" lon="13.219177"/>
<trkpt lat="47.414930" lon="13.219147"/>
<trkpt lat="47.414930" lon="13.219117"/>
</trkseg>
<trkseg>
<trkpt lat="47.414930" lon="13.219117"/>
<trkpt lat="47.414926" lon="13.219087"/>
<trkpt lat="47.414918" lon="13.219058"/>
<trkpt lat="47.414907" lon="13.219033"/>
</trkseg>
<trkseg>
<trkpt lat="47.177131" lon="13.104154"/>
<trkpt lat="47.177190" lon="13.104157"/>
<trkpt lat="47.177516" lon="13.104173"/>
</trkseg>
<trkseg>
<trkpt lat="47.171826" lon="13.105334"/>
<trkpt lat="47.171985" lon="13.105190"/>
<trkpt lat="47.172015" lon="13.105144"/>
<trkpt lat="47.172191" lon="13.104856"/>
<trkpt lat="47.172426" lon="13.104732"/>
<trkpt lat="47.172619" lon="13.104663"/>
<trkpt lat="47.172836" lon="13.104646"/>
</trkseg>
<trkseg>
<trkpt lat="47.113028" lon="13.135124"/>
<trkpt lat="47.112828" lon="13.135255"/>
</trkseg>
<trkseg>
<trkpt lat="47.114537" lon="13.134591"/>
<trkpt lat="47.114522" lon="13.134765"/>
<trkpt lat="47.114441" lon="13.135267"/>
</trkseg>
<trkseg>
<trkpt lat="47.114248" lon="13.137453"/>
<trkpt lat="47.114266" lon="13.137539"/>
<trkpt lat="47.114387" lon="13.137675"/>
<trkpt lat="47.114490" lon="13.137801"/>
</trkseg>
<trkseg>
<trkpt lat="47.117186" lon="13.137603"/>
<trkpt lat="47.117556" lon="13.137655"/>
<trkpt lat="47.117874" lon="13.137650"/>
<trkpt lat="47.117911" lon="13.137660"/>
<trkpt lat="47.117939" lon="13.137683"/>
<trkpt lat="47.117971" lon="13.137745"/>
</trkseg>
<trkseg>
<trkpt lat="47.114714" lon="13.134002"/>
<trkpt lat="47.114679" lon="13.134020"/>
<trkpt lat="47.114624" lon="13.134105"/>
<trkpt lat="47.114590" lon="13.134191"/>
<trkpt lat="47.114548" lon="13.134505"/>
<trkpt lat="47.114537" lon="13.134591"/>
</trkseg>
<trkseg>
<trkpt lat="47.115881" lon="13.134275"/>
<trkpt lat="47.115771" lon="13.134199"/>
<trkpt lat="47.115637" lon="13.134115"/>
<trkpt lat="47.115532" lon="13.134050"/>
<trkpt lat="47.115418" lon="13.133983"/>
<trkpt lat="47.115250" lon="13.133931"/>
<trkpt lat="47.115092" lon="13.133933"/>
<trkpt lat="47.114769" lon="13.133973"/>
<trkpt lat="47.114714" lon="13.134002"/>
</trkseg>
<trkseg>
<trkpt lat="47.118180" lon="13.134331"/>
<trkpt lat="47.118347" lon="13.134272"/>
<trkpt lat="47.118474" lon="13.134210"/>
</trkseg>
<trkseg>
<trkpt lat="47.118430" lon="13.134076"/>
<trkpt lat="47.118180" lon="13.134331"/>
</trkseg>
<trkseg>
<trkpt lat="47.118514" lon="13.133943"/>
<trkpt lat="47.118430" lon="13.134076"/>
</trkseg>
<trkseg>
<trkpt lat="47.116481" lon="13.134773"/>
<trkpt lat="47.116298" lon="13.134634"/>
<trkpt lat="47.116196" lon="13.134543"/>
<trkpt lat="47.115944" lon="13.134319"/>
<trkpt lat="47.115881" lon="13.134275"/>
</trkseg>
<trkseg>
<trkpt lat="47.118180" lon="13.134331"/>
<trkpt lat="47.117887" lon="13.134534"/>
<trkpt lat="47.117776" lon="13.134611"/>
</trkseg>
<trkseg>
<trkpt lat="47.118474" lon="13.134210"/>
<trkpt lat="47.118430" lon="13.134076"/>
</trkseg>
<trkseg>
<trkpt lat="47.320054" lon="13.151914"/>
<trkpt lat="47.320069" lon="13.151899"/>
<trkpt lat="47.320082" lon="13.151881"/>
<trkpt lat="47.320092" lon="13.151859"/>
<trkpt lat="47.320099" lon="13.151834"/>
<trkpt lat="47.320104" lon="13.151806"/>
<trkpt lat="47.320103" lon="13.151777"/>
<trkpt lat="47.320099" lon="13.151748"/>
</trkseg>
<trkseg>
<trkpt lat="47.307477" lon="13.135165"/>
<trkpt lat="47.307417" lon="13.135105"/>
</trkseg>
<trkseg>
<trkpt lat="47.321359" lon="13.177164"/>
<trkpt lat="47.321385" lon="13.177024"/>
</trkseg>
<trkseg>
<trkpt lat="47.323723" lon="13.165061"/>
<trkpt lat="47.323732" lon="13.164853"/>
<trkpt lat="47.323732" lon="13.164780"/>
<trkpt lat="47.323741" lon="13.164729"/>
</trkseg>
<trkseg>
<trkpt lat="47.320034" lon="13.152109"/>
<trkpt lat="47.320051" lon="13.151949"/>
<trkpt lat="47.320054" lon="13.151914"/>
</trkseg>
<trkseg>
<trkpt lat="47.319989" lon="13.151926"/>
<trkpt lat="47.320034" lon="13.152109"/>
</trkseg>
<trkseg>
<trkpt lat="47.280542" lon="13.075586"/>
<trkpt lat="47.280654" lon="13.075367"/>
</trkseg>
<trkseg>
<trkpt lat="47.289711" lon="13.060151"/>
<trkpt lat="47.289881" lon="13.060063"/>
<trkpt lat="47.289931" lon="13.060040"/>
</trkseg>
<trkseg>
<trkpt lat="47.387259" lon="13.213927"/>
<trkpt lat="47.387304" lon="13.214070"/>
<trkpt lat="47.387347" lon="13.214192"/>
<trkpt lat="47.387386" lon="13.214335"/>
<trkpt lat="47.387416" lon="13.214472"/>
<trkpt lat="47.387459" lon="13.214633"/>
</trkseg>
<trkseg>
<trkpt lat="47.387194" lon="13.213823"/>
<trkpt lat="47.387259" lon="13.213927"/>
</trkseg>
<trkseg>
<trkpt lat="47.374086" lon="13.210504"/>
<trkpt lat="47.374232" lon="13.210547"/>
<trkpt lat="47.374417" lon="13.210593"/>
</trkseg>
<trkseg>
<trkpt lat="47.355868" lon="13.202654"/>
<trkpt lat="47.355913" lon="13.202669"/>
</trkseg>
<trkseg>
<trkpt lat="47.355722" lon="13.202601"/>
<trkpt lat="47.355753" lon="13.202611"/>
</trkseg>
<trkseg>
<trkpt lat="47.355592" lon="13.202557"/>
<trkpt lat="47.355722" lon="13.202601"/>
</trkseg>
<trkseg>
<trkpt lat="47.299869" lon="13.107925"/>
<trkpt lat="47.300049" lon="13.108053"/>
<trkpt lat="47.300249" lon="13.108194"/>
<trkpt lat="47.300363" lon="13.108300"/>
<trkpt lat="47.300382" lon="13.108387"/>
<trkpt lat="47.300373" lon="13.108456"/>
<trkpt lat="47.300337" lon="13.108507"/>
<trkpt lat="47.300180" lon="13.108570"/>
<trkpt lat="47.300138" lon="13.108642"/>
</trkseg>
<trkseg>
<trkpt lat="47.299834" lon="13.107893"/>
<trkpt lat="47.299848" lon="13.107910"/>
<trkpt lat="47.299869" lon="13.107925"/>
</trkseg>
<trkseg>
<trkpt lat="47.298177" lon="13.098836"/>
<trkpt lat="47.298284" lon="13.098952"/>
<trkpt lat="47.298428" lon="13.099069"/>
<trkpt lat="47.298505" lon="13.099168"/>
<trkpt lat="47.298556" lon="13.099277"/>
<trkpt lat="47.298625" lon="13.099590"/>
<trkpt lat="47.298649" lon="13.099996"/>
<trkpt lat="47.298670" lon="13.100561"/>
<trkpt lat="47.298689" lon="13.100957"/>
<trkpt lat="47.298751" lon="13.101226"/>
<trkpt lat="47.298781" lon="13.101302"/>
<trkpt lat="47.298787" lon="13.101415"/>
<trkpt lat="47.298726" lon="13.101773"/>
<trkpt lat="47.298702" lon="13.101914"/>
<trkpt lat="47.298696" lon="13.101984"/>
<trkpt lat="47.298697" lon="13.102021"/>
</trkseg>
<trkseg>
<trkpt lat="47.298697" lon="13.102021"/>
<trkpt lat="47.298698" lon="13.102040"/>
<trkpt lat="47.298699" lon="13.102065"/>
</trkseg>
<trkseg>
<trkpt lat="47.294759" lon="13.064205"/>
<trkpt lat="47.294750" lon="13.064304"/>
<trkpt lat="47.294750" lon="13.064463"/>
</trkseg>
<trkseg>
<trkpt lat="47.294759" lon="13.064152"/>
<trkpt lat="47.294761" lon="13.064180"/>
<trkpt lat="47.294759" lon="13.064205"/>
</trkseg>
<trkseg>
<trkpt lat="47.294854" lon="13.062464"/>
<trkpt lat="47.294867" lon="13.062641"/>
<trkpt lat="47.294901" lon="13.063017"/>
<trkpt lat="47.294889" lon="13.063221"/>
<trkpt lat="47.294849" lon="13.063478"/>
<trkpt lat="47.294807" lon="13.063681"/>
<trkpt lat="47.294760" lon="13.063897"/>
<trkpt lat="47.294750" lon="13.064055"/>
<trkpt lat="47.294759" lon="13.064152"/>
</trkseg>
<trkseg>
<trkpt lat="47.294852" lon="13.062423"/>
<trkpt lat="47.294854" lon="13.062464"/>
</trkseg>
<trkseg>
<trkpt lat="47.118430" lon="13.134076"/>
<trkpt lat="47.118407" lon="13.134007"/>
<trkpt lat="47.118351" lon="13.133971"/>
<trkpt lat="47.118291" lon="13.133963"/>
<trkpt lat="47.118048" lon="13.133987"/>
<trkpt lat="47.117999" lon="13.134015"/>
</trkseg>
<trkseg>
<trkpt lat="47.110139" lon="13.132904"/>
<trkpt lat="47.109946" lon="13.133062"/>
</trkseg>
<trkseg>
<trkpt lat="47.109946" lon="13.133062"/>
<trkpt lat="47.109905" lon="13.133101"/>
</trkseg>
<trkseg>
<trkpt lat="47.110721" lon="13.132712"/>
<trkpt lat="47.110578" lon="13.132735"/>
</trkseg>
<trkseg>
<trkpt lat="47.320099" lon="13.151748"/>
<trkpt lat="47.320090" lon="13.151721"/>
<trkpt lat="47.320078" lon="13.151697"/>
<trkpt lat="47.320062" lon="13.151677"/>
<trkpt lat="47.320044" lon="13.151663"/>
</trkseg>
<trkseg>
<trkpt lat="47.319963" lon="13.151674"/>
<trkpt lat="47.319944" lon="13.151696"/>
<trkpt lat="47.319929" lon="13.151725"/>
<trkpt lat="47.319920" lon="13.151759"/>
<trkpt lat="47.319917" lon="13.151795"/>
</trkseg>
<trkseg>
<trkpt lat="47.320044" lon="13.151663"/>
<trkpt lat="47.320024" lon="13.151656"/>
<trkpt lat="47.320003" lon="13.151655"/>
<trkpt lat="47.319982" lon="13.151661"/>
<trkpt lat="47.319963" lon="13.151674"/>
</trkseg>
<trkseg>
<trkpt lat="47.319917" lon="13.151795"/>
<trkpt lat="47.319921" lon="13.151830"/>
<trkpt lat="47.319931" lon="13.151863"/>
<trkpt lat="47.319946" lon="13.151892"/>
<trkpt lat="47.319966" lon="13.151913"/>
<trkpt lat="47.319989" lon="13.151926"/>
</trkseg>
</trk>
<trk><name>CAAR3 Bad Gastein → Spittal</name>
<trkseg>
<trkpt lat="47.014112" lon="13.168152"/>
<trkpt lat="47.008067" lon="13.171324"/>
<trkpt lat="47.005430" lon="13.172708"/>
</trkseg>
<trkseg>
<trkpt lat="47.005379" lon="13.172735"/>
<trkpt lat="47.005320" lon="13.172766"/>
</trkseg>
<trkseg>
<trkpt lat="47.087529" lon="13.119880"/>
<trkpt lat="47.087654" lon="13.119486"/>
<trkpt lat="47.087727" lon="13.119280"/>
<trkpt lat="47.087759" lon="13.119175"/>
<trkpt lat="47.087880" lon="13.118782"/>
<trkpt lat="47.087959" lon="13.118666"/>
<trkpt lat="47.088070" lon="13.118588"/>
<trkpt lat="47.088368" lon="13.118466"/>
<trkpt lat="47.088508" lon="13.118405"/>
<trkpt lat="47.088599" lon="13.118348"/>
</trkseg>
<trkseg>
<trkpt lat="47.093064" lon="13.117930"/>
<trkpt lat="47.092880" lon="13.117877"/>
<trkpt lat="47.092579" lon="13.117748"/>
<trkpt lat="47.092243" lon="13.117605"/>
<trkpt lat="47.091600" lon="13.117330"/>
<trkpt lat="47.091384" lon="13.117286"/>
<trkpt lat="47.091114" lon="13.117259"/>
<trkpt lat="47.090777" lon="13.117285"/>
<trkpt lat="47.090430" lon="13.117337"/>
</trkseg>
<trkseg>
<trkpt lat="47.101460" lon="13.127981"/>
<trkpt lat="47.101483" lon="13.127897"/>
<trkpt lat="47.101757" lon="13.126876"/>
</trkseg>
<trkseg>
<trkpt lat="47.093064" lon="13.117930"/>
<trkpt lat="47.093509" lon="13.118021"/>
<trkpt lat="47.093767" lon="13.118093"/>
<trkpt lat="47.094002" lon="13.118178"/>
<trkpt lat="47.094328" lon="13.118345"/>
<trkpt lat="47.094623" lon="13.118468"/>
<trkpt lat="47.094906" lon="13.118647"/>
<trkpt lat="47.095127" lon="13.118835"/>
<trkpt lat="47.095264" lon="13.118952"/>
<trkpt lat="47.095650" lon="13.119313"/>
<trkpt lat="47.095843" lon="13.119512"/>
<trkpt lat="47.095996" lon="13.119691"/>
<trkpt lat="47.096133" lon="13.119900"/>
<trkpt lat="47.096267" lon="13.120152"/>
<trkpt lat="47.096463" lon="13.120646"/>
<trkpt lat="47.096724" lon="13.121349"/>
<trkpt lat="47.096870" lon="13.121641"/>
<trkpt lat="47.097039" lon="13.121898"/>
<trkpt lat="47.097257" lon="13.122204"/>
<trkpt lat="47.097277" lon="13.122381"/>
<trkpt lat="47.097269" lon="13.122581"/>
<trkpt lat="47.097299" lon="13.122728"/>
<trkpt lat="47.097541" lon="13.123039"/>
<trkpt lat="47.097872" lon="13.123382"/>
<trkpt lat="47.098460" lon="13.123994"/>
<trkpt lat="47.099042" lon="13.124876"/>
<trkpt lat="47.099527" lon="13.125528"/>
<trkpt lat="47.099712" lon="13.125796"/>
<trkpt lat="47.099873" lon="13.126070"/>
<trkpt lat="47.100053" lon="13.126257"/>
<trkpt lat="47.100150" lon="13.126337"/>
<trkpt lat="47.100246" lon="13.126400"/>
<trkpt lat="47.100530" lon="13.126572"/>
<trkpt lat="47.100996" lon="13.126683"/>
<trkpt lat="47.101757" lon="13.126876"/>
</trkseg>
<trkseg>
<trkpt lat="46.831930" lon="13.379598"/>
<trkpt lat="46.831883" lon="13.379496"/>
<trkpt lat="46.831854" lon="13.379417"/>
<trkpt lat="46.831796" lon="13.379203"/>
<trkpt lat="46.831670" lon="13.378673"/>
</trkseg>
<trkseg>
<trkpt lat="46.825470" lon="13.415771"/>
<trkpt lat="46.825840" lon="13.414063"/>
<trkpt lat="46.826415" lon="13.410894"/>
<trkpt lat="46.826429" lon="13.410715"/>
<trkpt lat="46.826423" lon="13.410639"/>
<trkpt lat="46.826399" lon="13.410584"/>
<trkpt lat="46.826343" lon="13.410543"/>
<trkpt lat="46.823100" lon="13.408963"/>
<trkpt lat="46.822884" lon="13.408855"/>
<trkpt lat="46.822854" lon="13.408826"/>
<trkpt lat="46.822840" lon="13.408778"/>
<trkpt lat="46.822882" lon="13.408594"/>
<trkpt lat="46.822960" lon="13.408291"/>
<trkpt lat="46.823273" lon="13.407032"/>
<trkpt lat="46.823769" lon="13.404468"/>
<trkpt lat="46.823828" lon="13.404340"/>
<trkpt lat="46.823891" lon="13.404290"/>
<trkpt lat="46.823977" lon="13.404295"/>
<trkpt lat="46.824157" lon="13.404346"/>
<trkpt lat="46.824509" lon="13.404466"/>
<trkpt lat="46.824629" lon="13.403958"/>
<trkpt lat="46.824827" lon="13.403165"/>
<trkpt lat="46.825730" lon="13.399544"/>
<trkpt lat="46.826865" lon="13.395160"/>
<trkpt lat="46.827360" lon="13.392976"/>
</trkseg>
<trkseg>
<trkpt lat="46.797238" lon="13.490974"/>
<trkpt lat="46.797201" lon="13.490933"/>
<trkpt lat="46.796991" lon="13.490692"/>
<trkpt lat="46.796511" lon="13.490137"/>
</trkseg>
<trkseg>
<trkpt lat="46.823384" lon="13.448785"/>
<trkpt lat="46.823318" lon="13.448579"/>
<trkpt lat="46.823142" lon="13.447968"/>
<trkpt lat="46.822844" lon="13.447481"/>
<trkpt lat="46.822712" lon="13.447052"/>
<trkpt lat="46.822680" lon="13.446936"/>
<trkpt lat="46.822696" lon="13.446564"/>
<trkpt lat="46.822749" lon="13.446273"/>
<trkpt lat="46.823104" lon="13.444908"/>
<trkpt lat="46.823272" lon="13.444384"/>
<trkpt lat="46.823351" lon="13.444192"/>
<trkpt lat="46.823381" lon="13.444146"/>
<trkpt lat="46.823457" lon="13.444030"/>
<trkpt lat="46.823620" lon="13.443819"/>
<trkpt lat="46.824409" lon="13.444106"/>
<trkpt lat="46.824631" lon="13.444171"/>
</trkseg>
<trkseg>
<trkpt lat="46.830397" lon="13.427264"/>
<trkpt lat="46.830401" lon="13.427173"/>
<trkpt lat="46.830385" lon="13.427062"/>
<trkpt lat="46.830382" lon="13.426994"/>
<trkpt lat="46.830535" lon="13.426400"/>
<trkpt lat="46.830680" lon="13.425726"/>
<trkpt lat="46.830758" lon="13.425335"/>
<trkpt lat="46.830788" lon="13.425115"/>
<trkpt lat="46.830809" lon="13.424877"/>
<trkpt lat="46.830831" lon="13.424644"/>
<trkpt lat="46.830833" lon="13.424442"/>
</trkseg>
<trkseg>
<trkpt lat="46.830833" lon="13.424442"/>
<trkpt lat="46.830850" lon="13.424241"/>
</trkseg>
<trkseg>
<trkpt lat="46.830850" lon="13.424241"/>
<trkpt lat="46.830862" lon="13.424107"/>
<trkpt lat="46.830880" lon="13.424064"/>
<trkpt lat="46.830906" lon="13.424035"/>
<trkpt lat="46.830917" lon="13.423925"/>
</trkseg>
<trkseg>
<trkpt lat="46.800816" lon="13.484739"/>
<trkpt lat="46.802452" lon="13.483787"/>
<trkpt lat="46.803010" lon="13.483431"/>
<trkpt lat="46.803194" lon="13.483286"/>
<trkpt lat="46.803396" lon="13.483090"/>
<trkpt lat="46.803624" lon="13.482832"/>
<trkpt lat="46.804298" lon="13.482156"/>
<trkpt lat="46.804616" lon="13.481803"/>
<trkpt lat="46.804914" lon="13.481450"/>
<trkpt lat="46.805092" lon="13.481216"/>
<trkpt lat="46.805471" lon="13.480611"/>
<trkpt lat="46.805579" lon="13.480448"/>
</trkseg>
<trkseg>
<trkpt lat="47.084069" lon="13.124614"/>
<trkpt lat="47.083998" lon="13.124761"/>
<trkpt lat="47.083909" lon="13.124969"/>
<trkpt lat="47.083844" lon="13.125193"/>
<trkpt lat="47.083785" lon="13.125607"/>
<trkpt lat="47.083764" lon="13.125744"/>
<trkpt lat="47.083740" lon="13.125803"/>
<trkpt lat="47.083718" lon="13.125845"/>
</trkseg>
<trkseg>
<trkpt lat="47.080068" lon="13.131414"/>
<trkpt lat="47.079757" lon="13.131916"/>
<trkpt lat="47.079516" lon="13.132307"/>
<trkpt lat="47.079241" lon="13.132745"/>
<trkpt lat="47.079220" lon="13.132779"/>
</trkseg>
<trkseg>
<trkpt lat="47.082243" lon="13.128611"/>
<trkpt lat="47.082740" lon="13.127838"/>
<trkpt lat="47.082965" lon="13.127400"/>
<trkpt lat="47.083035" lon="13.127076"/>
</trkseg>
<trkseg>
<trkpt lat="46.874710" lon="13.305806"/>
<trkpt lat="46.874514" lon="13.305784"/>
</trkseg>
<trkseg>
<trkpt lat="46.831253" lon="13.424548"/>
<trkpt lat="46.831221" lon="13.424576"/>
<trkpt lat="46.831178" lon="13.424574"/>
<trkpt lat="46.831091" lon="13.424524"/>
<trkpt lat="46.830882" lon="13.424378"/>
<trkpt lat="46.830704" lon="13.424228"/>
<trkpt lat="46.830551" lon="13.424123"/>
<trkpt lat="46.830402" lon="13.424062"/>
<trkpt lat="46.830251" lon="13.424037"/>
<trkpt lat="46.829998" lon="13.424022"/>
<trkpt lat="46.829867" lon="13.424007"/>
<trkpt lat="46.829822" lon="13.423998"/>
</trkseg>
<trkseg>
<trkpt lat="46.825034" lon="13.444267"/>
<trkpt lat="46.825103" lon="13.444286"/>
<trkpt lat="46.825267" lon="13.444322"/>
<trkpt lat="46.825649" lon="13.444375"/>
<trkpt lat="46.826170" lon="13.444441"/>
<trkpt lat="46.826398" lon="13.444474"/>
<trkpt lat="46.826616" lon="13.444551"/>
<trkpt lat="46.826795" lon="13.444655"/>
<trkpt lat="46.827506" lon="13.445065"/>
<trkpt lat="46.827765" lon="13.445212"/>
<trkpt lat="46.828071" lon="13.445401"/>
<trkpt lat="46.828340" lon="13.445618"/>
<trkpt lat="46.828565" lon="13.445812"/>
<trkpt lat="46.828728" lon="13.445932"/>
<trkpt lat="46.828828" lon="13.445987"/>
<trkpt lat="46.828998" lon="13.446032"/>
<trkpt lat="46.829160" lon="13.446032"/>
<trkpt lat="46.829284" lon="13.446000"/>
<trkpt lat="46.829399" lon="13.445966"/>
<trkpt lat="46.829671" lon="13.445851"/>
<trkpt lat="46.830053" lon="13.445685"/>
<trkpt lat="46.830246" lon="13.445637"/>
<trkpt lat="46.830476" lon="13.445622"/>
<trkpt lat="46.830775" lon="13.445649"/>
<trkpt lat="46.830950" lon="13.445668"/>
</trkseg>
<trkseg>
<trkpt lat="46.830397" lon="13.427264"/>
<trkpt lat="46.830443" lon="13.427363"/>
<trkpt lat="46.830444" lon="13.427478"/>
<trkpt lat="46.830410" lon="13.427649"/>
<trkpt lat="46.830398" lon="13.427782"/>
<trkpt lat="46.830405" lon="13.428013"/>
<trkpt lat="46.830407" lon="13.428203"/>
<trkpt lat="46.830390" lon="13.428388"/>
<trkpt lat="46.830344" lon="13.428653"/>
<trkpt lat="46.830207" lon="13.429406"/>
<trkpt lat="46.830145" lon="13.429806"/>
<trkpt lat="46.830113" lon="13.430076"/>
<trkpt lat="46.830092" lon="13.430369"/>
<trkpt lat="46.830068" lon="13.430893"/>
<trkpt lat="46.830067" lon="13.431313"/>
<trkpt lat="46.830089" lon="13.431722"/>
<trkpt lat="46.830155" lon="13.432247"/>
<trkpt lat="46.830275" lon="13.433048"/>
<trkpt lat="46.830303" lon="13.433205"/>
<trkpt lat="46.830397" lon="13.433742"/>
<trkpt lat="46.830475" lon="13.434122"/>
<trkpt lat="46.830512" lon="13.434304"/>
<trkpt lat="46.830616" lon="13.434726"/>
<trkpt lat="46.830713" lon="13.435108"/>
<trkpt lat="46.830758" lon="13.435306"/>
<trkpt lat="46.830810" lon="13.435564"/>
<trkpt lat="46.830863" lon="13.435940"/>
<trkpt lat="46.830882" lon="13.436096"/>
<trkpt lat="46.830929" lon="13.436455"/>
<trkpt lat="46.830967" lon="13.436892"/>
<trkpt lat="46.830998" lon="13.437262"/>
<trkpt lat="46.831040" lon="13.437630"/>
<trkpt lat="46.831165" lon="13.438563"/>
<trkpt lat="46.831247" lon="13.439101"/>
<trkpt lat="46.831322" lon="13.439526"/>
<trkpt lat="46.831375" lon="13.439856"/>
<trkpt lat="46.831426" lon="13.440168"/>
<trkpt lat="46.831455" lon="13.440362"/>
<trkpt lat="46.831475" lon="13.440573"/>
<trkpt lat="46.831466" lon="13.440746"/>
<trkpt lat="46.831419" lon="13.441053"/>
<trkpt lat="46.831292" lon="13.441643"/>
<trkpt lat="46.831157" lon="13.442147"/>
<trkpt lat="46.831104" lon="13.442391"/>
<trkpt lat="46.831074" lon="13.442614"/>
<trkpt lat="46.831043" lon="13.443015"/>
<trkpt lat="46.831019" lon="13.443338"/>
<trkpt lat="46.830959" lon="13.444023"/>
<trkpt lat="46.830939" lon="13.444302"/>
<trkpt lat="46.830934" lon="13.444530"/>
<trkpt lat="46.830938" lon="13.444816"/>
<trkpt lat="46.830941" lon="13.445026"/>
<trkpt lat="46.830950" lon="13.445668"/>
</trkseg>
<trkseg>
<trkpt lat="46.820344" lon="13.452855"/>
<trkpt lat="46.820216" lon="13.452933"/>
<trkpt lat="46.820154" lon="13.452946"/>
<trkpt lat="46.820043" lon="13.453033"/>
<trkpt lat="46.819989" lon="13.453081"/>
<trkpt lat="46.819941" lon="13.453190"/>
<trkpt lat="46.819883" lon="13.453333"/>
<trkpt lat="46.819676" lon="13.453572"/>
<trkpt lat="46.819506" lon="13.453699"/>
<trkpt lat="46.819234" lon="13.453869"/>
<trkpt lat="46.819011" lon="13.454001"/>
<trkpt lat="46.818528" lon="13.454233"/>
<trkpt lat="46.817794" lon="13.454611"/>
<trkpt lat="46.817168" lon="13.455017"/>
<trkpt lat="46.816889" lon="13.455267"/>
<trkpt lat="46.816657" lon="13.455486"/>
<trkpt lat="46.816360" lon="13.455833"/>
<trkpt lat="46.816114" lon="13.456160"/>
<trkpt lat="46.815902" lon="13.456479"/>
<trkpt lat="46.815684" lon="13.456883"/>
<trkpt lat="46.815470" lon="13.457328"/>
<trkpt lat="46.815328" lon="13.457693"/>
<trkpt lat="46.815167" lon="13.458160"/>
<trkpt lat="46.815047" lon="13.458599"/>
<trkpt lat="46.814943" lon="13.459076"/>
<trkpt lat="46.814821" lon="13.459844"/>
<trkpt lat="46.814698" lon="13.460687"/>
<trkpt lat="46.814560" lon="13.461485"/>
<trkpt lat="46.814448" lon="13.461984"/>
<trkpt lat="46.814324" lon="13.462467"/>
<trkpt lat="46.814151" lon="13.462981"/>
<trkpt lat="46.813926" lon="13.463599"/>
<trkpt lat="46.813501" lon="13.464697"/>
<trkpt lat="46.813237" lon="13.465340"/>
<trkpt lat="46.813165" lon="13.465477"/>
<trkpt lat="46.812892" lon="13.466058"/>
<trkpt lat="46.812137" lon="13.467315"/>
<trkpt lat="46.811094" lon="13.469132"/>
<trkpt lat="46.810822" lon="13.469678"/>
<trkpt lat="46.810620" lon="13.470067"/>
<trkpt lat="46.810363" lon="13.470631"/>
<trkpt lat="46.810228" lon="13.470949"/>
<trkpt lat="46.810143" lon="13.471149"/>
<trkpt lat="46.809941" lon="13.471661"/>
<trkpt lat="46.809780" lon="13.472152"/>
<trkpt lat="46.809637" lon="13.472582"/>
<trkpt lat="46.809297" lon="13.473807"/>
<trkpt lat="46.809169" lon="13.474267"/>
<trkpt lat="46.808995" lon="13.474756"/>
<trkpt lat="46.808805" lon="13.475334"/>
</trkseg>
<trkseg>
<trkpt lat="46.800658" lon="13.484863"/>
<trkpt lat="46.800745" lon="13.485270"/>
<trkpt lat="46.800768" lon="13.485518"/>
<trkpt lat="46.800753" lon="13.485805"/>
<trkpt lat="46.800667" lon="13.486141"/>
<trkpt lat="46.800595" lon="13.486224"/>
<trkpt lat="46.800463" lon="13.486393"/>
<trkpt lat="46.800134" lon="13.486665"/>
<trkpt lat="46.799694" lon="13.487030"/>
</trkseg>
<trkseg>
<trkpt lat="47.087133" lon="13.119605"/>
<trkpt lat="47.087093" lon="13.119583"/>
<trkpt lat="47.087046" lon="13.119567"/>
</trkseg>
<trkseg>
<trkpt lat="47.087239" lon="13.119680"/>
<trkpt lat="47.087133" lon="13.119605"/>
</trkseg>
<trkseg>
<trkpt lat="46.932351" lon="13.200425"/>
<trkpt lat="46.932446" lon="13.200447"/>
</trkseg>
<trkseg>
<trkpt lat="46.900252" lon="13.260684"/>
<trkpt lat="46.900322" lon="13.260895"/>
<trkpt lat="46.900384" lon="13.261032"/>
<trkpt lat="46.900483" lon="13.261228"/>
<trkpt lat="46.900652" lon="13.261528"/>
<trkpt lat="46.900725" lon="13.261635"/>
<trkpt lat="46.900894" lon="13.261770"/>
<trkpt lat="46.901056" lon="13.261822"/>
<trkpt lat="46.901121" lon="13.261896"/>
</trkseg>
<trkseg>
<trkpt lat="46.900093" lon="13.260205"/>
<trkpt lat="46.900252" lon="13.260684"/>
</trkseg>
<trkseg>
<trkpt lat="46.846022" lon="13.359100"/>
<trkpt lat="46.846108" lon="13.359341"/>
<trkpt lat="46.846184" lon="13.359493"/>
<trkpt lat="46.846294" lon="13.359613"/>
<trkpt lat="46.846527" lon="13.359787"/>
<trkpt lat="46.846774" lon="13.359965"/>
<trkpt lat="46.847069" lon="13.360216"/>
<trkpt lat="46.847324" lon="13.360474"/>
<trkpt lat="46.847817" lon="13.360884"/>
</trkseg>
<trkseg>
<trkpt lat="46.856290" lon="13.343758"/>
<trkpt lat="46.856418" lon="13.343825"/>
<trkpt lat="46.856676" lon="13.343934"/>
<trkpt lat="46.856811" lon="13.344033"/>
<trkpt lat="46.856636" lon="13.344470"/>
</trkseg>
<trkseg>
<trkpt lat="46.855985" lon="13.343564"/>
<trkpt lat="46.856290" lon="13.343758"/>
</trkseg>
<trkseg>
<trkpt lat="46.837691" lon="13.369598"/>
<trkpt lat="46.837309" lon="13.369299"/>
<trkpt lat="46.837270" lon="13.369269"/>
</trkseg>
<trkseg>
<trkpt lat="46.837270" lon="13.369269"/>
<trkpt lat="46.837169" lon="13.369188"/>
<trkpt lat="46.837055" lon="13.369102"/>
<trkpt lat="46.836921" lon="13.369005"/>
<trkpt lat="46.836834" lon="13.368969"/>
<trkpt lat="46.836770" lon="13.368963"/>
<trkpt lat="46.836729" lon="13.368977"/>
<trkpt lat="46.836688" lon="13.369006"/>
<trkpt lat="46.836652" lon="13.369046"/>
<trkpt lat="46.836614" lon="13.369113"/>
<trkpt lat="46.836577" lon="13.369211"/>
<trkpt lat="46.836496" lon="13.369455"/>
<trkpt lat="46.836436" lon="13.369622"/>
<trkpt lat="46.836385" lon="13.369734"/>
<trkpt lat="46.836330" lon="13.369833"/>
<trkpt lat="46.836252" lon="13.369909"/>
<trkpt lat="46.836159" lon="13.370006"/>
<trkpt lat="46.836084" lon="13.370065"/>
<trkpt lat="46.836016" lon="13.370108"/>
<trkpt lat="46.835805" lon="13.370194"/>
<trkpt lat="46.835623" lon="13.370257"/>
<trkpt lat="46.835514" lon="13.370277"/>
<trkpt lat="46.835395" lon="13.370293"/>
<trkpt lat="46.835282" lon="13.370297"/>
<trkpt lat="46.835144" lon="13.370293"/>
<trkpt lat="46.834950" lon="13.370266"/>
<trkpt lat="46.834780" lon="13.370226"/>
<trkpt lat="46.834497" lon="13.370122"/>
<trkpt lat="46.834345" lon="13.370061"/>
<trkpt lat="46.834199" lon="13.369997"/>
<trkpt lat="46.834048" lon="13.369947"/>
<trkpt lat="46.833861" lon="13.369896"/>
<trkpt lat="46.833647" lon="13.369846"/>
<trkpt lat="46.833456" lon="13.369791"/>
<trkpt lat="46.833149" lon="13.369653"/>
<trkpt lat="46.832884" lon="13.369526"/>
<trkpt lat="46.832408" lon="13.369300"/>
<trkpt lat="46.832325" lon="13.369245"/>
<trkpt lat="46.832228" lon="13.369166"/>
<trkpt lat="46.832029" lon="13.368981"/>
<trkpt lat="46.831843" lon="13.368825"/>
<trkpt lat="46.831684" lon="13.368715"/>
<trkpt lat="46.831209" lon="13.368465"/>
<trkpt lat="46.831175" lon="13.368444"/>
</trkseg>
<trkseg>
<trkpt lat="46.831471" lon="13.377762"/>
<trkpt lat="46.831406" lon="13.377486"/>
<trkpt lat="46.831231" lon="13.376750"/>
<trkpt lat="46.831066" lon="13.375966"/>
<trkpt lat="46.830998" lon="13.375631"/>
<trkpt lat="46.830930" lon="13.375271"/>
<trkpt lat="46.830872" lon="13.374910"/>
<trkpt lat="46.830802" lon="13.374415"/>
<trkpt lat="46.830763" lon="13.374088"/>
<trkpt lat="46.830718" lon="13.373559"/>
<trkpt lat="46.830692" lon="13.373097"/>
<trkpt lat="46.830683" lon="13.372723"/>
<trkpt lat="46.830685" lon="13.372176"/>
<trkpt lat="46.830698" lon="13.371750"/>
<trkpt lat="46.830740" lon="13.371186"/>
<trkpt lat="46.830787" lon="13.370717"/>
<trkpt lat="46.830866" lon="13.370096"/>
<trkpt lat="46.830959" lon="13.369544"/>
<trkpt lat="46.831029" lon="13.369136"/>
<trkpt lat="46.831102" lon="13.368786"/>
<trkpt lat="46.831175" lon="13.368444"/>
</trkseg>
<trkseg>
<trkpt lat="46.831670" lon="13.378673"/>
<trkpt lat="46.831471" lon="13.377762"/>
</trkseg>
<trkseg>
<trkpt lat="46.989977" lon="13.172977"/>
<trkpt lat="46.989856" lon="13.173077"/>
</trkseg>
<trkseg>
<trkpt lat="46.999451" lon="13.174643"/>
<trkpt lat="46.999347" lon="13.174587"/>
<trkpt lat="46.999323" lon="13.174575"/>
<trkpt lat="46.999241" lon="13.174529"/>
<trkpt lat="46.999082" lon="13.174434"/>
<trkpt lat="46.998925" lon="13.174334"/>
<trkpt lat="46.998408" lon="13.173996"/>
<trkpt lat="46.998211" lon="13.173865"/>
<trkpt lat="46.997635" lon="13.173489"/>
<trkpt lat="46.997183" lon="13.173196"/>
<trkpt lat="46.996954" lon="13.173045"/>
<trkpt lat="46.996722" lon="13.172897"/>
<trkpt lat="46.996490" lon="13.172758"/>
<trkpt lat="46.996257" lon="13.172626"/>
<trkpt lat="46.996060" lon="13.172534"/>
<trkpt lat="46.995862" lon="13.172447"/>
<trkpt lat="46.995828" lon="13.172434"/>
<trkpt lat="46.995617" lon="13.172352"/>
<trkpt lat="46.995373" lon="13.172268"/>
<trkpt lat="46.995154" lon="13.172203"/>
<trkpt lat="46.994941" lon="13.172149"/>
<trkpt lat="46.994769" lon="13.172115"/>
<trkpt lat="46.994594" lon="13.172090"/>
<trkpt lat="46.994130" lon="13.172034"/>
<trkpt lat="46.993888" lon="13.172011"/>
<trkpt lat="46.993466" lon="13.171968"/>
<trkpt lat="46.993435" lon="13.171965"/>
<trkpt lat="46.993413" lon="13.171963"/>
<trkpt lat="46.993188" lon="13.171943"/>
</trkseg>
<trkseg>
<trkpt lat="46.999673" lon="13.174740"/>
<trkpt lat="46.999562" lon="13.174695"/>
<trkpt lat="46.999451" lon="13.174643"/>
</trkseg>
<trkseg>
<trkpt lat="47.001606" lon="13.174699"/>
<trkpt lat="47.001468" lon="13.174752"/>
<trkpt lat="47.001330" lon="13.174800"/>
<trkpt lat="47.001177" lon="13.174841"/>
<trkpt lat="47.001022" lon="13.174874"/>
<trkpt lat="47.000870" lon="13.174897"/>
<trkpt lat="47.000717" lon="13.174910"/>
<trkpt lat="47.000558" lon="13.174913"/>
<trkpt lat="47.000401" lon="13.174906"/>
<trkpt lat="47.000219" lon="13.174887"/>
<trkpt lat="47.000070" lon="13.174863"/>
<trkpt lat="46.999906" lon="13.174816"/>
<trkpt lat="46.999744" lon="13.174766"/>
<trkpt lat="46.999699" lon="13.174750"/>
<trkpt lat="46.999686" lon="13.174745"/>
<trkpt lat="46.999673" lon="13.174740"/>
</trkseg>
<trkseg>
<trkpt lat="47.002532" lon="13.174229"/>
<trkpt lat="47.002243" lon="13.174380"/>
</trkseg>
<trkseg>
<trkpt lat="46.979849" lon="13.176576"/>
<trkpt lat="46.979990" lon="13.176613"/>
<trkpt lat="46.980078" lon="13.176595"/>
<trkpt lat="46.981076" lon="13.176040"/>
<trkpt lat="46.981108" lon="13.176165"/>
<trkpt lat="46.980899" lon="13.176282"/>
<trkpt lat="46.980878" lon="13.176293"/>
</trkseg>
<trkseg>
<trkpt lat="46.932669" lon="13.199993"/>
<trkpt lat="46.932718" lon="13.199894"/>
</trkseg>
<trkseg>
<trkpt lat="46.932718" lon="13.199894"/>
<trkpt lat="46.932834" lon="13.199634"/>
<trkpt lat="46.932923" lon="13.199577"/>
<trkpt lat="46.933088" lon="13.199418"/>
<trkpt lat="46.933193" lon="13.199338"/>
<trkpt lat="46.933330" lon="13.199097"/>
<trkpt lat="46.933410" lon="13.198904"/>
<trkpt lat="46.933499" lon="13.198432"/>
<trkpt lat="46.933568" lon="13.198128"/>
<trkpt lat="46.933627" lon="13.197935"/>
<trkpt lat="46.933677" lon="13.197829"/>
</trkseg>
<trkseg>
<trkpt lat="46.932446" lon="13.200447"/>
<trkpt lat="46.932660" lon="13.200012"/>
<trkpt lat="46.932669" lon="13.199993"/>
</trkseg>
<trkseg>
<trkpt lat="46.933677" lon="13.197829"/>
<trkpt lat="46.933735" lon="13.197763"/>
</trkseg>
<trkseg>
<trkpt lat="46.930142" lon="13.208181"/>
<trkpt lat="46.930154" lon="13.208239"/>
</trkseg>
<trkseg>
<trkpt lat="46.928598" lon="13.215227"/>
<trkpt lat="46.928577" lon="13.215630"/>
<trkpt lat="46.928461" lon="13.216310"/>
<trkpt lat="46.928407" lon="13.216689"/>
</trkseg>
<trkseg>
<trkpt lat="46.932351" lon="13.200425"/>
<trkpt lat="46.932307" lon="13.200579"/>
<trkpt lat="46.932287" lon="13.200726"/>
<trkpt lat="46.932266" lon="13.200993"/>
<trkpt lat="46.932247" lon="13.201231"/>
<trkpt lat="46.932236" lon="13.201833"/>
<trkpt lat="46.932236" lon="13.202305"/>
<trkpt lat="46.932216" lon="13.202589"/>
<trkpt lat="46.932199" lon="13.202744"/>
<trkpt lat="46.932155" lon="13.203077"/>
<trkpt lat="46.932130" lon="13.203434"/>
<trkpt lat="46.932119" lon="13.203588"/>
<trkpt lat="46.932107" lon="13.203874"/>
<trkpt lat="46.932103" lon="13.203971"/>
<trkpt lat="46.932094" lon="13.204061"/>
<trkpt lat="46.932076" lon="13.204150"/>
<trkpt lat="46.932011" lon="13.204365"/>
<trkpt lat="46.931706" lon="13.205379"/>
</trkseg>
<trkseg>
<trkpt lat="46.924717" lon="13.223681"/>
<trkpt lat="46.924687" lon="13.223945"/>
<trkpt lat="46.924678" lon="13.224130"/>
<trkpt lat="46.924678" lon="13.224330"/>
<trkpt lat="46.924695" lon="13.224484"/>
<trkpt lat="46.924771" lon="13.224961"/>
<trkpt lat="46.924791" lon="13.225138"/>
<trkpt lat="46.924813" lon="13.225272"/>
<trkpt lat="46.924835" lon="13.225473"/>
<trkpt lat="46.924834" lon="13.225649"/>
<trkpt lat="46.924818" lon="13.225809"/>
<trkpt lat="46.924773" lon="13.226009"/>
<trkpt lat="46.924652" lon="13.226296"/>
<trkpt lat="46.924408" lon="13.226769"/>
<trkpt lat="46.924128" lon="13.227220"/>
<trkpt lat="46.924006" lon="13.227430"/>
<trkpt lat="46.923930" lon="13.227595"/>
<trkpt lat="46.923882" lon="13.227738"/>
<trkpt lat="46.923856" lon="13.227873"/>
<trkpt lat="46.923848" lon="13.228004"/>
<trkpt lat="46.923818" lon="13.228154"/>
<trkpt lat="46.923787" lon="13.228301"/>
<trkpt lat="46.923694" lon="13.228663"/>
<trkpt lat="46.923657" lon="13.228862"/>
<trkpt lat="46.923624" lon="13.229095"/>
<trkpt lat="46.923564" lon="13.229420"/>
<trkpt lat="46.923546" lon="13.229554"/>
<trkpt lat="46.923528" lon="13.229659"/>
<trkpt lat="46.923493" lon="13.229743"/>
<trkpt lat="46.923492" lon="13.229840"/>
<trkpt lat="46.923465" lon="13.229925"/>
<trkpt lat="46.923382" lon="13.230063"/>
<trkpt lat="46.923258" lon="13.230426"/>
<trkpt lat="46.923100" lon="13.230870"/>
<trkpt lat="46.922943" lon="13.231257"/>
<trkpt lat="46.922850" lon="13.231474"/>
</trkseg>
<trkseg>
<trkpt lat="46.926782" lon="13.220784"/>
<trkpt lat="46.926680" lon="13.220822"/>
<trkpt lat="46.926258" lon="13.221260"/>
<trkpt lat="46.925705" lon="13.221788"/>
<trkpt lat="46.925464" lon="13.222027"/>
<trkpt lat="46.925224" lon="13.222295"/>
<trkpt lat="46.924998" lon="13.222612"/>
<trkpt lat="46.924873" lon="13.222819"/>
<trkpt lat="46.924773" lon="13.223024"/>
<trkpt lat="46.924702" lon="13.223179"/>
<trkpt lat="46.924688" lon="13.223271"/>
<trkpt lat="46.924692" lon="13.223445"/>
<trkpt lat="46.924717" lon="13.223681"/>
</trkseg>
<trkseg>
<trkpt lat="46.916574" lon="13.237659"/>
<trkpt lat="46.916668" lon="13.237611"/>
<trkpt lat="46.916888" lon="13.237531"/>
<trkpt lat="46.916943" lon="13.237511"/>
<trkpt lat="46.917042" lon="13.237426"/>
<trkpt lat="46.917124" lon="13.237216"/>
<trkpt lat="46.917249" lon="13.237058"/>
<trkpt lat="46.917487" lon="13.236833"/>
<trkpt lat="46.917533" lon="13.236717"/>
<trkpt lat="46.917571" lon="13.236404"/>
<trkpt lat="46.917615" lon="13.236189"/>
<trkpt lat="46.917747" lon="13.235891"/>
</trkseg>
<trkseg>
<trkpt lat="46.907477" lon="13.254897"/>
<trkpt lat="46.907527" lon="13.254909"/>
<trkpt lat="46.907596" lon="13.254875"/>
<trkpt lat="46.907662" lon="13.254810"/>
<trkpt lat="46.907875" lon="13.254513"/>
<trkpt lat="46.908025" lon="13.254281"/>
<trkpt lat="46.908133" lon="13.254131"/>
<trkpt lat="46.908255" lon="13.254014"/>
<trkpt lat="46.908456" lon="13.253883"/>
<trkpt lat="46.908672" lon="13.253725"/>
<trkpt lat="46.909127" lon="13.253314"/>
<trkpt lat="46.909762" lon="13.252478"/>
<trkpt lat="46.909884" lon="13.252340"/>
<trkpt lat="46.910009" lon="13.252102"/>
<trkpt lat="46.910048" lon="13.251795"/>
<trkpt lat="46.910118" lon="13.251655"/>
<trkpt lat="46.910319" lon="13.251528"/>
<trkpt lat="46.910410" lon="13.251427"/>
<trkpt lat="46.910478" lon="13.251321"/>
<trkpt lat="46.910540" lon="13.251137"/>
<trkpt lat="46.910609" lon="13.250879"/>
<trkpt lat="46.910677" lon="13.250720"/>
<trkpt lat="46.910804" lon="13.250548"/>
<trkpt lat="46.910837" lon="13.250510"/>
<trkpt lat="46.911052" lon="13.250265"/>
<trkpt lat="46.911200" lon="13.250098"/>
<trkpt lat="46.911293" lon="13.249966"/>
<trkpt lat="46.911367" lon="13.249817"/>
<trkpt lat="46.911412" lon="13.249748"/>
<trkpt lat="46.911505" lon="13.249778"/>
<trkpt lat="46.911598" lon="13.249813"/>
<trkpt lat="46.911670" lon="13.249783"/>
<trkpt lat="46.911857" lon="13.249639"/>
<trkpt lat="46.911985" lon="13.249545"/>
<trkpt lat="46.912109" lon="13.249542"/>
<trkpt lat="46.912206" lon="13.249548"/>
<trkpt lat="46.912243" lon="13.249522"/>
<trkpt lat="46.912254" lon="13.249468"/>
<trkpt lat="46.912231" lon="13.249327"/>
<trkpt lat="46.912255" lon="13.249151"/>
<trkpt lat="46.912280" lon="13.249039"/>
<trkpt lat="46.912306" lon="13.248946"/>
</trkseg>
<trkseg>
<trkpt lat="46.917747" lon="13.235891"/>
<trkpt lat="46.917844" lon="13.235784"/>
<trkpt lat="46.918072" lon="13.235618"/>
<trkpt lat="46.918722" lon="13.235190"/>
<trkpt lat="46.918892" lon="13.235044"/>
<trkpt lat="46.919187" lon="13.234749"/>
<trkpt lat="46.919458" lon="13.234470"/>
<trkpt lat="46.919568" lon="13.234497"/>
</trkseg>
<trkseg>
<trkpt lat="46.912306" lon="13.248946"/>
<trkpt lat="46.912438" lon="13.248689"/>
<trkpt lat="46.912550" lon="13.248552"/>
<trkpt lat="46.912608" lon="13.248487"/>
<trkpt lat="46.912768" lon="13.248356"/>
<trkpt lat="46.912868" lon="13.248326"/>
<trkpt lat="46.912949" lon="13.248265"/>
<trkpt lat="46.913003" lon="13.248161"/>
<trkpt lat="46.913443" lon="13.247780"/>
<trkpt lat="46.913631" lon="13.247513"/>
<trkpt lat="46.913986" lon="13.247000"/>
<trkpt lat="46.914139" lon="13.246905"/>
<trkpt lat="46.914241" lon="13.246872"/>
</trkseg>
<trkseg>
<trkpt lat="46.914620" lon="13.241143"/>
<trkpt lat="46.914633" lon="13.240856"/>
<trkpt lat="46.914695" lon="13.240603"/>
<trkpt lat="46.915243" lon="13.239756"/>
<trkpt lat="46.915605" lon="13.239105"/>
<trkpt lat="46.915727" lon="13.238886"/>
<trkpt lat="46.915937" lon="13.238565"/>
<trkpt lat="46.916151" lon="13.238228"/>
<trkpt lat="46.916335" lon="13.237898"/>
<trkpt lat="46.916460" lon="13.237734"/>
<trkpt lat="46.916574" lon="13.237659"/>
</trkseg>
<trkseg>
<trkpt lat="46.899983" lon="13.259933"/>
<trkpt lat="46.899896" lon="13.259933"/>
<trkpt lat="46.899811" lon="13.259958"/>
<trkpt lat="46.899752" lon="13.259984"/>
<trkpt lat="46.899702" lon="13.259980"/>
<trkpt lat="46.899671" lon="13.259935"/>
</trkseg>
<trkseg>
<trkpt lat="46.899625" lon="13.259768"/>
<trkpt lat="46.899604" lon="13.259746"/>
<trkpt lat="46.899571" lon="13.259730"/>
<trkpt lat="46.899447" lon="13.259758"/>
<trkpt lat="46.899302" lon="13.259768"/>
<trkpt lat="46.899207" lon="13.259790"/>
<trkpt lat="46.899125" lon="13.259846"/>
<trkpt lat="46.898971" lon="13.259908"/>
<trkpt lat="46.898639" lon="13.259988"/>
<trkpt lat="46.898225" lon="13.260085"/>
<trkpt lat="46.897545" lon="13.260283"/>
<trkpt lat="46.896739" lon="13.260530"/>
</trkseg>
<trkseg>
<trkpt lat="46.899671" lon="13.259935"/>
<trkpt lat="46.899625" lon="13.259768"/>
</trkseg>
<trkseg>
<trkpt lat="46.903472" lon="13.261094"/>
<trkpt lat="46.903491" lon="13.261004"/>
<trkpt lat="46.903553" lon="13.260907"/>
<trkpt lat="46.903734" lon="13.260678"/>
<trkpt lat="46.904077" lon="13.260336"/>
<trkpt lat="46.904354" lon="13.260186"/>
<trkpt lat="46.904489" lon="13.260117"/>
<trkpt lat="46.904630" lon="13.259884"/>
<trkpt lat="46.904800" lon="13.259401"/>
<trkpt lat="46.904836" lon="13.259362"/>
<trkpt lat="46.904990" lon="13.259240"/>
<trkpt lat="46.905053" lon="13.259138"/>
<trkpt lat="46.905106" lon="13.259025"/>
<trkpt lat="46.905237" lon="13.258876"/>
<trkpt lat="46.905423" lon="13.258771"/>
<trkpt lat="46.905567" lon="13.258579"/>
<trkpt lat="46.905687" lon="13.258171"/>
<trkpt lat="46.905761" lon="13.257856"/>
<trkpt lat="46.905769" lon="13.257748"/>
<trkpt lat="46.905751" lon="13.257580"/>
<trkpt lat="46.905705" lon="13.257431"/>
<trkpt lat="46.905721" lon="13.256974"/>
<trkpt lat="46.905896" lon="13.256688"/>
<trkpt lat="46.906135" lon="13.256477"/>
<trkpt lat="46.906328" lon="13.256391"/>
<trkpt lat="46.906699" lon="13.256162"/>
<trkpt lat="46.907178" lon="13.255361"/>
<trkpt lat="46.907411" lon="13.255071"/>
<trkpt lat="46.907477" lon="13.254897"/>
</trkseg>
<trkseg>
<trkpt lat="46.899983" lon="13.259933"/>
<trkpt lat="46.900005" lon="13.259962"/>
<trkpt lat="46.900028" lon="13.260019"/>
<trkpt lat="46.900093" lon="13.260205"/>
</trkseg>
<trkseg>
<trkpt lat="46.884527" lon="13.266289"/>
<trkpt lat="46.884444" lon="13.267005"/>
<trkpt lat="46.884434" lon="13.267093"/>
</trkseg>
<trkseg>
<trkpt lat="46.884562" lon="13.266112"/>
<trkpt lat="46.884527" lon="13.266289"/>
</trkseg>
<trkseg>
<trkpt lat="46.896739" lon="13.260530"/>
<trkpt lat="46.896718" lon="13.260224"/>
<trkpt lat="46.896766" lon="13.260067"/>
<trkpt lat="46.896992" lon="13.259684"/>
<trkpt lat="46.896993" lon="13.259551"/>
<trkpt lat="46.896964" lon="13.259454"/>
<trkpt lat="46.896766" lon="13.259276"/>
<trkpt lat="46.896654" lon="13.259114"/>
<trkpt lat="46.896443" lon="13.258722"/>
<trkpt lat="46.896248" lon="13.258509"/>
<trkpt lat="46.896031" lon="13.258685"/>
<trkpt lat="46.895856" lon="13.259012"/>
<trkpt lat="46.895719" lon="13.259138"/>
<trkpt lat="46.895639" lon="13.259162"/>
<trkpt lat="46.894849" lon="13.259341"/>
<trkpt lat="46.894235" lon="13.259406"/>
<trkpt lat="46.893710" lon="13.259523"/>
<trkpt lat="46.893609" lon="13.259497"/>
<trkpt lat="46.893363" lon="13.259170"/>
<trkpt lat="46.893257" lon="13.259030"/>
<trkpt lat="46.893069" lon="13.258894"/>
<trkpt lat="46.892849" lon="13.258650"/>
<trkpt lat="46.892372" lon="13.258726"/>
<trkpt lat="46.892231" lon="13.258854"/>
<trkpt lat="46.892152" lon="13.258925"/>
<trkpt lat="46.891883" lon="13.259068"/>
<trkpt lat="46.891488" lon="13.259488"/>
<trkpt lat="46.891258" lon="13.259569"/>
<trkpt lat="46.891091" lon="13.259744"/>
<trkpt lat="46.890805" lon="13.260209"/>
<trkpt lat="46.890552" lon="13.260511"/>
<trkpt lat="46.890316" lon="13.260946"/>
<trkpt lat="46.890070" lon="13.261477"/>
<trkpt lat="46.889819" lon="13.261957"/>
<trkpt lat="46.889772" lon="13.262021"/>
<trkpt lat="46.889678" lon="13.262121"/>
<trkpt lat="46.889413" lon="13.262377"/>
<trkpt lat="46.889357" lon="13.262488"/>
<trkpt lat="46.889212" lon="13.262626"/>
<trkpt lat="46.889060" lon="13.262751"/>
</trkseg>
<trkseg>
<trkpt lat="46.878589" lon="13.292853"/>
<trkpt lat="46.878851" lon="13.293207"/>
</trkseg>
<trkseg>
<trkpt lat="46.884434" lon="13.267093"/>
<trkpt lat="46.884400" lon="13.267295"/>
<trkpt lat="46.884368" lon="13.267477"/>
<trkpt lat="46.884272" lon="13.267659"/>
<trkpt lat="46.883898" lon="13.268094"/>
<trkpt lat="46.883759" lon="13.268274"/>
<trkpt lat="46.883561" lon="13.268711"/>
<trkpt lat="46.883425" lon="13.269097"/>
<trkpt lat="46.883183" lon="13.269988"/>
<trkpt lat="46.883011" lon="13.270642"/>
<trkpt lat="46.882873" lon="13.270942"/>
<trkpt lat="46.882388" lon="13.271935"/>
<trkpt lat="46.882235" lon="13.272144"/>
<trkpt lat="46.882135" lon="13.272305"/>
<trkpt lat="46.882074" lon="13.272447"/>
<trkpt lat="46.881995" lon="13.272702"/>
<trkpt lat="46.881960" lon="13.273069"/>
<trkpt lat="46.881878" lon="13.273464"/>
<trkpt lat="46.881786" lon="13.273753"/>
<trkpt lat="46.881693" lon="13.274070"/>
<trkpt lat="46.881552" lon="13.274531"/>
<trkpt lat="46.881458" lon="13.274866"/>
<trkpt lat="46.881328" lon="13.275245"/>
<trkpt lat="46.881084" lon="13.275690"/>
<trkpt lat="46.880967" lon="13.275931"/>
<trkpt lat="46.880829" lon="13.276360"/>
<trkpt lat="46.880624" lon="13.276905"/>
<trkpt lat="46.880505" lon="13.277238"/>
<trkpt lat="46.880375" lon="13.277745"/>
<trkpt lat="46.880233" lon="13.278445"/>
<trkpt lat="46.880116" lon="13.278860"/>
<trkpt lat="46.879909" lon="13.279402"/>
<trkpt lat="46.879687" lon="13.279914"/>
<trkpt lat="46.879405" lon="13.280464"/>
<trkpt lat="46.879210" lon="13.280947"/>
<trkpt lat="46.879135" lon="13.281143"/>
<trkpt lat="46.879121" lon="13.281246"/>
</trkseg>
<trkseg>
<trkpt lat="46.878851" lon="13.293207"/>
<trkpt lat="46.878903" lon="13.293273"/>
<trkpt lat="46.878752" lon="13.293591"/>
<trkpt lat="46.878321" lon="13.294213"/>
<trkpt lat="46.877995" lon="13.294637"/>
<trkpt lat="46.877742" lon="13.294913"/>
<trkpt lat="46.877626" lon="13.295093"/>
<trkpt lat="46.877553" lon="13.295286"/>
<trkpt lat="46.877551" lon="13.295533"/>
<trkpt lat="46.877561" lon="13.295841"/>
<trkpt lat="46.877554" lon="13.296330"/>
<trkpt lat="46.877535" lon="13.296510"/>
<trkpt lat="46.877551" lon="13.296624"/>
</trkseg>
<trkseg>
<trkpt lat="46.874091" lon="13.305701"/>
<trkpt lat="46.874028" lon="13.305690"/>
<trkpt lat="46.873651" lon="13.306240"/>
<trkpt lat="46.873520" lon="13.306416"/>
<trkpt lat="46.873269" lon="13.306835"/>
<trkpt lat="46.872726" lon="13.308024"/>
<trkpt lat="46.872583" lon="13.308447"/>
</trkseg>
<trkseg>
<trkpt lat="46.876422" lon="13.300027"/>
<trkpt lat="46.876404" lon="13.300164"/>
<trkpt lat="46.876366" lon="13.300369"/>
<trkpt lat="46.876288" lon="13.300573"/>
<trkpt lat="46.876173" lon="13.300873"/>
<trkpt lat="46.876015" lon="13.301264"/>
<trkpt lat="46.875873" lon="13.301561"/>
<trkpt lat="46.875778" lon="13.301689"/>
<trkpt lat="46.875653" lon="13.301812"/>
<trkpt lat="46.875318" lon="13.302091"/>
<trkpt lat="46.875239" lon="13.302174"/>
<trkpt lat="46.875202" lon="13.302247"/>
<trkpt lat="46.875158" lon="13.302378"/>
<trkpt lat="46.875109" lon="13.302564"/>
<trkpt lat="46.875047" lon="13.302827"/>
<trkpt lat="46.874939" lon="13.303187"/>
<trkpt lat="46.874850" lon="13.303523"/>
<trkpt lat="46.874759" lon="13.303968"/>
<trkpt lat="46.874736" lon="13.304301"/>
<trkpt lat="46.874722" lon="13.304701"/>
<trkpt lat="46.874735" lon="13.305023"/>
<trkpt lat="46.874792" lon="13.305586"/>
</trkseg>
<trkseg>
<trkpt lat="46.869447" lon="13.314665"/>
<trkpt lat="46.869491" lon="13.314797"/>
<trkpt lat="46.869562" lon="13.314896"/>
<trkpt lat="46.869711" lon="13.315008"/>
<trkpt lat="46.869843" lon="13.315193"/>
<trkpt lat="46.869978" lon="13.315566"/>
<trkpt lat="46.870078" lon="13.315910"/>
<trkpt lat="46.870089" lon="13.316215"/>
<trkpt lat="46.870083" lon="13.316663"/>
<trkpt lat="46.870090" lon="13.317066"/>
<trkpt lat="46.870098" lon="13.317253"/>
<trkpt lat="46.870160" lon="13.317490"/>
<trkpt lat="46.870222" lon="13.317699"/>
<trkpt lat="46.870230" lon="13.317865"/>
<trkpt lat="46.870195" lon="13.318050"/>
<trkpt lat="46.870042" lon="13.318612"/>
<trkpt lat="46.869863" lon="13.319370"/>
<trkpt lat="46.869757" lon="13.319720"/>
<trkpt lat="46.869654" lon="13.320048"/>
<trkpt lat="46.869611" lon="13.320158"/>
<trkpt lat="46.869555" lon="13.320303"/>
<trkpt lat="46.869371" lon="13.320614"/>
<trkpt lat="46.869249" lon="13.320743"/>
<trkpt lat="46.869122" lon="13.320823"/>
<trkpt lat="46.868904" lon="13.320866"/>
<trkpt lat="46.868606" lon="13.320868"/>
<trkpt lat="46.868464" lon="13.320892"/>
<trkpt lat="46.868376" lon="13.320935"/>
<trkpt lat="46.868315" lon="13.320980"/>
<trkpt lat="46.868251" lon="13.321037"/>
<trkpt lat="46.868174" lon="13.321148"/>
<trkpt lat="46.868130" lon="13.321258"/>
<trkpt lat="46.868117" lon="13.321392"/>
<trkpt lat="46.868148" lon="13.321725"/>
<trkpt lat="46.868235" lon="13.322840"/>
<trkpt lat="46.868231" lon="13.323567"/>
<trkpt lat="46.868181" lon="13.324852"/>
<trkpt lat="46.867994" lon="13.326918"/>
<trkpt lat="46.867890" lon="13.327918"/>
<trkpt lat="46.867820" lon="13.328355"/>
<trkpt lat="46.867670" lon="13.328961"/>
<trkpt lat="46.867441" lon="13.329702"/>
<trkpt lat="46.867182" lon="13.330348"/>
<trkpt lat="46.866911" lon="13.330863"/>
<trkpt lat="46.866558" lon="13.331445"/>
<trkpt lat="46.866348" lon="13.331710"/>
</trkseg>
<trkseg>
<trkpt lat="46.874792" lon="13.305586"/>
<trkpt lat="46.874753" lon="13.305672"/>
<trkpt lat="46.874710" lon="13.305806"/>
</trkseg>
<trkseg>
<trkpt lat="46.874514" lon="13.305784"/>
<trkpt lat="46.874091" lon="13.305701"/>
</trkseg>
<trkseg>
<trkpt lat="46.858709" lon="13.334318"/>
<trkpt lat="46.858698" lon="13.334699"/>
</trkseg>
<trkseg>
<trkpt lat="46.856636" lon="13.344470"/>
<trkpt lat="46.856585" lon="13.344611"/>
</trkseg>
<trkseg>
<trkpt lat="46.846022" lon="13.359100"/>
<trkpt lat="46.845726" lon="13.359585"/>
<trkpt lat="46.845442" lon="13.360072"/>
<trkpt lat="46.845232" lon="13.360474"/>
<trkpt lat="46.845091" lon="13.360753"/>
<trkpt lat="46.844952" lon="13.361053"/>
<trkpt lat="46.844859" lon="13.361340"/>
<trkpt lat="46.844759" lon="13.361607"/>
<trkpt lat="46.844550" lon="13.361947"/>
<trkpt lat="46.844349" lon="13.362195"/>
<trkpt lat="46.844080" lon="13.362471"/>
<trkpt lat="46.843810" lon="13.362811"/>
<trkpt lat="46.843764" lon="13.362954"/>
<trkpt lat="46.843704" lon="13.363322"/>
<trkpt lat="46.843646" lon="13.363572"/>
<trkpt lat="46.843587" lon="13.363762"/>
<trkpt lat="46.843533" lon="13.363855"/>
<trkpt lat="46.843462" lon="13.363923"/>
<trkpt lat="46.843320" lon="13.364015"/>
<trkpt lat="46.843079" lon="13.364159"/>
<trkpt lat="46.842961" lon="13.364253"/>
<trkpt lat="46.842885" lon="13.364349"/>
<trkpt lat="46.842801" lon="13.364489"/>
<trkpt lat="46.842756" lon="13.364591"/>
<trkpt lat="46.842725" lon="13.364662"/>
<trkpt lat="46.842699" lon="13.364730"/>
<trkpt lat="46.842640" lon="13.364888"/>
<trkpt lat="46.842090" lon="13.366485"/>
<trkpt lat="46.842050" lon="13.366647"/>
<trkpt lat="46.842036" lon="13.366855"/>
<trkpt lat="46.842023" lon="13.367156"/>
</trkseg>
<trkseg>
<trkpt lat="46.858698" lon="13.334699"/>
<trkpt lat="46.858679" lon="13.334801"/>
<trkpt lat="46.858636" lon="13.334869"/>
<trkpt lat="46.858533" lon="13.334927"/>
<trkpt lat="46.858346" lon="13.334935"/>
<trkpt lat="46.858150" lon="13.334972"/>
<trkpt lat="46.857985" lon="13.335026"/>
<trkpt lat="46.857854" lon="13.335147"/>
<trkpt lat="46.857748" lon="13.335254"/>
<trkpt lat="46.857596" lon="13.335409"/>
<trkpt lat="46.857297" lon="13.335761"/>
<trkpt lat="46.857042" lon="13.336161"/>
<trkpt lat="46.856864" lon="13.336533"/>
<trkpt lat="46.856719" lon="13.336925"/>
<trkpt lat="46.856613" lon="13.337338"/>
<trkpt lat="46.856510" lon="13.337947"/>
<trkpt lat="46.856437" lon="13.338510"/>
<trkpt lat="46.856409" lon="13.339116"/>
<trkpt lat="46.856402" lon="13.340025"/>
<trkpt lat="46.856455" lon="13.340618"/>
<trkpt lat="46.856504" lon="13.341174"/>
<trkpt lat="46.856488" lon="13.341444"/>
<trkpt lat="46.856391" lon="13.342008"/>
<trkpt lat="46.856202" lon="13.342802"/>
<trkpt lat="46.856101" lon="13.342981"/>
<trkpt lat="46.855984" lon="13.343115"/>
<trkpt lat="46.855853" lon="13.343237"/>
<trkpt lat="46.855789" lon="13.343293"/>
</trkseg>
<trkseg>
<trkpt lat="46.856287" lon="13.347001"/>
<trkpt lat="46.856316" lon="13.347160"/>
<trkpt lat="46.856347" lon="13.347345"/>
<trkpt lat="46.856380" lon="13.347560"/>
<trkpt lat="46.856379" lon="13.347767"/>
<trkpt lat="46.856357" lon="13.347936"/>
<trkpt lat="46.856221" lon="13.348986"/>
<trkpt lat="46.856207" lon="13.349645"/>
<trkpt lat="46.856254" lon="13.349983"/>
<trkpt lat="46.856284" lon="13.350289"/>
<trkpt lat="46.856136" lon="13.350600"/>
<trkpt lat="46.855919" lon="13.351076"/>
<trkpt lat="46.855634" lon="13.351092"/>
<trkpt lat="46.855307" lon="13.351104"/>
<trkpt lat="46.855264" lon="13.351106"/>
<trkpt lat="46.854965" lon="13.351173"/>
<trkpt lat="46.854593" lon="13.351257"/>
<trkpt lat="46.854140" lon="13.351301"/>
</trkseg>
<trkseg>
<trkpt lat="46.943537" lon="13.187054"/>
<trkpt lat="46.943792" lon="13.186332"/>
<trkpt lat="46.943913" lon="13.186066"/>
<trkpt lat="46.944024" lon="13.185854"/>
<trkpt lat="46.944159" lon="13.185648"/>
<trkpt lat="46.944214" lon="13.185590"/>
<trkpt lat="46.944474" lon="13.185318"/>
<trkpt lat="46.945039" lon="13.184826"/>
<trkpt lat="46.945466" lon="13.184406"/>
<trkpt lat="46.945918" lon="13.183896"/>
<trkpt lat="46.946185" lon="13.183572"/>
</trkseg>
<trkseg>
<trkpt lat="46.943047" lon="13.187906"/>
<trkpt lat="46.943221" lon="13.187678"/>
<trkpt lat="46.943320" lon="13.187525"/>
<trkpt lat="46.943419" lon="13.187338"/>
<trkpt lat="46.943537" lon="13.187054"/>
</trkseg>
<trkseg>
<trkpt lat="46.935275" lon="13.198745"/>
<trkpt lat="46.935416" lon="13.198956"/>
</trkseg>
<trkseg>
<trkpt lat="46.935416" lon="13.198956"/>
<trkpt lat="46.935479" lon="13.199037"/>
<trkpt lat="46.935552" lon="13.199134"/>
<trkpt lat="46.935626" lon="13.199188"/>
<trkpt lat="46.935690" lon="13.199212"/>
<trkpt lat="46.935759" lon="13.199214"/>
<trkpt lat="46.935844" lon="13.199182"/>
<trkpt lat="46.935925" lon="13.199095"/>
<trkpt lat="46.936008" lon="13.198923"/>
<trkpt lat="46.936126" lon="13.198635"/>
<trkpt lat="46.936287" lon="13.198292"/>
<trkpt lat="46.936397" lon="13.198116"/>
<trkpt lat="46.936521" lon="13.197967"/>
<trkpt lat="46.936627" lon="13.197857"/>
<trkpt lat="46.937039" lon="13.197525"/>
<trkpt lat="46.937210" lon="13.197381"/>
<trkpt lat="46.937373" lon="13.197207"/>
<trkpt lat="46.937519" lon="13.197011"/>
<trkpt lat="46.937656" lon="13.196748"/>
<trkpt lat="46.937784" lon="13.196449"/>
<trkpt lat="46.937993" lon="13.195880"/>
<trkpt lat="46.938169" lon="13.195504"/>
<trkpt lat="46.938254" lon="13.195336"/>
<trkpt lat="46.938390" lon="13.195119"/>
<trkpt lat="46.938450" lon="13.195022"/>
<trkpt lat="46.938637" lon="13.194753"/>
<trkpt lat="46.938754" lon="13.194587"/>
<trkpt lat="46.938850" lon="13.194435"/>
<trkpt lat="46.939010" lon="13.194128"/>
<trkpt lat="46.939163" lon="13.193772"/>
<trkpt lat="46.939310" lon="13.193398"/>
<trkpt lat="46.939435" lon="13.193081"/>
<trkpt lat="46.939556" lon="13.192853"/>
<trkpt lat="46.939726" lon="13.192579"/>
<trkpt lat="46.939880" lon="13.192385"/>
<trkpt lat="46.940046" lon="13.192233"/>
<trkpt lat="46.940211" lon="13.192110"/>
<trkpt lat="46.940572" lon="13.191890"/>
<trkpt lat="46.940887" lon="13.191683"/>
<trkpt lat="46.941043" lon="13.191562"/>
</trkseg>
<trkseg>
<trkpt lat="46.827360" lon="13.392976"/>
<trkpt lat="46.827481" lon="13.392095"/>
<trkpt lat="46.827585" lon="13.391244"/>
<trkpt lat="46.827591" lon="13.390992"/>
<trkpt lat="46.827584" lon="13.390751"/>
<trkpt lat="46.827531" lon="13.390234"/>
<trkpt lat="46.827532" lon="13.389071"/>
<trkpt lat="46.827543" lon="13.388939"/>
</trkseg>
<trkseg>
<trkpt lat="46.976714" lon="13.176710"/>
<trkpt lat="46.977014" lon="13.176795"/>
</trkseg>
<trkseg>
<trkpt lat="46.977014" lon="13.176795"/>
<trkpt lat="46.977463" lon="13.176917"/>
</trkseg>
<trkseg>
<trkpt lat="46.958703" lon="13.184464"/>
<trkpt lat="46.958942" lon="13.184381"/>
<trkpt lat="46.959140" lon="13.184346"/>
<trkpt lat="46.959333" lon="13.184337"/>
<trkpt lat="46.959501" lon="13.184349"/>
</trkseg>
<trkseg>
<trkpt lat="46.966033" lon="13.184582"/>
<trkpt lat="46.966050" lon="13.184510"/>
<trkpt lat="46.966067" lon="13.184330"/>
<trkpt lat="46.966052" lon="13.184073"/>
<trkpt lat="46.966030" lon="13.183947"/>
<trkpt lat="46.965970" lon="13.183767"/>
<trkpt lat="46.965892" lon="13.183582"/>
<trkpt lat="46.965771" lon="13.183335"/>
<trkpt lat="46.965701" lon="13.183119"/>
<trkpt lat="46.965638" lon="13.182888"/>
<trkpt lat="46.965569" lon="13.182625"/>
<trkpt lat="46.965483" lon="13.182398"/>
<trkpt lat="46.965373" lon="13.182217"/>
<trkpt lat="46.965275" lon="13.182097"/>
<trkpt lat="46.965178" lon="13.182010"/>
<trkpt lat="46.965085" lon="13.181943"/>
<trkpt lat="46.964961" lon="13.181888"/>
<trkpt lat="46.964844" lon="13.181857"/>
<trkpt lat="46.964692" lon="13.181851"/>
<trkpt lat="46.964437" lon="13.181875"/>
<trkpt lat="46.964309" lon="13.181869"/>
<trkpt lat="46.964239" lon="13.181846"/>
<trkpt lat="46.964155" lon="13.181785"/>
<trkpt lat="46.964102" lon="13.181686"/>
<trkpt lat="46.964080" lon="13.181550"/>
<trkpt lat="46.964098" lon="13.181437"/>
<trkpt lat="46.964141" lon="13.181326"/>
<trkpt lat="46.964217" lon="13.181262"/>
<trkpt lat="46.964290" lon="13.181236"/>
<trkpt lat="46.964364" lon="13.181246"/>
<trkpt lat="46.964444" lon="13.181292"/>
<trkpt lat="46.964589" lon="13.181419"/>
<trkpt lat="46.964707" lon="13.181525"/>
<trkpt lat="46.964880" lon="13.181630"/>
<trkpt lat="46.965058" lon="13.181701"/>
<trkpt lat="46.965559" lon="13.181813"/>
<trkpt lat="46.965716" lon="13.181855"/>
<trkpt lat="46.965905" lon="13.181928"/>
<trkpt lat="46.966075" lon="13.182017"/>
<trkpt lat="46.966250" lon="13.182145"/>
<trkpt lat="46.966411" lon="13.182292"/>
<trkpt lat="46.966557" lon="13.182466"/>
<trkpt lat="46.966683" lon="13.182651"/>
<trkpt lat="46.966786" lon="13.182838"/>
<trkpt lat="46.966891" lon="13.183064"/>
<trkpt lat="46.966989" lon="13.183337"/>
<trkpt lat="46.967061" lon="13.183602"/>
<trkpt lat="46.967119" lon="13.183884"/>
<trkpt lat="46.967235" lon="13.184496"/>
<trkpt lat="46.967281" lon="13.184693"/>
<trkpt lat="46.967341" lon="13.184846"/>
<trkpt lat="46.967411" lon="13.184953"/>
<trkpt lat="46.967621" lon="13.185099"/>
<trkpt lat="46.968164" lon="13.185190"/>
<trkpt lat="46.968349" lon="13.185271"/>
<trkpt lat="46.968466" lon="13.185289"/>
<trkpt lat="46.968555" lon="13.185248"/>
<trkpt lat="46.968629" lon="13.185153"/>
<trkpt lat="46.968657" lon="13.185030"/>
<trkpt lat="46.968656" lon="13.184913"/>
<trkpt lat="46.968625" lon="13.184798"/>
<trkpt lat="46.968534" lon="13.184694"/>
<trkpt lat="46.968406" lon="13.184640"/>
<trkpt lat="46.968050" lon="13.184566"/>
<trkpt lat="46.967916" lon="13.184519"/>
<trkpt lat="46.967799" lon="13.184432"/>
<trkpt lat="46.967680" lon="13.184308"/>
<trkpt lat="46.967607" lon="13.184173"/>
<trkpt lat="46.967539" lon="13.184010"/>
<trkpt lat="46.967501" lon="13.183847"/>
<trkpt lat="46.967474" lon="13.183642"/>
<trkpt lat="46.967446" lon="13.183122"/>
<trkpt lat="46.967420" lon="13.182778"/>
<trkpt lat="46.967387" lon="13.182511"/>
<trkpt lat="46.967331" lon="13.182213"/>
<trkpt lat="46.967213" lon="13.181747"/>
<trkpt lat="46.967194" lon="13.181625"/>
<trkpt lat="46.967207" lon="13.181499"/>
<trkpt lat="46.967246" lon="13.181399"/>
<trkpt lat="46.967313" lon="13.181344"/>
<trkpt lat="46.967381" lon="13.181327"/>
<trkpt lat="46.967463" lon="13.181351"/>
<trkpt lat="46.967527" lon="13.181420"/>
<trkpt lat="46.967554" lon="13.181511"/>
<trkpt lat="46.967573" lon="13.181706"/>
<trkpt lat="46.967527" lon="13.182258"/>
<trkpt lat="46.967534" lon="13.182417"/>
<trkpt lat="46.967582" lon="13.182599"/>
<trkpt lat="46.967646" lon="13.182739"/>
<trkpt lat="46.967707" lon="13.182817"/>
<trkpt lat="46.967827" lon="13.182913"/>
<trkpt lat="46.967942" lon="13.182945"/>
<trkpt lat="46.968072" lon="13.182936"/>
<trkpt lat="46.968428" lon="13.182847"/>
<trkpt lat="46.968589" lon="13.182838"/>
<trkpt lat="46.968694" lon="13.182855"/>
<trkpt lat="46.968821" lon="13.182904"/>
<trkpt lat="46.968924" lon="13.182967"/>
<trkpt lat="46.968985" lon="13.183022"/>
<trkpt lat="46.969057" lon="13.183086"/>
<trkpt lat="46.969203" lon="13.183258"/>
<trkpt lat="46.969382" lon="13.183450"/>
<trkpt lat="46.969494" lon="13.183542"/>
<trkpt lat="46.969608" lon="13.183598"/>
<trkpt lat="46.969731" lon="13.183634"/>
<trkpt lat="46.969858" lon="13.183652"/>
<trkpt lat="46.969966" lon="13.183639"/>
<trkpt lat="46.970066" lon="13.183614"/>
<trkpt lat="46.970187" lon="13.183561"/>
<trkpt lat="46.970304" lon="13.183478"/>
<trkpt lat="46.970414" lon="13.183371"/>
<trkpt lat="46.970499" lon="13.183264"/>
<trkpt lat="46.970576" lon="13.183128"/>
<trkpt lat="46.970649" lon="13.182976"/>
<trkpt lat="46.970752" lon="13.182705"/>
<trkpt lat="46.970863" lon="13.182405"/>
<trkpt lat="46.970963" lon="13.182201"/>
<trkpt lat="46.971061" lon="13.182026"/>
<trkpt lat="46.971112" lon="13.181953"/>
<trkpt lat="46.971168" lon="13.181873"/>
<trkpt lat="46.971210" lon="13.181824"/>
<trkpt lat="46.971298" lon="13.181721"/>
<trkpt lat="46.971412" lon="13.181610"/>
<trkpt lat="46.971539" lon="13.181501"/>
<trkpt lat="46.971711" lon="13.181382"/>
<trkpt lat="46.971965" lon="13.181230"/>
<trkpt lat="46.972411" lon="13.180988"/>
<trkpt lat="46.972514" lon="13.180919"/>
<trkpt lat="46.972641" lon="13.180820"/>
<trkpt lat="46.972758" lon="13.180690"/>
<trkpt lat="46.972851" lon="13.180580"/>
<trkpt lat="46.972974" lon="13.180389"/>
<trkpt lat="46.973057" lon="13.180238"/>
<trkpt lat="46.973123" lon="13.180077"/>
<trkpt lat="46.973177" lon="13.179910"/>
<trkpt lat="46.973217" lon="13.179750"/>
<trkpt lat="46.973245" lon="13.179579"/>
</trkseg>
<trkseg>
<trkpt lat="46.827578" lon="13.388491"/>
<trkpt lat="46.827684" lon="13.387899"/>
<trkpt lat="46.827821" lon="13.387317"/>
<trkpt lat="46.828087" lon="13.386139"/>
<trkpt lat="46.828226" lon="13.385551"/>
<trkpt lat="46.828379" lon="13.384986"/>
<trkpt lat="46.828476" lon="13.384703"/>
<trkpt lat="46.828579" lon="13.384432"/>
<trkpt lat="46.828722" lon="13.384136"/>
<trkpt lat="46.828902" lon="13.383842"/>
<trkpt lat="46.829089" lon="13.383565"/>
<trkpt lat="46.829490" lon="13.383070"/>
<trkpt lat="46.829750" lon="13.382730"/>
<trkpt lat="46.829946" lon="13.382442"/>
<trkpt lat="46.829993" lon="13.382374"/>
<trkpt lat="46.830411" lon="13.381722"/>
<trkpt lat="46.830459" lon="13.381573"/>
<trkpt lat="46.830481" lon="13.381258"/>
<trkpt lat="46.830524" lon="13.381074"/>
<trkpt lat="46.830569" lon="13.381003"/>
</trkseg>
<trkseg>
<trkpt lat="46.797380" lon="13.491126"/>
<trkpt lat="46.797395" lon="13.491093"/>
<trkpt lat="46.797402" lon="13.491055"/>
<trkpt lat="46.797402" lon="13.491016"/>
<trkpt lat="46.797393" lon="13.490979"/>
<trkpt lat="46.797377" lon="13.490947"/>
<trkpt lat="46.797356" lon="13.490924"/>
</trkseg>
<trkseg>
<trkpt lat="47.088948" lon="13.118124"/>
<trkpt lat="47.088862" lon="13.118132"/>
<trkpt lat="47.088631" lon="13.118280"/>
</trkseg>
<trkseg>
<trkpt lat="47.090430" lon="13.117337"/>
<trkpt lat="47.090213" lon="13.117423"/>
<trkpt lat="47.089917" lon="13.117574"/>
<trkpt lat="47.089659" lon="13.117695"/>
<trkpt lat="47.089150" lon="13.117981"/>
<trkpt lat="47.088948" lon="13.118124"/>
</trkseg>
<trkseg>
<trkpt lat="46.919736" lon="13.234348"/>
<trkpt lat="46.919767" lon="13.234230"/>
<trkpt lat="46.919903" lon="13.234085"/>
<trkpt lat="46.920136" lon="13.233902"/>
<trkpt lat="46.920400" lon="13.233727"/>
<trkpt lat="46.921218" lon="13.233294"/>
<trkpt lat="46.921481" lon="13.233121"/>
<trkpt lat="46.921683" lon="13.232960"/>
<trkpt lat="46.921912" lon="13.232754"/>
<trkpt lat="46.922153" lon="13.232520"/>
<trkpt lat="46.922397" lon="13.232209"/>
<trkpt lat="46.922635" lon="13.231839"/>
<trkpt lat="46.922850" lon="13.231474"/>
</trkseg>
<trkseg>
<trkpt lat="46.919736" lon="13.234348"/>
<trkpt lat="46.919568" lon="13.234497"/>
</trkseg>
<trkseg>
<trkpt lat="46.946810" lon="13.182837"/>
<trkpt lat="46.947021" lon="13.182627"/>
<trkpt lat="46.947190" lon="13.182486"/>
<trkpt lat="46.947342" lon="13.182379"/>
<trkpt lat="46.947552" lon="13.182255"/>
<trkpt lat="46.947690" lon="13.182198"/>
<trkpt lat="46.947885" lon="13.182123"/>
<trkpt lat="46.948141" lon="13.182060"/>
<trkpt lat="46.948340" lon="13.182041"/>
<trkpt lat="46.948552" lon="13.182039"/>
<trkpt lat="46.948851" lon="13.182078"/>
<trkpt lat="46.949103" lon="13.182150"/>
<trkpt lat="46.949268" lon="13.182214"/>
<trkpt lat="46.949515" lon="13.182325"/>
<trkpt lat="46.949966" lon="13.182530"/>
<trkpt lat="46.950373" lon="13.182709"/>
<trkpt lat="46.950639" lon="13.182807"/>
<trkpt lat="46.950885" lon="13.182879"/>
<trkpt lat="46.951249" lon="13.182966"/>
<trkpt lat="46.951639" lon="13.183025"/>
<trkpt lat="46.952292" lon="13.183083"/>
<trkpt lat="46.952671" lon="13.183119"/>
<trkpt lat="46.952930" lon="13.183179"/>
<trkpt lat="46.953210" lon="13.183274"/>
<trkpt lat="46.953412" lon="13.183370"/>
<trkpt lat="46.953633" lon="13.183500"/>
<trkpt lat="46.953891" lon="13.183666"/>
<trkpt lat="46.954073" lon="13.183809"/>
<trkpt lat="46.954235" lon="13.183955"/>
<trkpt lat="46.954413" lon="13.184125"/>
<trkpt lat="46.954926" lon="13.184648"/>
<trkpt lat="46.955094" lon="13.184784"/>
<trkpt lat="46.955271" lon="13.184907"/>
<trkpt lat="46.955499" lon="13.185034"/>
<trkpt lat="46.955768" lon="13.185135"/>
<trkpt lat="46.955974" lon="13.185191"/>
<trkpt lat="46.956132" lon="13.185215"/>
<trkpt lat="46.956323" lon="13.185225"/>
<trkpt lat="46.956527" lon="13.185221"/>
<trkpt lat="46.956714" lon="13.185187"/>
<trkpt lat="46.956950" lon="13.185122"/>
<trkpt lat="46.957433" lon="13.184944"/>
<trkpt lat="46.957573" lon="13.184892"/>
<trkpt lat="46.957801" lon="13.184807"/>
<trkpt lat="46.958454" lon="13.184558"/>
<trkpt lat="46.958547" lon="13.184522"/>
<trkpt lat="46.958703" lon="13.184464"/>
</trkseg>
<trkseg>
<trkpt lat="46.946185" lon="13.183572"/>
<trkpt lat="46.946562" lon="13.183114"/>
<trkpt lat="46.946810" lon="13.182837"/>
</trkseg>
<trkseg>
<trkpt lat="46.986674" lon="13.174299"/>
<trkpt lat="46.986598" lon="13.174311"/>
<trkpt lat="46.986523" lon="13.174322"/>
<trkpt lat="46.986438" lon="13.174333"/>
<trkpt lat="46.986021" lon="13.174373"/>
<trkpt lat="46.985935" lon="13.174385"/>
<trkpt lat="46.985875" lon="13.174394"/>
<trkpt lat="46.985816" lon="13.174404"/>
</trkseg>
<trkseg>
<trkpt lat="46.992471" lon="13.171901"/>
<trkpt lat="46.992324" lon="13.171908"/>
<trkpt lat="46.992173" lon="13.171923"/>
<trkpt lat="46.991953" lon="13.171963"/>
<trkpt lat="46.991778" lon="13.172000"/>
<trkpt lat="46.991726" lon="13.172013"/>
<trkpt lat="46.991577" lon="13.172054"/>
<trkpt lat="46.991429" lon="13.172105"/>
<trkpt lat="46.991251" lon="13.172170"/>
<trkpt lat="46.991056" lon="13.172252"/>
<trkpt lat="46.990911" lon="13.172325"/>
<trkpt lat="46.990732" lon="13.172424"/>
<trkpt lat="46.990554" lon="13.172526"/>
<trkpt lat="46.990375" lon="13.172647"/>
<trkpt lat="46.990171" lon="13.172814"/>
<trkpt lat="46.990151" lon="13.172831"/>
<trkpt lat="46.989977" lon="13.172977"/>
</trkseg>
<trkseg>
<trkpt lat="46.928407" lon="13.216689"/>
<trkpt lat="46.928350" lon="13.216843"/>
<trkpt lat="46.928264" lon="13.217047"/>
<trkpt lat="46.928184" lon="13.217357"/>
<trkpt lat="46.928079" lon="13.217733"/>
<trkpt lat="46.927934" lon="13.218110"/>
<trkpt lat="46.927721" lon="13.218759"/>
<trkpt lat="46.927497" lon="13.219330"/>
<trkpt lat="46.927343" lon="13.219708"/>
<trkpt lat="46.927194" lon="13.220022"/>
<trkpt lat="46.926995" lon="13.220374"/>
<trkpt lat="46.926965" lon="13.220468"/>
<trkpt lat="46.926928" lon="13.220594"/>
<trkpt lat="46.926884" lon="13.220669"/>
<trkpt lat="46.926782" lon="13.220784"/>
</trkseg>
<trkseg>
<trkpt lat="46.837691" lon="13.369598"/>
<trkpt lat="46.837737" lon="13.369590"/>
<trkpt lat="46.837791" lon="13.369586"/>
<trkpt lat="46.837820" lon="13.369551"/>
<trkpt lat="46.837926" lon="13.369445"/>
<trkpt lat="46.838011" lon="13.369385"/>
<trkpt lat="46.838572" lon="13.369035"/>
<trkpt lat="46.838887" lon="13.368823"/>
<trkpt lat="46.839171" lon="13.368633"/>
<trkpt lat="46.839280" lon="13.368565"/>
<trkpt lat="46.839611" lon="13.368360"/>
<trkpt lat="46.839858" lon="13.368191"/>
<trkpt lat="46.840027" lon="13.368072"/>
<trkpt lat="46.840283" lon="13.367899"/>
<trkpt lat="46.840389" lon="13.367804"/>
<trkpt lat="46.840511" lon="13.367730"/>
<trkpt lat="46.840741" lon="13.367588"/>
<trkpt lat="46.840899" lon="13.367487"/>
<trkpt lat="46.841009" lon="13.367412"/>
<trkpt lat="46.841086" lon="13.367374"/>
<trkpt lat="46.841112" lon="13.367366"/>
<trkpt lat="46.841198" lon="13.367337"/>
<trkpt lat="46.841354" lon="13.367276"/>
<trkpt lat="46.841570" lon="13.367219"/>
<trkpt lat="46.841892" lon="13.367171"/>
<trkpt lat="46.842023" lon="13.367156"/>
</trkseg>
<trkseg>
<trkpt lat="46.889060" lon="13.262751"/>
<trkpt lat="46.888933" lon="13.262536"/>
<trkpt lat="46.888830" lon="13.262508"/>
<trkpt lat="46.888551" lon="13.262617"/>
<trkpt lat="46.888059" lon="13.262826"/>
<trkpt lat="46.887737" lon="13.262896"/>
<trkpt lat="46.887444" lon="13.262987"/>
<trkpt lat="46.886842" lon="13.263342"/>
<trkpt lat="46.886575" lon="13.263519"/>
<trkpt lat="46.886504" lon="13.263598"/>
<trkpt lat="46.886285" lon="13.264057"/>
<trkpt lat="46.886025" lon="13.264518"/>
<trkpt lat="46.885887" lon="13.264752"/>
<trkpt lat="46.885818" lon="13.264821"/>
<trkpt lat="46.885788" lon="13.264848"/>
<trkpt lat="46.885652" lon="13.264932"/>
<trkpt lat="46.885573" lon="13.265012"/>
<trkpt lat="46.885553" lon="13.265034"/>
<trkpt lat="46.885371" lon="13.265198"/>
<trkpt lat="46.885126" lon="13.265420"/>
<trkpt lat="46.884731" lon="13.265778"/>
<trkpt lat="46.884663" lon="13.265874"/>
<trkpt lat="46.884598" lon="13.266004"/>
<trkpt lat="46.884562" lon="13.266112"/>
</trkseg>
<trkseg>
<trkpt lat="46.828457" lon="13.422076"/>
<trkpt lat="46.828397" lon="13.422092"/>
<trkpt lat="46.828323" lon="13.422051"/>
<trkpt lat="46.827972" lon="13.421724"/>
<trkpt lat="46.827833" lon="13.421579"/>
<trkpt lat="46.827715" lon="13.421487"/>
<trkpt lat="46.827571" lon="13.421410"/>
<trkpt lat="46.827495" lon="13.421396"/>
<trkpt lat="46.827456" lon="13.421372"/>
<trkpt lat="46.827445" lon="13.421324"/>
</trkseg>
<trkseg>
<trkpt lat="46.827445" lon="13.421324"/>
<trkpt lat="46.827469" lon="13.421155"/>
</trkseg>
<trkseg>
<trkpt lat="46.827487" lon="13.421186"/>
<trkpt lat="46.827301" lon="13.421123"/>
</trkseg>
<trkseg>
<trkpt lat="46.827301" lon="13.421123"/>
<trkpt lat="46.826864" lon="13.420983"/>
<trkpt lat="46.826556" lon="13.420891"/>
<trkpt lat="46.826510" lon="13.420877"/>
</trkseg>
<trkseg>
<trkpt lat="46.827469" lon="13.421155"/>
<trkpt lat="46.827490" lon="13.421074"/>
<trkpt lat="46.827528" lon="13.421034"/>
<trkpt lat="46.827558" lon="13.421024"/>
</trkseg>
<trkseg>
<trkpt lat="46.828061" lon="13.421506"/>
<trkpt lat="46.828012" lon="13.421520"/>
<trkpt lat="46.827866" lon="13.421392"/>
<trkpt lat="46.827733" lon="13.421304"/>
<trkpt lat="46.827571" lon="13.421218"/>
<trkpt lat="46.827487" lon="13.421186"/>
</trkseg>
<trkseg>
<trkpt lat="46.977463" lon="13.176917"/>
<trkpt lat="46.977667" lon="13.176963"/>
<trkpt lat="46.977763" lon="13.176979"/>
<trkpt lat="46.977985" lon="13.177005"/>
<trkpt lat="46.978095" lon="13.177012"/>
<trkpt lat="46.978155" lon="13.177015"/>
</trkseg>
<trkseg>
<trkpt lat="46.981944" lon="13.175092"/>
<trkpt lat="46.981896" lon="13.175190"/>
</trkseg>
<trkseg>
<trkpt lat="46.983762" lon="13.174917"/>
<trkpt lat="46.983539" lon="13.175025"/>
<trkpt lat="46.983201" lon="13.175165"/>
<trkpt lat="46.983112" lon="13.175209"/>
<trkpt lat="46.983039" lon="13.175247"/>
<trkpt lat="46.982966" lon="13.175285"/>
</trkseg>
<trkseg>
<trkpt lat="46.985729" lon="13.174421"/>
<trkpt lat="46.985601" lon="13.174442"/>
<trkpt lat="46.985493" lon="13.174460"/>
<trkpt lat="46.985373" lon="13.174475"/>
<trkpt lat="46.985108" lon="13.174494"/>
<trkpt lat="46.984990" lon="13.174506"/>
<trkpt lat="46.984839" lon="13.174528"/>
<trkpt lat="46.984699" lon="13.174558"/>
<trkpt lat="46.984564" lon="13.174590"/>
</trkseg>
<trkseg>
<trkpt lat="46.989856" lon="13.173077"/>
<trkpt lat="46.989743" lon="13.173172"/>
<trkpt lat="46.989726" lon="13.173186"/>
<trkpt lat="46.989706" lon="13.173201"/>
<trkpt lat="46.989590" lon="13.173293"/>
<trkpt lat="46.989497" lon="13.173364"/>
<trkpt lat="46.989322" lon="13.173486"/>
<trkpt lat="46.989269" lon="13.173519"/>
<trkpt lat="46.989136" lon="13.173599"/>
<trkpt lat="46.989039" lon="13.173655"/>
<trkpt lat="46.988942" lon="13.173705"/>
<trkpt lat="46.988855" lon="13.173749"/>
<trkpt lat="46.988759" lon="13.173788"/>
<trkpt lat="46.988591" lon="13.173856"/>
<trkpt lat="46.988454" lon="13.173906"/>
<trkpt lat="46.988317" lon="13.173953"/>
<trkpt lat="46.988162" lon="13.173996"/>
<trkpt lat="46.987979" lon="13.174038"/>
</trkseg>
<trkseg>
<trkpt lat="47.081851" lon="13.128799"/>
<trkpt lat="47.081986" lon="13.128775"/>
<trkpt lat="47.082114" lon="13.128724"/>
<trkpt lat="47.082243" lon="13.128611"/>
</trkseg>
<trkseg>
<trkpt lat="47.080364" lon="13.131422"/>
<trkpt lat="47.079807" lon="13.132352"/>
</trkseg>
<trkseg>
<trkpt lat="46.982086" lon="13.175269"/>
<trkpt lat="46.982040" lon="13.175207"/>
</trkseg>
<trkseg>
<trkpt lat="46.978155" lon="13.177015"/>
<trkpt lat="46.978355" lon="13.177008"/>
<trkpt lat="46.978522" lon="13.177000"/>
<trkpt lat="46.978786" lon="13.176963"/>
<trkpt lat="46.978963" lon="13.176929"/>
<trkpt lat="46.979119" lon="13.176885"/>
<trkpt lat="46.979346" lon="13.176809"/>
<trkpt lat="46.979582" lon="13.176711"/>
<trkpt lat="46.979756" lon="13.176623"/>
<trkpt lat="46.979849" lon="13.176576"/>
</trkseg>
<trkseg>
<trkpt lat="47.102943" lon="13.129616"/>
<trkpt lat="47.103122" lon="13.129322"/>
<trkpt lat="47.103169" lon="13.129188"/>
<trkpt lat="47.103197" lon="13.129094"/>
<trkpt lat="47.103207" lon="13.129049"/>
<trkpt lat="47.103230" lon="13.128856"/>
<trkpt lat="47.103234" lon="13.128732"/>
<trkpt lat="47.103214" lon="13.128600"/>
<trkpt lat="47.103170" lon="13.128509"/>
<trkpt lat="47.103103" lon="13.128454"/>
<trkpt lat="47.102673" lon="13.128327"/>
<trkpt lat="47.102590" lon="13.128303"/>
<trkpt lat="47.102476" lon="13.128271"/>
<trkpt lat="47.102274" lon="13.128220"/>
<trkpt lat="47.101816" lon="13.128083"/>
<trkpt lat="47.101683" lon="13.128045"/>
<trkpt lat="47.101460" lon="13.127981"/>
</trkseg>
<trkseg>
<trkpt lat="47.087529" lon="13.119880"/>
<trkpt lat="47.087239" lon="13.119680"/>
</trkseg>
<trkseg>
<trkpt lat="47.080849" lon="13.130747"/>
<trkpt lat="47.080627" lon="13.131012"/>
<trkpt lat="47.080364" lon="13.131422"/>
</trkseg>
<trkseg>
<trkpt lat="46.981652" lon="13.175510"/>
<trkpt lat="46.981615" lon="13.175546"/>
<trkpt lat="46.981582" lon="13.175572"/>
</trkseg>
<trkseg>
<trkpt lat="46.933735" lon="13.197763"/>
<trkpt lat="46.933841" lon="13.197976"/>
<trkpt lat="46.933957" lon="13.198162"/>
<trkpt lat="46.934059" lon="13.198265"/>
<trkpt lat="46.934166" lon="13.198317"/>
<trkpt lat="46.934334" lon="13.198342"/>
<trkpt lat="46.934486" lon="13.198346"/>
<trkpt lat="46.934759" lon="13.198386"/>
<trkpt lat="46.934912" lon="13.198442"/>
<trkpt lat="46.935019" lon="13.198499"/>
<trkpt lat="46.935158" lon="13.198610"/>
<trkpt lat="46.935275" lon="13.198745"/>
</trkseg>
<trkseg>
<trkpt lat="46.930154" lon="13.208239"/>
<trkpt lat="46.929986" lon="13.208333"/>
<trkpt lat="46.929932" lon="13.208580"/>
<trkpt lat="46.929840" lon="13.208928"/>
<trkpt lat="46.929680" lon="13.209456"/>
<trkpt lat="46.929459" lon="13.210067"/>
<trkpt lat="46.929309" lon="13.210462"/>
<trkpt lat="46.929079" lon="13.211143"/>
<trkpt lat="46.928995" lon="13.211486"/>
<trkpt lat="46.928927" lon="13.211896"/>
<trkpt lat="46.928891" lon="13.212273"/>
<trkpt lat="46.928855" lon="13.212735"/>
<trkpt lat="46.928783" lon="13.213550"/>
<trkpt lat="46.928682" lon="13.214515"/>
<trkpt lat="46.928634" lon="13.214896"/>
<trkpt lat="46.928598" lon="13.215227"/>
</trkseg>
<trkseg>
<trkpt lat="46.982040" lon="13.175207"/>
<trkpt lat="46.982014" lon="13.175175"/>
<trkpt lat="46.981944" lon="13.175092"/>
</trkseg>
<trkseg>
<trkpt lat="46.981896" lon="13.175190"/>
<trkpt lat="46.981845" lon="13.175277"/>
<trkpt lat="46.981749" lon="13.175407"/>
<trkpt lat="46.981652" lon="13.175510"/>
</trkseg>
<trkseg>
<trkpt lat="46.981582" lon="13.175572"/>
<trkpt lat="46.981433" lon="13.175690"/>
<trkpt lat="46.981398" lon="13.175712"/>
<trkpt lat="46.981266" lon="13.175789"/>
<trkpt lat="46.981216" lon="13.175819"/>
<trkpt lat="46.981033" lon="13.175928"/>
</trkseg>
<trkseg>
<trkpt lat="46.915076" lon="13.243310"/>
<trkpt lat="46.915032" lon="13.243172"/>
</trkseg>
<trkseg>
<trkpt lat="46.915032" lon="13.243172"/>
<trkpt lat="46.914950" lon="13.242968"/>
<trkpt lat="46.914789" lon="13.242569"/>
<trkpt lat="46.914675" lon="13.242042"/>
<trkpt lat="46.914620" lon="13.241143"/>
</trkseg>
<trkseg>
<trkpt lat="46.830917" lon="13.423925"/>
<trkpt lat="46.831039" lon="13.424067"/>
<trkpt lat="46.831208" lon="13.424337"/>
<trkpt lat="46.831263" lon="13.424464"/>
<trkpt lat="46.831269" lon="13.424506"/>
<trkpt lat="46.831253" lon="13.424548"/>
</trkseg>
<trkseg>
<trkpt lat="46.828457" lon="13.422076"/>
<trkpt lat="46.828520" lon="13.422141"/>
<trkpt lat="46.828582" lon="13.422205"/>
</trkseg>
<trkseg>
<trkpt lat="46.827558" lon="13.421024"/>
<trkpt lat="46.827595" lon="13.421117"/>
<trkpt lat="46.827664" lon="13.421191"/>
<trkpt lat="46.827885" lon="13.421337"/>
<trkpt lat="46.828061" lon="13.421506"/>
</trkseg>
<trkseg>
<trkpt lat="47.086500" lon="13.120135"/>
<trkpt lat="47.086386" lon="13.120207"/>
<trkpt lat="47.086174" lon="13.120324"/>
<trkpt lat="47.086043" lon="13.120428"/>
<trkpt lat="47.085927" lon="13.120565"/>
<trkpt lat="47.085734" lon="13.120933"/>
<trkpt lat="47.085620" lon="13.121153"/>
<trkpt lat="47.085500" lon="13.121314"/>
<trkpt lat="47.085249" lon="13.121606"/>
<trkpt lat="47.084992" lon="13.121973"/>
<trkpt lat="47.084794" lon="13.122185"/>
<trkpt lat="47.084605" lon="13.122386"/>
<trkpt lat="47.084462" lon="13.122582"/>
<trkpt lat="47.084445" lon="13.122610"/>
<trkpt lat="47.084377" lon="13.122723"/>
<trkpt lat="47.084299" lon="13.122886"/>
<trkpt lat="47.084246" lon="13.123073"/>
<trkpt lat="47.084220" lon="13.123317"/>
<trkpt lat="47.084188" lon="13.124043"/>
<trkpt lat="47.084152" lon="13.124328"/>
<trkpt lat="47.084069" lon="13.124614"/>
</trkseg>
<trkseg>
<trkpt lat="47.080923" lon="13.130623"/>
<trkpt lat="47.080849" lon="13.130747"/>
</trkseg>
<trkseg>
<trkpt lat="47.005320" lon="13.172766"/>
<trkpt lat="47.005177" lon="13.172841"/>
<trkpt lat="47.005134" lon="13.172864"/>
<trkpt lat="47.004647" lon="13.173119"/>
<trkpt lat="47.004359" lon="13.173270"/>
</trkseg>
<trkseg>
<trkpt lat="47.004359" lon="13.173270"/>
<trkpt lat="47.004346" lon="13.173277"/>
<trkpt lat="47.004127" lon="13.173392"/>
<trkpt lat="47.003948" lon="13.173486"/>
<trkpt lat="47.003912" lon="13.173505"/>
<trkpt lat="47.003346" lon="13.173802"/>
<trkpt lat="47.003269" lon="13.173842"/>
<trkpt lat="47.002532" lon="13.174229"/>
</trkseg>
<trkseg>
<trkpt lat="46.973541" lon="13.177652"/>
<trkpt lat="46.973631" lon="13.177413"/>
<trkpt lat="46.973682" lon="13.177290"/>
<trkpt lat="46.973735" lon="13.177182"/>
<trkpt lat="46.973881" lon="13.176939"/>
<trkpt lat="46.974086" lon="13.176702"/>
<trkpt lat="46.974239" lon="13.176561"/>
<trkpt lat="46.974454" lon="13.176415"/>
<trkpt lat="46.974619" lon="13.176343"/>
<trkpt lat="46.974789" lon="13.176299"/>
<trkpt lat="46.974937" lon="13.176280"/>
<trkpt lat="46.975042" lon="13.176281"/>
<trkpt lat="46.975196" lon="13.176294"/>
<trkpt lat="46.975393" lon="13.176341"/>
<trkpt lat="46.975836" lon="13.176465"/>
<trkpt lat="46.976427" lon="13.176630"/>
<trkpt lat="46.976714" lon="13.176710"/>
</trkseg>
<trkseg>
<trkpt lat="46.973245" lon="13.179579"/>
<trkpt lat="46.973258" lon="13.179502"/>
<trkpt lat="46.973321" lon="13.179031"/>
<trkpt lat="46.973403" lon="13.178364"/>
<trkpt lat="46.973444" lon="13.178073"/>
<trkpt lat="46.973469" lon="13.177937"/>
<trkpt lat="46.973541" lon="13.177652"/>
</trkseg>
<trkseg>
<trkpt lat="46.796338" lon="13.489919"/>
<trkpt lat="46.796209" lon="13.489726"/>
<trkpt lat="46.796017" lon="13.489370"/>
<trkpt lat="46.795740" lon="13.488670"/>
<trkpt lat="46.795704" lon="13.488579"/>
</trkseg>
<trkseg>
<trkpt lat="46.915472" lon="13.245467"/>
<trkpt lat="46.915522" lon="13.245377"/>
<trkpt lat="46.915544" lon="13.244989"/>
<trkpt lat="46.915539" lon="13.244568"/>
<trkpt lat="46.915201" lon="13.243700"/>
<trkpt lat="46.915076" lon="13.243310"/>
</trkseg>
<trkseg>
<trkpt lat="46.931084" lon="13.206553"/>
<trkpt lat="46.931038" lon="13.206609"/>
<trkpt lat="46.930725" lon="13.206992"/>
<trkpt lat="46.930691" lon="13.207195"/>
<trkpt lat="46.930467" lon="13.207546"/>
<trkpt lat="46.930161" lon="13.208086"/>
<trkpt lat="46.930142" lon="13.208181"/>
</trkseg>
<trkseg>
<trkpt lat="46.901121" lon="13.261896"/>
<trkpt lat="46.901164" lon="13.261986"/>
<trkpt lat="46.901266" lon="13.262057"/>
<trkpt lat="46.901473" lon="13.262074"/>
<trkpt lat="46.901589" lon="13.261988"/>
<trkpt lat="46.901767" lon="13.261876"/>
<trkpt lat="46.901922" lon="13.261910"/>
<trkpt lat="46.902176" lon="13.262125"/>
<trkpt lat="46.902271" lon="13.262267"/>
<trkpt lat="46.902435" lon="13.262444"/>
<trkpt lat="46.902644" lon="13.262489"/>
<trkpt lat="46.902917" lon="13.262438"/>
<trkpt lat="46.903039" lon="13.262268"/>
<trkpt lat="46.903111" lon="13.262009"/>
<trkpt lat="46.903205" lon="13.261667"/>
<trkpt lat="46.903186" lon="13.261570"/>
<trkpt lat="46.903225" lon="13.261400"/>
<trkpt lat="46.903299" lon="13.261322"/>
<trkpt lat="46.903395" lon="13.261264"/>
<trkpt lat="46.903447" lon="13.261200"/>
</trkseg>
<trkseg>
<trkpt lat="46.821474" lon="13.451700"/>
<trkpt lat="46.821892" lon="13.451317"/>
<trkpt lat="46.822087" lon="13.451099"/>
<trkpt lat="46.822286" lon="13.450820"/>
<trkpt lat="46.822468" lon="13.450514"/>
<trkpt lat="46.822764" lon="13.449964"/>
<trkpt lat="46.823050" lon="13.449443"/>
<trkpt lat="46.823384" lon="13.448785"/>
</trkseg>
<trkseg>
<trkpt lat="46.821358" lon="13.451788"/>
<trkpt lat="46.821474" lon="13.451700"/>
</trkseg>
<trkseg>
<trkpt lat="46.828582" lon="13.422205"/>
<trkpt lat="46.828885" lon="13.422514"/>
<trkpt lat="46.829146" lon="13.422760"/>
<trkpt lat="46.829339" lon="13.422914"/>
<trkpt lat="46.829538" lon="13.423051"/>
<trkpt lat="46.829784" lon="13.423199"/>
</trkseg>
<trkseg>
<trkpt lat="46.829822" lon="13.423998"/>
<trkpt lat="46.829755" lon="13.423900"/>
<trkpt lat="46.829734" lon="13.423792"/>
<trkpt lat="46.829735" lon="13.423681"/>
<trkpt lat="46.829765" lon="13.423340"/>
<trkpt lat="46.829779" lon="13.423238"/>
<trkpt lat="46.829784" lon="13.423199"/>
</trkseg>
<trkseg>
<trkpt lat="46.982087" lon="13.175766"/>
<trkpt lat="46.982102" lon="13.175737"/>
<trkpt lat="46.982119" lon="13.175697"/>
<trkpt lat="46.982148" lon="13.175598"/>
<trkpt lat="46.982157" lon="13.175528"/>
<trkpt lat="46.982153" lon="13.175450"/>
<trkpt lat="46.982126" lon="13.175358"/>
<trkpt lat="46.982086" lon="13.175269"/>
</trkseg>
<trkseg>
<trkpt lat="47.105646" lon="13.134164"/>
<trkpt lat="47.105918" lon="13.133247"/>
<trkpt lat="47.106037" lon="13.132798"/>
<trkpt lat="47.106038" lon="13.132674"/>
<trkpt lat="47.106003" lon="13.132615"/>
<trkpt lat="47.105736" lon="13.132464"/>
<trkpt lat="47.105628" lon="13.132404"/>
<trkpt lat="47.104906" lon="13.132107"/>
<trkpt lat="47.104752" lon="13.132006"/>
<trkpt lat="47.104541" lon="13.131811"/>
<trkpt lat="47.104414" lon="13.131642"/>
<trkpt lat="47.104201" lon="13.131352"/>
<trkpt lat="47.103944" lon="13.130983"/>
<trkpt lat="47.103700" lon="13.130650"/>
<trkpt lat="47.103545" lon="13.130441"/>
<trkpt lat="47.103422" lon="13.130278"/>
<trkpt lat="47.103194" lon="13.129957"/>
<trkpt lat="47.103138" lon="13.129884"/>
<trkpt lat="47.103125" lon="13.129866"/>
<trkpt lat="47.102943" lon="13.129616"/>
</trkseg>
<trkseg>
<trkpt lat="46.820344" lon="13.452855"/>
<trkpt lat="46.820473" lon="13.452672"/>
<trkpt lat="46.820715" lon="13.452363"/>
<trkpt lat="46.820882" lon="13.452198"/>
<trkpt lat="46.821358" lon="13.451788"/>
</trkseg>
<trkseg>
<trkpt lat="46.807548" lon="13.477538"/>
<trkpt lat="46.807306" lon="13.478141"/>
<trkpt lat="46.807102" lon="13.478682"/>
<trkpt lat="46.807031" lon="13.478991"/>
<trkpt lat="46.806969" lon="13.479226"/>
<trkpt lat="46.806947" lon="13.479339"/>
<trkpt lat="46.806901" lon="13.479446"/>
<trkpt lat="46.806829" lon="13.479591"/>
<trkpt lat="46.806745" lon="13.479823"/>
<trkpt lat="46.806668" lon="13.479954"/>
<trkpt lat="46.806616" lon="13.479971"/>
<trkpt lat="46.806558" lon="13.479957"/>
<trkpt lat="46.806445" lon="13.479875"/>
<trkpt lat="46.806311" lon="13.479833"/>
</trkseg>
<trkseg>
<trkpt lat="46.797238" lon="13.490974"/>
<trkpt lat="46.797227" lon="13.491020"/>
<trkpt lat="46.797228" lon="13.491069"/>
<trkpt lat="46.797242" lon="13.491114"/>
<trkpt lat="46.797265" lon="13.491146"/>
<trkpt lat="46.797294" lon="13.491164"/>
<trkpt lat="46.797325" lon="13.491167"/>
<trkpt lat="46.797355" lon="13.491154"/>
<trkpt lat="46.797380" lon="13.491126"/>
</trkseg>
<trkseg>
<trkpt lat="46.798060" lon="13.489611"/>
<trkpt lat="46.797925" lon="13.489863"/>
<trkpt lat="46.797489" lon="13.490648"/>
<trkpt lat="46.797356" lon="13.490924"/>
</trkseg>
<trkseg>
<trkpt lat="47.079362" lon="13.132767"/>
<trkpt lat="47.079952" lon="13.131828"/>
<trkpt lat="47.080018" lon="13.131722"/>
</trkseg>
<trkseg>
<trkpt lat="47.079495" lon="13.132874"/>
<trkpt lat="47.079420" lon="13.133036"/>
<trkpt lat="47.079365" lon="13.133079"/>
<trkpt lat="47.079308" lon="13.133074"/>
<trkpt lat="47.079267" lon="13.133023"/>
<trkpt lat="47.079278" lon="13.132934"/>
<trkpt lat="47.079362" lon="13.132767"/>
</trkseg>
<trkseg>
<trkpt lat="47.079220" lon="13.132779"/>
<trkpt lat="47.079191" lon="13.132827"/>
<trkpt lat="47.079047" lon="13.133062"/>
<trkpt lat="47.078949" lon="13.133220"/>
<trkpt lat="47.078776" lon="13.133464"/>
<trkpt lat="47.078568" lon="13.133720"/>
<trkpt lat="47.078381" lon="13.133922"/>
<trkpt lat="47.078278" lon="13.134030"/>
<trkpt lat="47.078092" lon="13.134203"/>
<trkpt lat="47.077585" lon="13.134625"/>
</trkseg>
<trkseg>
<trkpt lat="46.959501" lon="13.184349"/>
<trkpt lat="46.959688" lon="13.184390"/>
<trkpt lat="46.959790" lon="13.184423"/>
<trkpt lat="46.959853" lon="13.184444"/>
<trkpt lat="46.960050" lon="13.184528"/>
<trkpt lat="46.960237" lon="13.184636"/>
<trkpt lat="46.960359" lon="13.184717"/>
<trkpt lat="46.960777" lon="13.185084"/>
<trkpt lat="46.960914" lon="13.185177"/>
<trkpt lat="46.961069" lon="13.185265"/>
<trkpt lat="46.961242" lon="13.185343"/>
<trkpt lat="46.961381" lon="13.185392"/>
<trkpt lat="46.961537" lon="13.185430"/>
<trkpt lat="46.961701" lon="13.185453"/>
<trkpt lat="46.961864" lon="13.185456"/>
<trkpt lat="46.962048" lon="13.185438"/>
<trkpt lat="46.962242" lon="13.185397"/>
<trkpt lat="46.962699" lon="13.185270"/>
<trkpt lat="46.962966" lon="13.185195"/>
<trkpt lat="46.963252" lon="13.185124"/>
<trkpt lat="46.963380" lon="13.185092"/>
<trkpt lat="46.963637" lon="13.185044"/>
<trkpt lat="46.963933" lon="13.185029"/>
<trkpt lat="46.964250" lon="13.185038"/>
<trkpt lat="46.964459" lon="13.185063"/>
<trkpt lat="46.964660" lon="13.185101"/>
<trkpt lat="46.964880" lon="13.185151"/>
<trkpt lat="46.965188" lon="13.185230"/>
<trkpt lat="46.965341" lon="13.185259"/>
<trkpt lat="46.965460" lon="13.185253"/>
<trkpt lat="46.965587" lon="13.185213"/>
<trkpt lat="46.965691" lon="13.185157"/>
<trkpt lat="46.965829" lon="13.185030"/>
<trkpt lat="46.965937" lon="13.184861"/>
<trkpt lat="46.966007" lon="13.184689"/>
<trkpt lat="46.966033" lon="13.184582"/>
</trkseg>
<trkseg>
<trkpt lat="46.879121" lon="13.281246"/>
<trkpt lat="46.879089" lon="13.281484"/>
<trkpt lat="46.879084" lon="13.281821"/>
<trkpt lat="46.879131" lon="13.282248"/>
<trkpt lat="46.879170" lon="13.282613"/>
<trkpt lat="46.879172" lon="13.282713"/>
<trkpt lat="46.879174" lon="13.282838"/>
<trkpt lat="46.879131" lon="13.283203"/>
<trkpt lat="46.879139" lon="13.283643"/>
<trkpt lat="46.879161" lon="13.283890"/>
<trkpt lat="46.879276" lon="13.284439"/>
<trkpt lat="46.879254" lon="13.284772"/>
<trkpt lat="46.879197" lon="13.285177"/>
<trkpt lat="46.879143" lon="13.285494"/>
<trkpt lat="46.879118" lon="13.285664"/>
<trkpt lat="46.878906" lon="13.286223"/>
<trkpt lat="46.878768" lon="13.286593"/>
<trkpt lat="46.878600" lon="13.286899"/>
<trkpt lat="46.878556" lon="13.286976"/>
<trkpt lat="46.878523" lon="13.287036"/>
<trkpt lat="46.878468" lon="13.287264"/>
<trkpt lat="46.878455" lon="13.287575"/>
<trkpt lat="46.878470" lon="13.287841"/>
<trkpt lat="46.878486" lon="13.288138"/>
<trkpt lat="46.878644" lon="13.289297"/>
<trkpt lat="46.878706" lon="13.290077"/>
<trkpt lat="46.878697" lon="13.290359"/>
<trkpt lat="46.878655" lon="13.290576"/>
<trkpt lat="46.878671" lon="13.290839"/>
<trkpt lat="46.878692" lon="13.291271"/>
<trkpt lat="46.878667" lon="13.291499"/>
</trkseg>
<trkseg>
<trkpt lat="46.872583" lon="13.308447"/>
<trkpt lat="46.872499" lon="13.308723"/>
<trkpt lat="46.872465" lon="13.308964"/>
<trkpt lat="46.872410" lon="13.309642"/>
<trkpt lat="46.872377" lon="13.309792"/>
<trkpt lat="46.872185" lon="13.310223"/>
<trkpt lat="46.872043" lon="13.310619"/>
<trkpt lat="46.871805" lon="13.311215"/>
<trkpt lat="46.871718" lon="13.311484"/>
<trkpt lat="46.871583" lon="13.311801"/>
<trkpt lat="46.871362" lon="13.312217"/>
<trkpt lat="46.871228" lon="13.312616"/>
<trkpt lat="46.871090" lon="13.312994"/>
<trkpt lat="46.870972" lon="13.313187"/>
<trkpt lat="46.870385" lon="13.313925"/>
<trkpt lat="46.870077" lon="13.314224"/>
<trkpt lat="46.869590" lon="13.314535"/>
<trkpt lat="46.869447" lon="13.314665"/>
</trkseg>
<trkseg>
<trkpt lat="47.088631" lon="13.118280"/>
<trkpt lat="47.088599" lon="13.118348"/>
</trkseg>
<trkseg>
<trkpt lat="46.796511" lon="13.490137"/>
<trkpt lat="46.796473" lon="13.490089"/>
<trkpt lat="46.796338" lon="13.489919"/>
</trkseg>
<trkseg>
<trkpt lat="47.079546" lon="13.132789"/>
<trkpt lat="47.079495" lon="13.132874"/>
</trkseg>
<trkseg>
<trkpt lat="47.079807" lon="13.132352"/>
<trkpt lat="47.079744" lon="13.132456"/>
<trkpt lat="47.079546" lon="13.132789"/>
</trkseg>
<trkseg>
<trkpt lat="47.083718" lon="13.125845"/>
<trkpt lat="47.083299" lon="13.126537"/>
<trkpt lat="47.083147" lon="13.126849"/>
<trkpt lat="47.083035" lon="13.127076"/>
</trkseg>
<trkseg>
<trkpt lat="46.982966" lon="13.175285"/>
<trkpt lat="46.982864" lon="13.175339"/>
<trkpt lat="46.982771" lon="13.175390"/>
</trkseg>
<trkseg>
<trkpt lat="47.077585" lon="13.134625"/>
<trkpt lat="47.077556" lon="13.134649"/>
<trkpt lat="47.077371" lon="13.134801"/>
<trkpt lat="47.077164" lon="13.134960"/>
<trkpt lat="47.077096" lon="13.135009"/>
<trkpt lat="47.076799" lon="13.135211"/>
<trkpt lat="47.076402" lon="13.135440"/>
</trkseg>
<trkseg>
<trkpt lat="47.081692" lon="13.128831"/>
<trkpt lat="47.080638" lon="13.130510"/>
<trkpt lat="47.080321" lon="13.131012"/>
<trkpt lat="47.080068" lon="13.131414"/>
</trkseg>
<trkseg>
<trkpt lat="46.797356" lon="13.490924"/>
<trkpt lat="46.797312" lon="13.490909"/>
<trkpt lat="46.797269" lon="13.490927"/>
<trkpt lat="46.797238" lon="13.490974"/>
</trkseg>
<trkseg>
<trkpt lat="46.808805" lon="13.475334"/>
<trkpt lat="46.808737" lon="13.475483"/>
<trkpt lat="46.808610" lon="13.475763"/>
<trkpt lat="46.808351" lon="13.476220"/>
<trkpt lat="46.808167" lon="13.476477"/>
<trkpt lat="46.807898" lon="13.476806"/>
<trkpt lat="46.807752" lon="13.477063"/>
<trkpt lat="46.807548" lon="13.477538"/>
</trkseg>
<trkseg>
<trkpt lat="46.825941" lon="13.420703"/>
<trkpt lat="46.825948" lon="13.420586"/>
<trkpt lat="46.825887" lon="13.420486"/>
<trkpt lat="46.825614" lon="13.420401"/>
<trkpt lat="46.825223" lon="13.420250"/>
<trkpt lat="46.824855" lon="13.420099"/>
<trkpt lat="46.824675" lon="13.419965"/>
</trkseg>
<trkseg>
<trkpt lat="46.830569" lon="13.381003"/>
<trkpt lat="46.830645" lon="13.380967"/>
<trkpt lat="46.830729" lon="13.380951"/>
<trkpt lat="46.830728" lon="13.380788"/>
<trkpt lat="46.830762" lon="13.380669"/>
<trkpt lat="46.830811" lon="13.380595"/>
<trkpt lat="46.830925" lon="13.380507"/>
<trkpt lat="46.830996" lon="13.380484"/>
<trkpt lat="46.831118" lon="13.380482"/>
<trkpt lat="46.831172" lon="13.380465"/>
<trkpt lat="46.831240" lon="13.380396"/>
<trkpt lat="46.831466" lon="13.380044"/>
<trkpt lat="46.831633" lon="13.379787"/>
<trkpt lat="46.831724" lon="13.379701"/>
<trkpt lat="46.831763" lon="13.379698"/>
<trkpt lat="46.831801" lon="13.379739"/>
<trkpt lat="46.831814" lon="13.379849"/>
<trkpt lat="46.831815" lon="13.380033"/>
<trkpt lat="46.831821" lon="13.380164"/>
<trkpt lat="46.831851" lon="13.380235"/>
<trkpt lat="46.831896" lon="13.380262"/>
<trkpt lat="46.831937" lon="13.380245"/>
<trkpt lat="46.831963" lon="13.380177"/>
<trkpt lat="46.831958" lon="13.380092"/>
<trkpt lat="46.831919" lon="13.379886"/>
<trkpt lat="46.831907" lon="13.379766"/>
<trkpt lat="46.831902" lon="13.379679"/>
<trkpt lat="46.831930" lon="13.379598"/>
</trkseg>
<trkseg>
<trkpt lat="47.083035" lon="13.127076"/>
<trkpt lat="47.081851" lon="13.128956"/>
<trkpt lat="47.081596" lon="13.129395"/>
<trkpt lat="47.081062" lon="13.130393"/>
</trkseg>
<trkseg>
<trkpt lat="47.087046" lon="13.119567"/>
<trkpt lat="47.086976" lon="13.119596"/>
<trkpt lat="47.086906" lon="13.119663"/>
<trkpt lat="47.086593" lon="13.120055"/>
<trkpt lat="47.086500" lon="13.120135"/>
</trkseg>
<trkseg>
<trkpt lat="47.081062" lon="13.130393"/>
<trkpt lat="47.081004" lon="13.130484"/>
<trkpt lat="47.080923" lon="13.130623"/>
</trkseg>
<trkseg>
<trkpt lat="47.080679" lon="13.130522"/>
<trkpt lat="47.080741" lon="13.130425"/>
<trkpt lat="47.080841" lon="13.130270"/>
<trkpt lat="47.081654" lon="13.129008"/>
<trkpt lat="47.081692" lon="13.128831"/>
</trkseg>
<trkseg>
<trkpt lat="47.081692" lon="13.128831"/>
<trkpt lat="47.081851" lon="13.128799"/>
</trkseg>
<trkseg>
<trkpt lat="46.985816" lon="13.174404"/>
<trkpt lat="46.985733" lon="13.174420"/>
<trkpt lat="46.985729" lon="13.174421"/>
</trkseg>
<trkseg>
<trkpt lat="46.855555" lon="13.346673"/>
<trkpt lat="46.855262" lon="13.346339"/>
</trkseg>
<trkseg>
<trkpt lat="46.856287" lon="13.347001"/>
<trkpt lat="46.855864" lon="13.346704"/>
<trkpt lat="46.855776" lon="13.346684"/>
<trkpt lat="46.855685" lon="13.346676"/>
<trkpt lat="46.855644" lon="13.346679"/>
<trkpt lat="46.855595" lon="13.346688"/>
<trkpt lat="46.855555" lon="13.346673"/>
</trkseg>
<trkseg>
<trkpt lat="46.855262" lon="13.346339"/>
<trkpt lat="46.855251" lon="13.346306"/>
<trkpt lat="46.855239" lon="13.346262"/>
<trkpt lat="46.855244" lon="13.346207"/>
<trkpt lat="46.855285" lon="13.346095"/>
<trkpt lat="46.855459" lon="13.345716"/>
<trkpt lat="46.855525" lon="13.345486"/>
<trkpt lat="46.855571" lon="13.345220"/>
<trkpt lat="46.855625" lon="13.344567"/>
<trkpt lat="46.855674" lon="13.344226"/>
<trkpt lat="46.855800" lon="13.343668"/>
<trkpt lat="46.855795" lon="13.343479"/>
</trkseg>
<trkseg>
<trkpt lat="46.798181" lon="13.488090"/>
<trkpt lat="46.798097" lon="13.488288"/>
<trkpt lat="46.797807" lon="13.489130"/>
<trkpt lat="46.797826" lon="13.489272"/>
<trkpt lat="46.797890" lon="13.489388"/>
<trkpt lat="46.798060" lon="13.489611"/>
</trkseg>
<trkseg>
<trkpt lat="46.799694" lon="13.487030"/>
<trkpt lat="46.799218" lon="13.487383"/>
<trkpt lat="46.799067" lon="13.487487"/>
<trkpt lat="46.798957" lon="13.487562"/>
<trkpt lat="46.798757" lon="13.487687"/>
<trkpt lat="46.798415" lon="13.487894"/>
<trkpt lat="46.798181" lon="13.488090"/>
</trkseg>
<trkseg>
<trkpt lat="46.856585" lon="13.344611"/>
<trkpt lat="46.856461" lon="13.344960"/>
<trkpt lat="46.856440" lon="13.345104"/>
<trkpt lat="46.856436" lon="13.345149"/>
<trkpt lat="46.856419" lon="13.345361"/>
<trkpt lat="46.856395" lon="13.345548"/>
<trkpt lat="46.856340" lon="13.345764"/>
<trkpt lat="46.856306" lon="13.346220"/>
<trkpt lat="46.856301" lon="13.346283"/>
<trkpt lat="46.856286" lon="13.346519"/>
<trkpt lat="46.856271" lon="13.346743"/>
<trkpt lat="46.856287" lon="13.347001"/>
</trkseg>
<trkseg>
<trkpt lat="46.855985" lon="13.343564"/>
<trkpt lat="46.855795" lon="13.343479"/>
</trkseg>
<trkseg>
<trkpt lat="46.854140" lon="13.351301"/>
<trkpt lat="46.854064" lon="13.351408"/>
<trkpt lat="46.853895" lon="13.351747"/>
<trkpt lat="46.853362" lon="13.352920"/>
<trkpt lat="46.853112" lon="13.353446"/>
<trkpt lat="46.853011" lon="13.353665"/>
<trkpt lat="46.852895" lon="13.353961"/>
<trkpt lat="46.852784" lon="13.354372"/>
</trkseg>
<trkseg>
<trkpt lat="46.852784" lon="13.354372"/>
<trkpt lat="46.852543" lon="13.354158"/>
<trkpt lat="46.852253" lon="13.353886"/>
<trkpt lat="46.851637" lon="13.353326"/>
<trkpt lat="46.851451" lon="13.353159"/>
</trkseg>
<trkseg>
<trkpt lat="46.876497" lon="13.299318"/>
<trkpt lat="46.876450" lon="13.299665"/>
</trkseg>
<trkseg>
<trkpt lat="46.876450" lon="13.299665"/>
<trkpt lat="46.876434" lon="13.299924"/>
<trkpt lat="46.876422" lon="13.300027"/>
</trkseg>
<trkseg>
<trkpt lat="46.877551" lon="13.296624"/>
<trkpt lat="46.877445" lon="13.296800"/>
<trkpt lat="46.877318" lon="13.297008"/>
<trkpt lat="46.877189" lon="13.297270"/>
<trkpt lat="46.877035" lon="13.297609"/>
<trkpt lat="46.876899" lon="13.297920"/>
<trkpt lat="46.876767" lon="13.298316"/>
<trkpt lat="46.876632" lon="13.298769"/>
<trkpt lat="46.876567" lon="13.298994"/>
<trkpt lat="46.876497" lon="13.299318"/>
</trkseg>
<trkseg>
<trkpt lat="46.805579" lon="13.480448"/>
<trkpt lat="46.805793" lon="13.480164"/>
<trkpt lat="46.806311" lon="13.479833"/>
</trkseg>
<trkseg>
<trkpt lat="46.800658" lon="13.484863"/>
<trkpt lat="46.800737" lon="13.484799"/>
<trkpt lat="46.800816" lon="13.484739"/>
</trkseg>
<trkseg>
<trkpt lat="46.826510" lon="13.420877"/>
<trkpt lat="46.825941" lon="13.420703"/>
</trkseg>
<trkseg>
<trkpt lat="46.824574" lon="13.419889"/>
<trkpt lat="46.824311" lon="13.419694"/>
<trkpt lat="46.823957" lon="13.419466"/>
<trkpt lat="46.824931" lon="13.416939"/>
<trkpt lat="46.825162" lon="13.416340"/>
<trkpt lat="46.825470" lon="13.415771"/>
</trkseg>
<trkseg>
<trkpt lat="46.824675" lon="13.419965"/>
<trkpt lat="46.824574" lon="13.419889"/>
</trkseg>
<trkseg>
<trkpt lat="46.878659" lon="13.291571"/>
<trkpt lat="46.878603" lon="13.292057"/>
<trkpt lat="46.878547" lon="13.292548"/>
<trkpt lat="46.878539" lon="13.292695"/>
<trkpt lat="46.878561" lon="13.292794"/>
<trkpt lat="46.878589" lon="13.292853"/>
</trkseg>
<trkseg>
<trkpt lat="46.878667" lon="13.291499"/>
<trkpt lat="46.878659" lon="13.291571"/>
</trkseg>
<trkseg>
<trkpt lat="46.858709" lon="13.334318"/>
<trkpt lat="46.858756" lon="13.334245"/>
<trkpt lat="46.859678" lon="13.334284"/>
<trkpt lat="46.860671" lon="13.334327"/>
<trkpt lat="46.862629" lon="13.334392"/>
<trkpt lat="46.862783" lon="13.334373"/>
<trkpt lat="46.862992" lon="13.334356"/>
<trkpt lat="46.863601" lon="13.334374"/>
<trkpt lat="46.863777" lon="13.334411"/>
<trkpt lat="46.863926" lon="13.334524"/>
</trkseg>
<trkseg>
<trkpt lat="46.847817" lon="13.360884"/>
<trkpt lat="46.847848" lon="13.360807"/>
<trkpt lat="46.848305" lon="13.359670"/>
<trkpt lat="46.848609" lon="13.359036"/>
<trkpt lat="46.848892" lon="13.358514"/>
</trkseg>
<trkseg>
<trkpt lat="46.851291" lon="13.352729"/>
<trkpt lat="46.851076" lon="13.352735"/>
<trkpt lat="46.850854" lon="13.352695"/>
<trkpt lat="46.850658" lon="13.352696"/>
<trkpt lat="46.850454" lon="13.352816"/>
<trkpt lat="46.850256" lon="13.353066"/>
<trkpt lat="46.850009" lon="13.353455"/>
<trkpt lat="46.849802" lon="13.353976"/>
<trkpt lat="46.849586" lon="13.354466"/>
<trkpt lat="46.849308" lon="13.354995"/>
<trkpt lat="46.849172" lon="13.355265"/>
<trkpt lat="46.849054" lon="13.355574"/>
<trkpt lat="46.848850" lon="13.356142"/>
<trkpt lat="46.848460" lon="13.356849"/>
</trkseg>
<trkseg>
<trkpt lat="46.981033" lon="13.175928"/>
<trkpt lat="46.980081" lon="13.176449"/>
<trkpt lat="46.979849" lon="13.176576"/>
</trkseg>
<trkseg>
<trkpt lat="46.914312" lon="13.246765"/>
<trkpt lat="46.914322" lon="13.246676"/>
<trkpt lat="46.914390" lon="13.246563"/>
<trkpt lat="46.914527" lon="13.246438"/>
<trkpt lat="46.914695" lon="13.246401"/>
<trkpt lat="46.914953" lon="13.246206"/>
<trkpt lat="46.915109" lon="13.246137"/>
<trkpt lat="46.915182" lon="13.245995"/>
<trkpt lat="46.915472" lon="13.245467"/>
</trkseg>
<trkseg>
<trkpt lat="46.914299" lon="13.246795"/>
<trkpt lat="46.914312" lon="13.246765"/>
</trkseg>
<trkseg>
<trkpt lat="46.914279" lon="13.246845"/>
<trkpt lat="46.914299" lon="13.246795"/>
</trkseg>
<trkseg>
<trkpt lat="47.107764" lon="13.134752"/>
<trkpt lat="47.107713" lon="13.134744"/>
<trkpt lat="47.107502" lon="13.134712"/>
<trkpt lat="47.107195" lon="13.134666"/>
<trkpt lat="47.106595" lon="13.134570"/>
<trkpt lat="47.106507" lon="13.134555"/>
<trkpt lat="47.106321" lon="13.134504"/>
<trkpt lat="47.106192" lon="13.134456"/>
<trkpt lat="47.106005" lon="13.134371"/>
<trkpt lat="47.105646" lon="13.134164"/>
</trkseg>
<trkseg>
<trkpt lat="46.931706" lon="13.205379"/>
<trkpt lat="46.931531" lon="13.205896"/>
<trkpt lat="46.931466" lon="13.206034"/>
<trkpt lat="46.931374" lon="13.206179"/>
<trkpt lat="46.931180" lon="13.206463"/>
<trkpt lat="46.931115" lon="13.206531"/>
<trkpt lat="46.931084" lon="13.206553"/>
</trkseg>
<trkseg>
<trkpt lat="46.914241" lon="13.246872"/>
<trkpt lat="46.914279" lon="13.246845"/>
</trkseg>
<trkseg>
<trkpt lat="46.903447" lon="13.261200"/>
<trkpt lat="46.903472" lon="13.261094"/>
</trkseg>
<trkseg>
<trkpt lat="46.866208" lon="13.331875"/>
<trkpt lat="46.866205" lon="13.331930"/>
<trkpt lat="46.865742" lon="13.332387"/>
<trkpt lat="46.865586" lon="13.332557"/>
<trkpt lat="46.865453" lon="13.332735"/>
<trkpt lat="46.865310" lon="13.333030"/>
<trkpt lat="46.865196" lon="13.333323"/>
<trkpt lat="46.865068" lon="13.333701"/>
<trkpt lat="46.864914" lon="13.333988"/>
<trkpt lat="46.864682" lon="13.334331"/>
<trkpt lat="46.864517" lon="13.334540"/>
<trkpt lat="46.864415" lon="13.334610"/>
<trkpt lat="46.864332" lon="13.334632"/>
<trkpt lat="46.864207" lon="13.334612"/>
<trkpt lat="46.864071" lon="13.334588"/>
<trkpt lat="46.863926" lon="13.334524"/>
</trkseg>
<trkseg>
<trkpt lat="46.866348" lon="13.331710"/>
<trkpt lat="46.866208" lon="13.331875"/>
</trkseg>
<trkseg>
<trkpt lat="46.855789" lon="13.343293"/>
<trkpt lat="46.855795" lon="13.343479"/>
</trkseg>
<trkseg>
<trkpt lat="46.851342" lon="13.352986"/>
<trkpt lat="46.851305" lon="13.352792"/>
<trkpt lat="46.851291" lon="13.352729"/>
</trkseg>
<trkseg>
<trkpt lat="46.851451" lon="13.353159"/>
<trkpt lat="46.851374" lon="13.353060"/>
<trkpt lat="46.851342" lon="13.352986"/>
</trkseg>
<trkseg>
<trkpt lat="46.848517" lon="13.357027"/>
<trkpt lat="46.848460" lon="13.356849"/>
</trkseg>
<trkseg>
<trkpt lat="46.848923" lon="13.358456"/>
<trkpt lat="46.848954" lon="13.358399"/>
<trkpt lat="46.848986" lon="13.358240"/>
<trkpt lat="46.848967" lon="13.358050"/>
<trkpt lat="46.848905" lon="13.357817"/>
<trkpt lat="46.848517" lon="13.357027"/>
</trkseg>
<trkseg>
<trkpt lat="46.848892" lon="13.358514"/>
<trkpt lat="46.848923" lon="13.358456"/>
</trkseg>
<trkseg>
<trkpt lat="46.827543" lon="13.388939"/>
<trkpt lat="46.827578" lon="13.388491"/>
</trkseg>
<trkseg>
<trkpt lat="46.824631" lon="13.444171"/>
<trkpt lat="46.824820" lon="13.444209"/>
<trkpt lat="46.824926" lon="13.444238"/>
</trkseg>
<trkseg>
<trkpt lat="46.824926" lon="13.444238"/>
<trkpt lat="46.825034" lon="13.444267"/>
</trkseg>
<trkseg>
<trkpt lat="47.080300" lon="13.131211"/>
<trkpt lat="47.080280" lon="13.131186"/>
<trkpt lat="47.080679" lon="13.130522"/>
</trkseg>
<trkseg>
<trkpt lat="47.080018" lon="13.131722"/>
<trkpt lat="47.080334" lon="13.131261"/>
<trkpt lat="47.080300" lon="13.131211"/>
</trkseg>
<trkseg>
<trkpt lat="46.980878" lon="13.176293"/>
<trkpt lat="46.980894" lon="13.176353"/>
<trkpt lat="46.980898" lon="13.176369"/>
<trkpt lat="46.981482" lon="13.176054"/>
<trkpt lat="46.982024" lon="13.175765"/>
</trkseg>
<trkseg>
<trkpt lat="46.982024" lon="13.175765"/>
<trkpt lat="46.982087" lon="13.175766"/>
</trkseg>
<trkseg>
<trkpt lat="46.941043" lon="13.191562"/>
<trkpt lat="46.941178" lon="13.191424"/>
<trkpt lat="46.941337" lon="13.191232"/>
<trkpt lat="46.941496" lon="13.190987"/>
<trkpt lat="46.941632" lon="13.190738"/>
<trkpt lat="46.941772" lon="13.190395"/>
<trkpt lat="46.941873" lon="13.190053"/>
<trkpt lat="46.942056" lon="13.189381"/>
<trkpt lat="46.942156" lon="13.189104"/>
<trkpt lat="46.942307" lon="13.188804"/>
<trkpt lat="46.942481" lon="13.188540"/>
<trkpt lat="46.942739" lon="13.188239"/>
<trkpt lat="46.943047" lon="13.187906"/>
</trkseg>
<trkseg>
<trkpt lat="47.005430" lon="13.172708"/>
<trkpt lat="47.005418" lon="13.172714"/>
<trkpt lat="47.005379" lon="13.172735"/>
</trkseg>
<trkseg>
<trkpt lat="47.015816" lon="13.167258"/>
<trkpt lat="47.014133" lon="13.168141"/>
<trkpt lat="47.014112" lon="13.168152"/>
</trkseg>
<trkseg>
<trkpt lat="47.026824" lon="13.161479"/>
<trkpt lat="47.025135" lon="13.162366"/>
<trkpt lat="47.016660" lon="13.166814"/>
<trkpt lat="47.015816" lon="13.167258"/>
</trkseg>
<trkseg>
<trkpt lat="47.028522" lon="13.160587"/>
<trkpt lat="47.026824" lon="13.161479"/>
</trkseg>
<trkseg>
<trkpt lat="47.047281" lon="13.150738"/>
<trkpt lat="47.037105" lon="13.156082"/>
<trkpt lat="47.037075" lon="13.156097"/>
<trkpt lat="47.029473" lon="13.160088"/>
<trkpt lat="47.028522" lon="13.160587"/>
</trkseg>
<trkseg>
<trkpt lat="47.048981" lon="13.149845"/>
<trkpt lat="47.047281" lon="13.150738"/>
</trkseg>
<trkseg>
<trkpt lat="47.062513" lon="13.142736"/>
<trkpt lat="47.057439" lon="13.145402"/>
<trkpt lat="47.052370" lon="13.148065"/>
<trkpt lat="47.048981" lon="13.149845"/>
</trkseg>
<trkseg>
<trkpt lat="47.064202" lon="13.141849"/>
<trkpt lat="47.063357" lon="13.142293"/>
<trkpt lat="47.062513" lon="13.142736"/>
</trkseg>
<trkseg>
<trkpt lat="47.073525" lon="13.136951"/>
<trkpt lat="47.073489" lon="13.136969"/>
<trkpt lat="47.064202" lon="13.141849"/>
</trkseg>
<trkseg>
<trkpt lat="47.076036" lon="13.135631"/>
<trkpt lat="47.074452" lon="13.136463"/>
<trkpt lat="47.073525" lon="13.136951"/>
</trkseg>
<trkseg>
<trkpt lat="47.076402" lon="13.135440"/>
<trkpt lat="47.076241" lon="13.135523"/>
</trkseg>
<trkseg>
<trkpt lat="47.076241" lon="13.135523"/>
<trkpt lat="47.076036" lon="13.135631"/>
</trkseg>
<trkseg>
<trkpt lat="46.987979" lon="13.174038"/>
<trkpt lat="46.987925" lon="13.174051"/>
<trkpt lat="46.987919" lon="13.174052"/>
<trkpt lat="46.987907" lon="13.174055"/>
<trkpt lat="46.987892" lon="13.174058"/>
<trkpt lat="46.987762" lon="13.174086"/>
<trkpt lat="46.987603" lon="13.174115"/>
<trkpt lat="46.987266" lon="13.174181"/>
<trkpt lat="46.987242" lon="13.174186"/>
<trkpt lat="46.987187" lon="13.174197"/>
<trkpt lat="46.987156" lon="13.174203"/>
<trkpt lat="46.986965" lon="13.174241"/>
<trkpt lat="46.986674" lon="13.174299"/>
</trkseg>
<trkseg>
<trkpt lat="46.983812" lon="13.174890"/>
<trkpt lat="46.983762" lon="13.174917"/>
</trkseg>
<trkseg>
<trkpt lat="46.982771" lon="13.175390"/>
<trkpt lat="46.982126" lon="13.175744"/>
<trkpt lat="46.982087" lon="13.175766"/>
</trkseg>
<trkseg>
<trkpt lat="47.002243" lon="13.174380"/>
<trkpt lat="47.001968" lon="13.174525"/>
<trkpt lat="47.001698" lon="13.174657"/>
<trkpt lat="47.001606" lon="13.174699"/>
</trkseg>
<trkseg>
<trkpt lat="46.993188" lon="13.171943"/>
<trkpt lat="46.993112" lon="13.171935"/>
<trkpt lat="46.993050" lon="13.171929"/>
</trkseg>
<trkseg>
<trkpt lat="46.993050" lon="13.171929"/>
<trkpt lat="46.993004" lon="13.171924"/>
<trkpt lat="46.992964" lon="13.171920"/>
<trkpt lat="46.992937" lon="13.171918"/>
<trkpt lat="46.992782" lon="13.171905"/>
<trkpt lat="46.992626" lon="13.171900"/>
<trkpt lat="46.992589" lon="13.171900"/>
<trkpt lat="46.992471" lon="13.171901"/>
</trkseg>
<trkseg>
<trkpt lat="46.984564" lon="13.174590"/>
<trkpt lat="46.984455" lon="13.174621"/>
<trkpt lat="46.984228" lon="13.174696"/>
<trkpt lat="46.984094" lon="13.174750"/>
<trkpt lat="46.983961" lon="13.174810"/>
<trkpt lat="46.983812" lon="13.174890"/>
</trkseg>
</trk>
<trk><name>CAAR4 Spittal → Villach</name>
<trkseg>
<trkpt lat="46.697670" lon="13.681890"/>
<trkpt lat="46.697822" lon="13.681931"/>
<trkpt lat="46.698188" lon="13.681969"/>
<trkpt lat="46.698621" lon="13.681885"/>
<trkpt lat="46.699067" lon="13.681724"/>
<trkpt lat="46.699390" lon="13.681544"/>
<trkpt lat="46.699950" lon="13.681072"/>
<trkpt lat="46.700568" lon="13.680394"/>
<trkpt lat="46.701286" lon="13.679501"/>
<trkpt lat="46.701845" lon="13.678832"/>
<trkpt lat="46.702693" lon="13.677742"/>
<trkpt lat="46.703003" lon="13.677236"/>
<trkpt lat="46.703677" lon="13.676411"/>
<trkpt lat="46.704258" lon="13.675759"/>
</trkseg>
<trkseg>
<trkpt lat="46.661628" lon="13.750300"/>
<trkpt lat="46.661666" lon="13.750605"/>
<trkpt lat="46.661649" lon="13.750867"/>
<trkpt lat="46.661546" lon="13.751276"/>
<trkpt lat="46.661483" lon="13.751553"/>
<trkpt lat="46.661452" lon="13.751791"/>
<trkpt lat="46.661456" lon="13.752273"/>
<trkpt lat="46.661470" lon="13.752684"/>
<trkpt lat="46.661630" lon="13.755615"/>
<trkpt lat="46.661683" lon="13.758023"/>
<trkpt lat="46.661692" lon="13.759224"/>
<trkpt lat="46.661710" lon="13.759711"/>
<trkpt lat="46.661717" lon="13.760858"/>
<trkpt lat="46.661642" lon="13.761770"/>
<trkpt lat="46.661491" lon="13.762807"/>
<trkpt lat="46.661405" lon="13.763132"/>
<trkpt lat="46.661289" lon="13.763408"/>
<trkpt lat="46.661128" lon="13.763656"/>
<trkpt lat="46.660912" lon="13.763849"/>
<trkpt lat="46.660650" lon="13.763988"/>
<trkpt lat="46.660070" lon="13.764068"/>
<trkpt lat="46.659603" lon="13.764092"/>
<trkpt lat="46.658459" lon="13.764053"/>
<trkpt lat="46.657935" lon="13.764015"/>
<trkpt lat="46.657325" lon="13.763967"/>
</trkseg>
<trkseg>
<trkpt lat="46.657263" lon="13.762313"/>
<trkpt lat="46.657218" lon="13.762384"/>
</trkseg>
<trkseg>
<trkpt lat="46.673385" lon="13.712529"/>
<trkpt lat="46.673440" lon="13.712444"/>
<trkpt lat="46.673522" lon="13.712389"/>
<trkpt lat="46.673725" lon="13.712288"/>
<trkpt lat="46.674125" lon="13.711716"/>
<trkpt lat="46.674182" lon="13.711632"/>
<trkpt lat="46.674261" lon="13.711518"/>
</trkseg>
<trkseg>
<trkpt lat="46.675897" lon="13.706090"/>
<trkpt lat="46.675888" lon="13.706004"/>
<trkpt lat="46.675898" lon="13.705905"/>
<trkpt lat="46.675964" lon="13.705598"/>
<trkpt lat="46.675963" lon="13.704973"/>
<trkpt lat="46.676022" lon="13.704473"/>
<trkpt lat="46.676158" lon="13.703487"/>
<trkpt lat="46.676314" lon="13.702787"/>
<trkpt lat="46.676642" lon="13.701810"/>
<trkpt lat="46.676950" lon="13.700974"/>
<trkpt lat="46.677228" lon="13.700226"/>
<trkpt lat="46.677406" lon="13.699915"/>
<trkpt lat="46.677851" lon="13.699303"/>
<trkpt lat="46.679364" lon="13.698033"/>
<trkpt lat="46.679628" lon="13.697823"/>
<trkpt lat="46.680648" lon="13.697175"/>
</trkseg>
<trkseg>
<trkpt lat="46.661628" lon="13.750300"/>
<trkpt lat="46.661715" lon="13.749352"/>
<trkpt lat="46.661841" lon="13.748541"/>
<trkpt lat="46.661888" lon="13.747965"/>
</trkseg>
<trkseg>
<trkpt lat="46.662261" lon="13.747514"/>
<trkpt lat="46.662329" lon="13.747476"/>
<trkpt lat="46.663531" lon="13.746976"/>
<trkpt lat="46.664118" lon="13.746768"/>
<trkpt lat="46.664786" lon="13.746639"/>
<trkpt lat="46.665651" lon="13.746462"/>
<trkpt lat="46.665962" lon="13.746345"/>
<trkpt lat="46.666211" lon="13.746137"/>
<trkpt lat="46.666438" lon="13.745795"/>
<trkpt lat="46.666547" lon="13.745510"/>
<trkpt lat="46.666685" lon="13.744767"/>
<trkpt lat="46.666893" lon="13.743309"/>
<trkpt lat="46.666908" lon="13.742918"/>
<trkpt lat="46.666974" lon="13.742631"/>
<trkpt lat="46.667008" lon="13.742404"/>
<trkpt lat="46.667021" lon="13.742285"/>
<trkpt lat="46.667038" lon="13.742105"/>
<trkpt lat="46.667192" lon="13.739928"/>
<trkpt lat="46.667229" lon="13.738223"/>
</trkseg>
<trkseg>
<trkpt lat="46.634559" lon="13.828391"/>
<trkpt lat="46.634565" lon="13.828616"/>
<trkpt lat="46.634568" lon="13.828705"/>
<trkpt lat="46.634561" lon="13.828817"/>
<trkpt lat="46.634459" lon="13.829131"/>
<trkpt lat="46.634381" lon="13.829359"/>
<trkpt lat="46.634356" lon="13.829439"/>
<trkpt lat="46.634347" lon="13.829513"/>
</trkseg>
<trkseg>
<trkpt lat="46.657020" lon="13.763692"/>
<trkpt lat="46.656841" lon="13.765646"/>
</trkseg>
<trkseg>
<trkpt lat="46.656841" lon="13.765646"/>
<trkpt lat="46.656855" lon="13.765862"/>
<trkpt lat="46.656892" lon="13.766067"/>
</trkseg>
<trkseg>
<trkpt lat="46.787882" lon="13.507668"/>
<trkpt lat="46.787576" lon="13.508298"/>
<trkpt lat="46.787296" lon="13.508824"/>
<trkpt lat="46.787046" lon="13.509236"/>
<trkpt lat="46.786638" lon="13.509843"/>
<trkpt lat="46.786433" lon="13.510188"/>
<trkpt lat="46.786243" lon="13.510550"/>
<trkpt lat="46.786044" lon="13.511057"/>
</trkseg>
<trkseg>
<trkpt lat="46.774213" lon="13.537033"/>
<trkpt lat="46.774206" lon="13.536625"/>
<trkpt lat="46.774221" lon="13.536318"/>
<trkpt lat="46.774257" lon="13.536119"/>
<trkpt lat="46.774318" lon="13.535932"/>
<trkpt lat="46.774407" lon="13.535800"/>
<trkpt lat="46.774484" lon="13.535739"/>
<trkpt lat="46.774619" lon="13.535546"/>
<trkpt lat="46.774806" lon="13.535030"/>
<trkpt lat="46.774852" lon="13.534875"/>
<trkpt lat="46.775024" lon="13.534284"/>
<trkpt lat="46.775237" lon="13.533627"/>
<trkpt lat="46.775343" lon="13.533260"/>
<trkpt lat="46.775701" lon="13.532201"/>
<trkpt lat="46.775739" lon="13.532112"/>
<trkpt lat="46.775846" lon="13.531695"/>
<trkpt lat="46.775921" lon="13.531383"/>
<trkpt lat="46.776001" lon="13.531099"/>
<trkpt lat="46.776235" lon="13.530615"/>
<trkpt lat="46.776433" lon="13.530306"/>
</trkseg>
<trkseg>
<trkpt lat="46.786044" lon="13.511057"/>
<trkpt lat="46.785875" lon="13.511493"/>
<trkpt lat="46.785622" lon="13.512167"/>
<trkpt lat="46.785355" lon="13.512866"/>
<trkpt lat="46.785258" lon="13.513162"/>
<trkpt lat="46.785184" lon="13.513508"/>
<trkpt lat="46.785153" lon="13.513872"/>
<trkpt lat="46.785110" lon="13.514153"/>
<trkpt lat="46.785023" lon="13.514406"/>
<trkpt lat="46.784724" lon="13.515060"/>
<trkpt lat="46.783981" lon="13.516436"/>
<trkpt lat="46.783795" lon="13.516935"/>
<trkpt lat="46.783442" lon="13.517722"/>
<trkpt lat="46.782960" lon="13.518598"/>
<trkpt lat="46.782044" lon="13.519688"/>
<trkpt lat="46.781796" lon="13.520137"/>
<trkpt lat="46.781626" lon="13.520556"/>
<trkpt lat="46.780800" lon="13.522894"/>
<trkpt lat="46.780360" lon="13.523783"/>
<trkpt lat="46.780246" lon="13.524112"/>
<trkpt lat="46.780183" lon="13.524452"/>
<trkpt lat="46.780121" lon="13.525491"/>
<trkpt lat="46.780061" lon="13.526004"/>
<trkpt lat="46.779958" lon="13.526455"/>
<trkpt lat="46.779806" lon="13.526928"/>
<trkpt lat="46.779193" lon="13.528247"/>
<trkpt lat="46.778424" lon="13.529799"/>
</trkseg>
<trkseg>
<trkpt lat="46.795704" lon="13.488579"/>
<trkpt lat="46.795586" lon="13.488660"/>
<trkpt lat="46.795313" lon="13.488847"/>
<trkpt lat="46.795167" lon="13.488948"/>
<trkpt lat="46.794857" lon="13.489245"/>
</trkseg>
<trkseg>
<trkpt lat="46.634911" lon="13.827774"/>
<trkpt lat="46.634877" lon="13.827850"/>
</trkseg>
<trkseg>
<trkpt lat="46.634877" lon="13.827850"/>
<trkpt lat="46.634559" lon="13.828391"/>
</trkseg>
<trkseg>
<trkpt lat="46.697670" lon="13.681890"/>
<trkpt lat="46.697531" lon="13.682045"/>
<trkpt lat="46.697311" lon="13.682225"/>
<trkpt lat="46.696924" lon="13.682337"/>
<trkpt lat="46.696511" lon="13.682667"/>
<trkpt lat="46.696140" lon="13.683003"/>
<trkpt lat="46.695701" lon="13.683407"/>
<trkpt lat="46.695306" lon="13.683925"/>
<trkpt lat="46.694870" lon="13.684587"/>
<trkpt lat="46.694689" lon="13.684935"/>
<trkpt lat="46.694500" lon="13.685463"/>
<trkpt lat="46.694133" lon="13.686676"/>
<trkpt lat="46.693989" lon="13.687319"/>
<trkpt lat="46.693950" lon="13.687868"/>
<trkpt lat="46.693956" lon="13.688460"/>
<trkpt lat="46.694010" lon="13.689055"/>
<trkpt lat="46.694131" lon="13.689759"/>
<trkpt lat="46.694337" lon="13.690823"/>
<trkpt lat="46.694472" lon="13.691167"/>
<trkpt lat="46.694778" lon="13.691922"/>
<trkpt lat="46.695194" lon="13.692732"/>
<trkpt lat="46.695367" lon="13.693338"/>
<trkpt lat="46.695531" lon="13.693889"/>
<trkpt lat="46.695620" lon="13.694382"/>
<trkpt lat="46.695681" lon="13.695036"/>
<trkpt lat="46.695679" lon="13.695455"/>
<trkpt lat="46.695605" lon="13.695875"/>
<trkpt lat="46.695513" lon="13.696258"/>
<trkpt lat="46.695506" lon="13.696279"/>
<trkpt lat="46.695426" lon="13.696540"/>
<trkpt lat="46.695288" lon="13.696957"/>
<trkpt lat="46.695034" lon="13.697573"/>
<trkpt lat="46.694637" lon="13.698229"/>
<trkpt lat="46.694169" lon="13.698773"/>
<trkpt lat="46.693997" lon="13.698931"/>
<trkpt lat="46.693823" lon="13.699070"/>
<trkpt lat="46.693357" lon="13.699367"/>
<trkpt lat="46.693284" lon="13.699407"/>
<trkpt lat="46.692977" lon="13.699578"/>
<trkpt lat="46.692548" lon="13.699810"/>
<trkpt lat="46.692292" lon="13.699926"/>
<trkpt lat="46.691961" lon="13.700113"/>
<trkpt lat="46.691786" lon="13.700202"/>
<trkpt lat="46.691509" lon="13.700354"/>
<trkpt lat="46.691119" lon="13.700549"/>
<trkpt lat="46.690636" lon="13.700722"/>
<trkpt lat="46.690115" lon="13.700855"/>
<trkpt lat="46.689742" lon="13.700923"/>
<trkpt lat="46.689260" lon="13.700984"/>
<trkpt lat="46.688970" lon="13.700990"/>
<trkpt lat="46.688744" lon="13.700958"/>
<trkpt lat="46.688316" lon="13.700941"/>
<trkpt lat="46.688072" lon="13.700921"/>
<trkpt lat="46.687812" lon="13.700857"/>
<trkpt lat="46.687499" lon="13.700768"/>
<trkpt lat="46.687133" lon="13.700637"/>
<trkpt lat="46.686624" lon="13.700408"/>
<trkpt lat="46.686207" lon="13.700175"/>
<trkpt lat="46.685910" lon="13.699987"/>
<trkpt lat="46.685632" lon="13.699778"/>
<trkpt lat="46.684993" lon="13.699260"/>
<trkpt lat="46.684690" lon="13.698965"/>
<trkpt lat="46.684587" lon="13.698867"/>
<trkpt lat="46.683725" lon="13.697962"/>
<trkpt lat="46.683319" lon="13.697552"/>
<trkpt lat="46.682846" lon="13.697163"/>
<trkpt lat="46.682557" lon="13.696976"/>
<trkpt lat="46.682262" lon="13.696817"/>
<trkpt lat="46.681944" lon="13.696662"/>
</trkseg>
<trkseg>
<trkpt lat="46.722036" lon="13.642383"/>
<trkpt lat="46.722067" lon="13.641988"/>
<trkpt lat="46.722271" lon="13.640472"/>
<trkpt lat="46.722428" lon="13.639673"/>
<trkpt lat="46.722610" lon="13.638910"/>
<trkpt lat="46.722717" lon="13.638459"/>
<trkpt lat="46.722847" lon="13.638036"/>
<trkpt lat="46.722919" lon="13.637814"/>
<trkpt lat="46.723105" lon="13.637326"/>
<trkpt lat="46.723280" lon="13.636908"/>
<trkpt lat="46.723685" lon="13.636118"/>
<trkpt lat="46.724108" lon="13.635269"/>
<trkpt lat="46.725055" lon="13.633556"/>
<trkpt lat="46.725608" lon="13.632672"/>
<trkpt lat="46.726338" lon="13.631539"/>
<trkpt lat="46.727038" lon="13.630449"/>
<trkpt lat="46.727621" lon="13.629694"/>
<trkpt lat="46.728997" lon="13.628029"/>
<trkpt lat="46.729709" lon="13.627256"/>
<trkpt lat="46.731089" lon="13.625653"/>
<trkpt lat="46.732227" lon="13.624277"/>
<trkpt lat="46.732635" lon="13.623761"/>
<trkpt lat="46.733226" lon="13.623023"/>
<trkpt lat="46.734292" lon="13.621695"/>
<trkpt lat="46.735115" lon="13.620604"/>
<trkpt lat="46.735321" lon="13.620360"/>
<trkpt lat="46.735415" lon="13.620147"/>
<trkpt lat="46.735501" lon="13.619645"/>
<trkpt lat="46.735630" lon="13.619266"/>
<trkpt lat="46.735755" lon="13.619153"/>
<trkpt lat="46.735821" lon="13.619034"/>
<trkpt lat="46.736188" lon="13.617238"/>
<trkpt lat="46.736317" lon="13.616602"/>
<trkpt lat="46.736507" lon="13.616010"/>
<trkpt lat="46.736893" lon="13.615036"/>
<trkpt lat="46.737129" lon="13.614554"/>
<trkpt lat="46.737541" lon="13.613859"/>
<trkpt lat="46.737855" lon="13.613414"/>
<trkpt lat="46.738262" lon="13.612965"/>
<trkpt lat="46.739245" lon="13.612064"/>
<trkpt lat="46.740480" lon="13.611077"/>
<trkpt lat="46.741541" lon="13.610202"/>
<trkpt lat="46.742103" lon="13.609575"/>
<trkpt lat="46.742457" lon="13.609019"/>
<trkpt lat="46.742793" lon="13.608378"/>
<trkpt lat="46.743045" lon="13.607773"/>
<trkpt lat="46.743277" lon="13.606951"/>
<trkpt lat="46.743392" lon="13.606370"/>
<trkpt lat="46.743532" lon="13.605360"/>
<trkpt lat="46.743665" lon="13.603790"/>
<trkpt lat="46.743651" lon="13.602811"/>
<trkpt lat="46.743591" lon="13.602017"/>
<trkpt lat="46.743566" lon="13.601799"/>
<trkpt lat="46.743417" lon="13.601041"/>
<trkpt lat="46.743244" lon="13.600346"/>
<trkpt lat="46.743205" lon="13.600107"/>
<trkpt lat="46.743002" lon="13.599294"/>
<trkpt lat="46.742884" lon="13.598079"/>
<trkpt lat="46.742895" lon="13.597276"/>
<trkpt lat="46.742973" lon="13.596504"/>
<trkpt lat="46.743117" lon="13.595510"/>
<trkpt lat="46.743320" lon="13.594102"/>
</trkseg>
<trkseg>
<trkpt lat="46.793252" lon="13.490609"/>
<trkpt lat="46.793170" lon="13.490622"/>
<trkpt lat="46.793049" lon="13.490641"/>
</trkseg>
<trkseg>
<trkpt lat="46.793049" lon="13.490641"/>
<trkpt lat="46.792935" lon="13.490676"/>
<trkpt lat="46.792709" lon="13.490807"/>
<trkpt lat="46.792498" lon="13.490895"/>
<trkpt lat="46.792403" lon="13.491088"/>
<trkpt lat="46.792303" lon="13.491368"/>
<trkpt lat="46.792231" lon="13.491742"/>
<trkpt lat="46.792233" lon="13.492115"/>
<trkpt lat="46.792235" lon="13.492483"/>
<trkpt lat="46.792207" lon="13.492637"/>
<trkpt lat="46.792144" lon="13.492824"/>
<trkpt lat="46.792147" lon="13.493208"/>
<trkpt lat="46.792204" lon="13.494518"/>
<trkpt lat="46.792225" lon="13.495242"/>
<trkpt lat="46.792226" lon="13.495437"/>
</trkseg>
<trkseg>
<trkpt lat="46.792207" lon="13.498294"/>
<trkpt lat="46.792175" lon="13.497595"/>
</trkseg>
<trkseg>
<trkpt lat="46.792175" lon="13.497595"/>
<trkpt lat="46.792172" lon="13.497561"/>
<trkpt lat="46.792138" lon="13.497534"/>
</trkseg>
<trkseg>
<trkpt lat="46.792111" lon="13.496423"/>
<trkpt lat="46.792226" lon="13.496411"/>
</trkseg>
<trkseg>
<trkpt lat="46.792226" lon="13.496411"/>
<trkpt lat="46.792249" lon="13.496411"/>
<trkpt lat="46.792248" lon="13.496391"/>
</trkseg>
<trkseg>
<trkpt lat="46.791338" lon="13.502356"/>
<trkpt lat="46.791462" lon="13.502058"/>
<trkpt lat="46.791587" lon="13.502162"/>
<trkpt lat="46.791931" lon="13.501341"/>
<trkpt lat="46.792076" lon="13.500716"/>
<trkpt lat="46.792114" lon="13.500478"/>
<trkpt lat="46.792170" lon="13.500317"/>
</trkseg>
<trkseg>
<trkpt lat="46.774213" lon="13.537033"/>
<trkpt lat="46.774288" lon="13.537354"/>
<trkpt lat="46.774806" lon="13.538403"/>
<trkpt lat="46.774943" lon="13.538916"/>
<trkpt lat="46.775036" lon="13.539435"/>
<trkpt lat="46.775162" lon="13.540069"/>
<trkpt lat="46.775201" lon="13.540305"/>
<trkpt lat="46.775213" lon="13.540529"/>
<trkpt lat="46.775191" lon="13.540726"/>
<trkpt lat="46.775154" lon="13.540953"/>
<trkpt lat="46.775039" lon="13.541394"/>
<trkpt lat="46.774900" lon="13.541728"/>
<trkpt lat="46.774494" lon="13.542289"/>
<trkpt lat="46.774395" lon="13.542440"/>
<trkpt lat="46.774352" lon="13.542553"/>
<trkpt lat="46.774295" lon="13.542825"/>
<trkpt lat="46.774300" lon="13.543229"/>
<trkpt lat="46.774299" lon="13.543866"/>
<trkpt lat="46.774322" lon="13.545178"/>
</trkseg>
<trkseg>
<trkpt lat="46.656616" lon="13.765574"/>
<trkpt lat="46.656524" lon="13.765536"/>
<trkpt lat="46.656076" lon="13.765330"/>
<trkpt lat="46.655472" lon="13.765330"/>
<trkpt lat="46.654702" lon="13.765348"/>
<trkpt lat="46.654555" lon="13.765376"/>
<trkpt lat="46.654349" lon="13.765441"/>
<trkpt lat="46.654043" lon="13.765596"/>
<trkpt lat="46.653880" lon="13.765722"/>
<trkpt lat="46.653711" lon="13.765876"/>
<trkpt lat="46.653448" lon="13.766193"/>
<trkpt lat="46.653140" lon="13.766778"/>
<trkpt lat="46.652994" lon="13.767071"/>
<trkpt lat="46.652799" lon="13.767531"/>
<trkpt lat="46.652729" lon="13.767682"/>
<trkpt lat="46.652530" lon="13.768202"/>
<trkpt lat="46.652200" lon="13.769231"/>
<trkpt lat="46.651829" lon="13.770379"/>
<trkpt lat="46.651671" lon="13.770915"/>
<trkpt lat="46.651423" lon="13.771730"/>
<trkpt lat="46.651136" lon="13.772635"/>
<trkpt lat="46.651044" lon="13.772877"/>
<trkpt lat="46.650940" lon="13.773152"/>
<trkpt lat="46.650828" lon="13.773415"/>
<trkpt lat="46.650349" lon="13.774502"/>
<trkpt lat="46.650259" lon="13.774757"/>
<trkpt lat="46.650128" lon="13.775147"/>
<trkpt lat="46.650053" lon="13.775540"/>
<trkpt lat="46.650020" lon="13.776085"/>
<trkpt lat="46.650013" lon="13.776529"/>
<trkpt lat="46.650104" lon="13.776899"/>
<trkpt lat="46.650295" lon="13.777435"/>
<trkpt lat="46.650617" lon="13.777864"/>
<trkpt lat="46.651715" lon="13.779167"/>
<trkpt lat="46.652158" lon="13.779757"/>
<trkpt lat="46.652236" lon="13.779926"/>
<trkpt lat="46.652509" lon="13.780558"/>
<trkpt lat="46.652752" lon="13.781456"/>
<trkpt lat="46.652770" lon="13.781670"/>
<trkpt lat="46.652782" lon="13.781941"/>
<trkpt lat="46.652774" lon="13.782234"/>
<trkpt lat="46.652740" lon="13.782737"/>
<trkpt lat="46.652701" lon="13.783132"/>
<trkpt lat="46.652623" lon="13.783697"/>
<trkpt lat="46.652534" lon="13.784197"/>
<trkpt lat="46.652445" lon="13.784628"/>
<trkpt lat="46.652347" lon="13.785007"/>
<trkpt lat="46.652232" lon="13.785422"/>
<trkpt lat="46.652124" lon="13.785770"/>
<trkpt lat="46.651749" lon="13.786831"/>
<trkpt lat="46.651430" lon="13.787928"/>
<trkpt lat="46.651261" lon="13.788643"/>
<trkpt lat="46.651173" lon="13.789077"/>
<trkpt lat="46.651109" lon="13.789476"/>
<trkpt lat="46.651081" lon="13.789730"/>
<trkpt lat="46.651069" lon="13.790056"/>
<trkpt lat="46.651092" lon="13.790383"/>
<trkpt lat="46.651133" lon="13.790713"/>
<trkpt lat="46.651191" lon="13.791051"/>
<trkpt lat="46.651339" lon="13.791676"/>
<trkpt lat="46.651417" lon="13.792088"/>
<trkpt lat="46.651456" lon="13.792416"/>
<trkpt lat="46.651468" lon="13.792764"/>
<trkpt lat="46.651451" lon="13.793127"/>
<trkpt lat="46.651421" lon="13.793498"/>
<trkpt lat="46.651336" lon="13.794034"/>
<trkpt lat="46.651212" lon="13.794574"/>
<trkpt lat="46.651090" lon="13.794994"/>
<trkpt lat="46.650974" lon="13.795343"/>
<trkpt lat="46.650804" lon="13.795716"/>
<trkpt lat="46.650553" lon="13.796206"/>
<trkpt lat="46.650370" lon="13.796516"/>
<trkpt lat="46.650126" lon="13.796887"/>
<trkpt lat="46.649860" lon="13.797257"/>
<trkpt lat="46.649666" lon="13.797503"/>
<trkpt lat="46.649382" lon="13.797825"/>
<trkpt lat="46.649139" lon="13.798077"/>
<trkpt lat="46.648928" lon="13.798276"/>
<trkpt lat="46.648661" lon="13.798491"/>
<trkpt lat="46.648377" lon="13.798683"/>
<trkpt lat="46.648093" lon="13.798833"/>
<trkpt lat="46.647654" lon="13.799015"/>
<trkpt lat="46.646857" lon="13.799318"/>
<trkpt lat="46.645594" lon="13.799990"/>
<trkpt lat="46.644878" lon="13.800547"/>
<trkpt lat="46.644545" lon="13.800970"/>
<trkpt lat="46.644074" lon="13.801580"/>
<trkpt lat="46.644011" lon="13.801650"/>
<trkpt lat="46.643820" lon="13.801975"/>
<trkpt lat="46.643498" lon="13.802516"/>
<trkpt lat="46.643295" lon="13.802949"/>
<trkpt lat="46.643117" lon="13.803388"/>
<trkpt lat="46.642881" lon="13.804024"/>
<trkpt lat="46.642825" lon="13.804223"/>
<trkpt lat="46.642765" lon="13.804484"/>
<trkpt lat="46.642722" lon="13.804602"/>
<trkpt lat="46.642654" lon="13.804741"/>
<trkpt lat="46.641915" lon="13.805994"/>
<trkpt lat="46.641630" lon="13.806504"/>
<trkpt lat="46.641561" lon="13.806682"/>
<trkpt lat="46.641402" lon="13.806963"/>
<trkpt lat="46.641281" lon="13.807129"/>
<trkpt lat="46.641058" lon="13.807484"/>
<trkpt lat="46.640887" lon="13.807736"/>
<trkpt lat="46.640665" lon="13.808226"/>
<trkpt lat="46.640429" lon="13.808730"/>
<trkpt lat="46.640114" lon="13.809349"/>
<trkpt lat="46.639933" lon="13.809745"/>
<trkpt lat="46.639851" lon="13.809990"/>
<trkpt lat="46.639768" lon="13.810160"/>
<trkpt lat="46.639656" lon="13.810365"/>
<trkpt lat="46.639412" lon="13.810801"/>
<trkpt lat="46.639272" lon="13.811113"/>
<trkpt lat="46.639258" lon="13.811227"/>
<trkpt lat="46.639228" lon="13.811711"/>
<trkpt lat="46.639191" lon="13.811995"/>
<trkpt lat="46.639075" lon="13.812532"/>
<trkpt lat="46.638775" lon="13.813856"/>
<trkpt lat="46.638621" lon="13.814414"/>
<trkpt lat="46.638484" lon="13.814801"/>
<trkpt lat="46.638447" lon="13.814998"/>
<trkpt lat="46.638445" lon="13.815166"/>
<trkpt lat="46.638429" lon="13.815325"/>
<trkpt lat="46.637999" lon="13.816337"/>
<trkpt lat="46.637834" lon="13.816795"/>
<trkpt lat="46.637622" lon="13.817317"/>
<trkpt lat="46.637556" lon="13.817477"/>
<trkpt lat="46.637490" lon="13.817706"/>
<trkpt lat="46.637343" lon="13.818091"/>
<trkpt lat="46.637079" lon="13.818695"/>
<trkpt lat="46.636902" lon="13.819094"/>
<trkpt lat="46.636611" lon="13.819842"/>
<trkpt lat="46.636510" lon="13.820108"/>
<trkpt lat="46.636432" lon="13.820398"/>
<trkpt lat="46.636298" lon="13.820990"/>
<trkpt lat="46.636177" lon="13.821597"/>
<trkpt lat="46.636021" lon="13.822317"/>
<trkpt lat="46.635942" lon="13.822701"/>
<trkpt lat="46.635875" lon="13.823079"/>
<trkpt lat="46.635797" lon="13.823555"/>
<trkpt lat="46.635596" lon="13.824598"/>
<trkpt lat="46.635474" lon="13.825207"/>
<trkpt lat="46.635434" lon="13.825452"/>
<trkpt lat="46.635337" lon="13.826155"/>
</trkseg>
<trkseg>
<trkpt lat="46.656847" lon="13.766103"/>
<trkpt lat="46.656892" lon="13.766067"/>
</trkseg>
<trkseg>
<trkpt lat="46.777343" lon="13.528139"/>
<trkpt lat="46.777656" lon="13.528695"/>
<trkpt lat="46.777997" lon="13.529251"/>
<trkpt lat="46.778424" lon="13.529799"/>
</trkseg>
<trkseg>
<trkpt lat="46.791338" lon="13.502356"/>
<trkpt lat="46.791373" lon="13.502415"/>
<trkpt lat="46.791377" lon="13.502476"/>
<trkpt lat="46.791232" lon="13.502912"/>
<trkpt lat="46.790320" lon="13.505241"/>
<trkpt lat="46.789970" lon="13.506111"/>
<trkpt lat="46.789352" lon="13.507677"/>
<trkpt lat="46.788984" lon="13.508638"/>
</trkseg>
<trkseg>
<trkpt lat="46.787882" lon="13.507668"/>
<trkpt lat="46.788340" lon="13.508031"/>
<trkpt lat="46.788984" lon="13.508638"/>
</trkseg>
<trkseg>
<trkpt lat="46.792170" lon="13.500317"/>
<trkpt lat="46.792200" lon="13.500064"/>
<trkpt lat="46.792170" lon="13.499839"/>
</trkseg>
<trkseg>
<trkpt lat="46.792170" lon="13.499839"/>
<trkpt lat="46.792171" lon="13.499793"/>
<trkpt lat="46.792184" lon="13.499261"/>
<trkpt lat="46.792175" lon="13.498864"/>
<trkpt lat="46.792173" lon="13.498733"/>
<trkpt lat="46.792207" lon="13.498294"/>
</trkseg>
<trkseg>
<trkpt lat="46.792138" lon="13.497534"/>
<trkpt lat="46.792137" lon="13.497510"/>
</trkseg>
<trkseg>
<trkpt lat="46.792127" lon="13.497280"/>
<trkpt lat="46.792111" lon="13.497226"/>
<trkpt lat="46.792101" lon="13.496947"/>
<trkpt lat="46.792062" lon="13.496844"/>
</trkseg>
<trkseg>
<trkpt lat="46.770981" lon="13.553411"/>
<trkpt lat="46.770683" lon="13.553916"/>
<trkpt lat="46.770250" lon="13.554412"/>
<trkpt lat="46.770214" lon="13.554463"/>
</trkseg>
<trkseg>
<trkpt lat="46.634339" lon="13.829648"/>
<trkpt lat="46.634330" lon="13.829742"/>
<trkpt lat="46.634307" lon="13.829823"/>
<trkpt lat="46.634214" lon="13.830024"/>
<trkpt lat="46.634017" lon="13.830336"/>
<trkpt lat="46.633865" lon="13.830526"/>
<trkpt lat="46.633632" lon="13.830746"/>
<trkpt lat="46.633438" lon="13.830951"/>
<trkpt lat="46.633317" lon="13.831098"/>
<trkpt lat="46.633219" lon="13.831226"/>
<trkpt lat="46.632970" lon="13.831462"/>
<trkpt lat="46.632770" lon="13.831618"/>
<trkpt lat="46.632584" lon="13.831746"/>
<trkpt lat="46.632325" lon="13.831890"/>
<trkpt lat="46.631968" lon="13.832059"/>
<trkpt lat="46.631590" lon="13.832220"/>
<trkpt lat="46.631400" lon="13.832290"/>
<trkpt lat="46.631292" lon="13.832332"/>
<trkpt lat="46.631072" lon="13.832473"/>
<trkpt lat="46.630878" lon="13.832594"/>
<trkpt lat="46.630695" lon="13.832738"/>
<trkpt lat="46.630480" lon="13.832915"/>
<trkpt lat="46.630237" lon="13.833113"/>
<trkpt lat="46.630066" lon="13.833237"/>
<trkpt lat="46.629714" lon="13.833453"/>
<trkpt lat="46.629297" lon="13.833720"/>
<trkpt lat="46.628948" lon="13.833923"/>
<trkpt lat="46.628640" lon="13.834104"/>
<trkpt lat="46.628284" lon="13.834283"/>
<trkpt lat="46.628115" lon="13.834369"/>
<trkpt lat="46.627918" lon="13.834455"/>
<trkpt lat="46.627623" lon="13.834566"/>
<trkpt lat="46.627355" lon="13.834660"/>
<trkpt lat="46.626897" lon="13.834786"/>
<trkpt lat="46.626345" lon="13.834872"/>
<trkpt lat="46.625886" lon="13.834891"/>
<trkpt lat="46.625328" lon="13.834888"/>
<trkpt lat="46.624320" lon="13.834879"/>
<trkpt lat="46.623891" lon="13.834854"/>
<trkpt lat="46.623558" lon="13.834831"/>
<trkpt lat="46.623024" lon="13.834739"/>
<trkpt lat="46.622590" lon="13.834667"/>
<trkpt lat="46.622333" lon="13.834612"/>
<trkpt lat="46.622063" lon="13.834571"/>
<trkpt lat="46.621645" lon="13.834544"/>
<trkpt lat="46.621517" lon="13.834533"/>
<trkpt lat="46.621158" lon="13.834543"/>
<trkpt lat="46.620908" lon="13.834560"/>
<trkpt lat="46.620672" lon="13.834595"/>
<trkpt lat="46.620490" lon="13.834623"/>
<trkpt lat="46.620305" lon="13.834680"/>
<trkpt lat="46.619999" lon="13.834806"/>
<trkpt lat="46.619634" lon="13.835045"/>
<trkpt lat="46.619406" lon="13.835182"/>
<trkpt lat="46.618907" lon="13.835507"/>
<trkpt lat="46.618629" lon="13.835696"/>
<trkpt lat="46.618266" lon="13.835934"/>
<trkpt lat="46.617500" lon="13.836439"/>
<trkpt lat="46.617190" lon="13.836658"/>
<trkpt lat="46.616975" lon="13.836827"/>
<trkpt lat="46.616779" lon="13.837007"/>
<trkpt lat="46.616637" lon="13.837150"/>
<trkpt lat="46.616504" lon="13.837319"/>
<trkpt lat="46.616317" lon="13.837618"/>
<trkpt lat="46.616196" lon="13.837883"/>
<trkpt lat="46.616102" lon="13.838147"/>
<trkpt lat="46.616035" lon="13.838422"/>
<trkpt lat="46.615989" lon="13.838692"/>
<trkpt lat="46.615951" lon="13.838955"/>
<trkpt lat="46.615932" lon="13.839208"/>
<trkpt lat="46.615933" lon="13.839492"/>
<trkpt lat="46.615936" lon="13.839706"/>
<trkpt lat="46.615953" lon="13.839902"/>
<trkpt lat="46.615990" lon="13.840246"/>
<trkpt lat="46.616029" lon="13.840485"/>
<trkpt lat="46.616086" lon="13.840757"/>
<trkpt lat="46.616272" lon="13.841435"/>
<trkpt lat="46.616536" lon="13.842246"/>
<trkpt lat="46.616644" lon="13.842565"/>
<trkpt lat="46.616750" lon="13.842904"/>
</trkseg>
<trkseg>
<trkpt lat="46.616750" lon="13.842904"/>
<trkpt lat="46.616802" lon="13.843193"/>
<trkpt lat="46.616877" lon="13.843584"/>
<trkpt lat="46.616915" lon="13.844131"/>
<trkpt lat="46.616921" lon="13.844376"/>
<trkpt lat="46.616918" lon="13.844620"/>
<trkpt lat="46.616882" lon="13.845144"/>
<trkpt lat="46.616849" lon="13.845516"/>
<trkpt lat="46.616765" lon="13.846025"/>
<trkpt lat="46.616669" lon="13.846494"/>
<trkpt lat="46.616566" lon="13.846834"/>
<trkpt lat="46.616445" lon="13.847131"/>
<trkpt lat="46.616356" lon="13.847319"/>
<trkpt lat="46.616149" lon="13.847665"/>
</trkseg>
<trkseg>
<trkpt lat="46.681655" lon="13.696587"/>
<trkpt lat="46.681858" lon="13.696672"/>
</trkseg>
<trkseg>
<trkpt lat="46.681858" lon="13.696672"/>
<trkpt lat="46.681944" lon="13.696662"/>
</trkseg>
<trkseg>
<trkpt lat="46.634347" lon="13.829513"/>
<trkpt lat="46.634339" lon="13.829648"/>
</trkseg>
<trkseg>
<trkpt lat="46.706182" lon="13.673482"/>
<trkpt lat="46.706232" lon="13.673421"/>
</trkseg>
<trkseg>
<trkpt lat="46.706110" lon="13.673564"/>
<trkpt lat="46.706182" lon="13.673482"/>
</trkseg>
<trkseg>
<trkpt lat="46.793315" lon="13.490598"/>
<trkpt lat="46.793252" lon="13.490609"/>
</trkseg>
<trkseg>
<trkpt lat="46.794857" lon="13.489245"/>
<trkpt lat="46.794501" lon="13.489654"/>
<trkpt lat="46.793940" lon="13.490145"/>
<trkpt lat="46.793527" lon="13.490495"/>
<trkpt lat="46.793315" lon="13.490598"/>
</trkseg>
<trkseg>
<trkpt lat="46.635150" lon="13.827244"/>
<trkpt lat="46.634911" lon="13.827774"/>
</trkseg>
<trkseg>
<trkpt lat="46.667229" lon="13.738223"/>
<trkpt lat="46.667136" lon="13.737262"/>
<trkpt lat="46.667124" lon="13.736341"/>
<trkpt lat="46.667134" lon="13.734875"/>
<trkpt lat="46.667304" lon="13.733262"/>
<trkpt lat="46.667518" lon="13.731847"/>
<trkpt lat="46.667625" lon="13.731413"/>
<trkpt lat="46.667791" lon="13.730964"/>
<trkpt lat="46.668335" lon="13.728770"/>
<trkpt lat="46.668503" lon="13.728182"/>
<trkpt lat="46.668670" lon="13.727554"/>
<trkpt lat="46.668693" lon="13.727328"/>
<trkpt lat="46.668677" lon="13.727057"/>
<trkpt lat="46.668700" lon="13.726585"/>
<trkpt lat="46.668760" lon="13.726146"/>
<trkpt lat="46.668724" lon="13.725627"/>
<trkpt lat="46.668745" lon="13.725321"/>
<trkpt lat="46.668827" lon="13.725105"/>
<trkpt lat="46.668942" lon="13.724659"/>
<trkpt lat="46.669059" lon="13.724585"/>
<trkpt lat="46.669240" lon="13.724461"/>
<trkpt lat="46.669316" lon="13.724330"/>
<trkpt lat="46.669362" lon="13.724200"/>
<trkpt lat="46.669407" lon="13.723698"/>
<trkpt lat="46.669447" lon="13.723238"/>
<trkpt lat="46.669536" lon="13.722648"/>
<trkpt lat="46.669607" lon="13.722350"/>
<trkpt lat="46.669700" lon="13.722060"/>
<trkpt lat="46.669865" lon="13.721587"/>
<trkpt lat="46.670097" lon="13.721128"/>
<trkpt lat="46.670404" lon="13.720585"/>
<trkpt lat="46.670623" lon="13.720051"/>
<trkpt lat="46.671655" lon="13.716973"/>
<trkpt lat="46.671738" lon="13.716637"/>
<trkpt lat="46.672037" lon="13.715915"/>
<trkpt lat="46.672302" lon="13.715099"/>
<trkpt lat="46.672740" lon="13.714076"/>
<trkpt lat="46.672967" lon="13.713628"/>
<trkpt lat="46.673073" lon="13.713313"/>
<trkpt lat="46.673102" lon="13.713183"/>
<trkpt lat="46.673157" lon="13.713041"/>
<trkpt lat="46.673265" lon="13.712767"/>
<trkpt lat="46.673385" lon="13.712529"/>
</trkseg>
<trkseg>
<trkpt lat="46.706232" lon="13.673421"/>
<trkpt lat="46.706866" lon="13.672686"/>
<trkpt lat="46.707231" lon="13.672266"/>
<trkpt lat="46.707609" lon="13.671827"/>
<trkpt lat="46.708025" lon="13.671347"/>
<trkpt lat="46.708366" lon="13.670927"/>
<trkpt lat="46.708516" lon="13.670756"/>
</trkseg>
<trkseg>
<trkpt lat="46.710759" lon="13.665582"/>
<trkpt lat="46.710983" lon="13.665738"/>
<trkpt lat="46.711152" lon="13.665700"/>
<trkpt lat="46.711946" lon="13.664789"/>
<trkpt lat="46.712622" lon="13.663906"/>
<trkpt lat="46.713246" lon="13.663073"/>
<trkpt lat="46.713580" lon="13.662641"/>
<trkpt lat="46.714149" lon="13.661834"/>
<trkpt lat="46.714788" lon="13.660749"/>
<trkpt lat="46.715351" lon="13.659507"/>
<trkpt lat="46.715837" lon="13.658387"/>
<trkpt lat="46.716166" lon="13.657610"/>
<trkpt lat="46.716570" lon="13.656631"/>
<trkpt lat="46.716750" lon="13.656253"/>
<trkpt lat="46.717098" lon="13.655487"/>
<trkpt lat="46.717489" lon="13.654747"/>
<trkpt lat="46.717902" lon="13.653987"/>
<trkpt lat="46.718507" lon="13.652855"/>
<trkpt lat="46.718942" lon="13.652042"/>
<trkpt lat="46.719314" lon="13.651155"/>
<trkpt lat="46.719596" lon="13.650245"/>
<trkpt lat="46.719730" lon="13.649547"/>
<trkpt lat="46.719789" lon="13.649036"/>
<trkpt lat="46.719849" lon="13.648615"/>
<trkpt lat="46.719936" lon="13.647905"/>
<trkpt lat="46.720034" lon="13.647232"/>
<trkpt lat="46.720087" lon="13.646519"/>
<trkpt lat="46.720153" lon="13.645993"/>
<trkpt lat="46.720144" lon="13.645890"/>
<trkpt lat="46.720115" lon="13.645828"/>
<trkpt lat="46.719894" lon="13.645634"/>
<trkpt lat="46.719729" lon="13.645441"/>
<trkpt lat="46.719621" lon="13.645194"/>
<trkpt lat="46.719609" lon="13.645084"/>
<trkpt lat="46.719636" lon="13.644999"/>
<trkpt lat="46.719721" lon="13.644937"/>
</trkseg>
<trkseg>
<trkpt lat="46.657263" lon="13.762313"/>
<trkpt lat="46.657284" lon="13.762020"/>
</trkseg>
<trkseg>
<trkpt lat="46.719721" lon="13.644937"/>
<trkpt lat="46.719904" lon="13.644705"/>
<trkpt lat="46.720012" lon="13.644576"/>
<trkpt lat="46.720071" lon="13.644506"/>
<trkpt lat="46.720175" lon="13.644341"/>
<trkpt lat="46.720347" lon="13.644531"/>
</trkseg>
<trkseg>
<trkpt lat="46.746427" lon="13.583809"/>
<trkpt lat="46.746808" lon="13.582956"/>
<trkpt lat="46.746972" lon="13.582595"/>
<trkpt lat="46.747484" lon="13.581514"/>
<trkpt lat="46.747798" lon="13.580721"/>
<trkpt lat="46.748235" lon="13.579598"/>
<trkpt lat="46.748643" lon="13.578544"/>
<trkpt lat="46.749131" lon="13.577265"/>
<trkpt lat="46.749708" lon="13.576029"/>
<trkpt lat="46.749844" lon="13.575949"/>
<trkpt lat="46.750231" lon="13.575643"/>
<trkpt lat="46.750800" lon="13.575139"/>
<trkpt lat="46.751019" lon="13.574972"/>
<trkpt lat="46.751297" lon="13.574744"/>
<trkpt lat="46.751436" lon="13.574597"/>
<trkpt lat="46.751948" lon="13.573918"/>
<trkpt lat="46.752313" lon="13.573448"/>
<trkpt lat="46.752737" lon="13.572840"/>
<trkpt lat="46.753082" lon="13.572285"/>
<trkpt lat="46.753214" lon="13.572109"/>
<trkpt lat="46.753302" lon="13.572023"/>
<trkpt lat="46.753474" lon="13.571952"/>
<trkpt lat="46.753646" lon="13.571832"/>
<trkpt lat="46.753833" lon="13.571504"/>
<trkpt lat="46.753954" lon="13.571381"/>
<trkpt lat="46.754181" lon="13.571232"/>
<trkpt lat="46.754265" lon="13.571143"/>
<trkpt lat="46.754326" lon="13.571004"/>
<trkpt lat="46.754355" lon="13.570813"/>
<trkpt lat="46.754423" lon="13.570431"/>
<trkpt lat="46.754554" lon="13.570133"/>
<trkpt lat="46.755098" lon="13.569384"/>
<trkpt lat="46.755296" lon="13.569166"/>
<trkpt lat="46.755668" lon="13.568767"/>
<trkpt lat="46.756130" lon="13.568344"/>
<trkpt lat="46.756895" lon="13.567764"/>
<trkpt lat="46.757542" lon="13.567298"/>
<trkpt lat="46.758021" lon="13.566936"/>
<trkpt lat="46.758612" lon="13.566488"/>
<trkpt lat="46.759149" lon="13.566050"/>
<trkpt lat="46.759837" lon="13.565487"/>
<trkpt lat="46.760589" lon="13.564831"/>
<trkpt lat="46.761465" lon="13.563973"/>
<trkpt lat="46.762145" lon="13.563246"/>
<trkpt lat="46.762656" lon="13.562662"/>
<trkpt lat="46.763024" lon="13.562238"/>
<trkpt lat="46.763187" lon="13.562063"/>
<trkpt lat="46.763474" lon="13.561832"/>
<trkpt lat="46.763661" lon="13.561683"/>
<trkpt lat="46.764084" lon="13.561169"/>
<trkpt lat="46.764398" lon="13.560788"/>
<trkpt lat="46.764989" lon="13.560062"/>
<trkpt lat="46.765354" lon="13.559662"/>
<trkpt lat="46.765780" lon="13.559229"/>
<trkpt lat="46.766322" lon="13.558634"/>
<trkpt lat="46.766976" lon="13.557840"/>
<trkpt lat="46.767630" lon="13.557053"/>
<trkpt lat="46.768423" lon="13.556181"/>
<trkpt lat="46.769283" lon="13.555286"/>
<trkpt lat="46.770071" lon="13.554552"/>
<trkpt lat="46.770147" lon="13.554496"/>
<trkpt lat="46.770214" lon="13.554463"/>
</trkseg>
<trkseg>
<trkpt lat="46.657284" lon="13.762020"/>
<trkpt lat="46.657360" lon="13.762019"/>
</trkseg>
<trkseg>
<trkpt lat="46.774322" lon="13.545178"/>
<trkpt lat="46.773648" lon="13.546835"/>
<trkpt lat="46.773395" lon="13.547381"/>
<trkpt lat="46.773286" lon="13.547636"/>
<trkpt lat="46.773242" lon="13.547803"/>
</trkseg>
<trkseg>
<trkpt lat="46.771611" lon="13.551946"/>
<trkpt lat="46.771303" lon="13.552365"/>
<trkpt lat="46.771253" lon="13.552422"/>
<trkpt lat="46.771224" lon="13.552684"/>
<trkpt lat="46.771127" lon="13.553028"/>
<trkpt lat="46.770981" lon="13.553411"/>
</trkseg>
<trkseg>
<trkpt lat="46.680648" lon="13.697175"/>
<trkpt lat="46.681004" lon="13.696889"/>
<trkpt lat="46.681134" lon="13.696783"/>
</trkseg>
<trkseg>
<trkpt lat="46.681134" lon="13.696783"/>
<trkpt lat="46.681262" lon="13.696806"/>
<trkpt lat="46.681393" lon="13.696782"/>
<trkpt lat="46.681552" lon="13.696702"/>
<trkpt lat="46.681655" lon="13.696587"/>
</trkseg>
<trkseg>
<trkpt lat="46.674261" lon="13.711518"/>
<trkpt lat="46.674914" lon="13.710886"/>
<trkpt lat="46.675190" lon="13.710572"/>
<trkpt lat="46.675449" lon="13.710239"/>
<trkpt lat="46.675703" lon="13.709759"/>
<trkpt lat="46.675795" lon="13.709473"/>
<trkpt lat="46.675931" lon="13.708949"/>
<trkpt lat="46.675996" lon="13.708393"/>
<trkpt lat="46.676017" lon="13.707684"/>
<trkpt lat="46.675933" lon="13.706897"/>
<trkpt lat="46.675897" lon="13.706090"/>
</trkseg>
<trkseg>
<trkpt lat="46.709686" lon="13.666444"/>
<trkpt lat="46.710003" lon="13.666223"/>
<trkpt lat="46.710262" lon="13.665940"/>
<trkpt lat="46.710759" lon="13.665582"/>
</trkseg>
<trkseg>
<trkpt lat="46.708516" lon="13.670756"/>
<trkpt lat="46.708748" lon="13.670455"/>
<trkpt lat="46.708973" lon="13.669870"/>
<trkpt lat="46.709291" lon="13.669020"/>
<trkpt lat="46.709520" lon="13.668411"/>
<trkpt lat="46.709595" lon="13.668090"/>
<trkpt lat="46.709677" lon="13.667529"/>
<trkpt lat="46.709725" lon="13.667013"/>
<trkpt lat="46.709686" lon="13.666444"/>
</trkseg>
<trkseg>
<trkpt lat="46.721592" lon="13.645634"/>
<trkpt lat="46.721645" lon="13.645393"/>
<trkpt lat="46.721697" lon="13.644974"/>
<trkpt lat="46.721725" lon="13.644608"/>
<trkpt lat="46.721832" lon="13.643635"/>
<trkpt lat="46.722036" lon="13.642383"/>
</trkseg>
<trkseg>
<trkpt lat="46.720555" lon="13.645343"/>
<trkpt lat="46.721342" lon="13.645564"/>
</trkseg>
<trkseg>
<trkpt lat="46.773242" lon="13.547803"/>
<trkpt lat="46.772414" lon="13.549874"/>
<trkpt lat="46.771993" lon="13.550913"/>
<trkpt lat="46.771611" lon="13.551946"/>
</trkseg>
<trkseg>
<trkpt lat="46.776433" lon="13.530306"/>
<trkpt lat="46.776622" lon="13.529939"/>
<trkpt lat="46.776916" lon="13.529215"/>
<trkpt lat="46.777217" lon="13.528527"/>
<trkpt lat="46.777326" lon="13.528222"/>
<trkpt lat="46.777343" lon="13.528139"/>
</trkseg>
<trkseg>
<trkpt lat="46.743320" lon="13.594102"/>
<trkpt lat="46.743434" lon="13.593348"/>
<trkpt lat="46.743751" lon="13.591713"/>
<trkpt lat="46.744107" lon="13.590050"/>
<trkpt lat="46.744675" lon="13.587923"/>
</trkseg>
<trkseg>
<trkpt lat="46.657360" lon="13.762019"/>
<trkpt lat="46.657344" lon="13.762387"/>
<trkpt lat="46.657261" lon="13.763046"/>
<trkpt lat="46.657203" lon="13.763446"/>
<trkpt lat="46.657207" lon="13.763650"/>
<trkpt lat="46.657325" lon="13.763967"/>
</trkseg>
<trkseg>
<trkpt lat="46.657218" lon="13.762384"/>
<trkpt lat="46.657111" lon="13.763034"/>
<trkpt lat="46.657020" lon="13.763692"/>
</trkseg>
<trkseg>
<trkpt lat="46.792137" lon="13.497510"/>
<trkpt lat="46.792127" lon="13.497280"/>
</trkseg>
<trkseg>
<trkpt lat="46.792062" lon="13.496844"/>
<trkpt lat="46.792065" lon="13.496537"/>
</trkseg>
<trkseg>
<trkpt lat="46.792065" lon="13.496537"/>
<trkpt lat="46.792111" lon="13.496423"/>
</trkseg>
<trkseg>
<trkpt lat="46.744666" lon="13.587446"/>
<trkpt lat="46.744675" lon="13.587923"/>
</trkseg>
<trkseg>
<trkpt lat="46.744744" lon="13.587135"/>
<trkpt lat="46.744790" lon="13.586872"/>
<trkpt lat="46.744989" lon="13.586366"/>
<trkpt lat="46.745223" lon="13.585740"/>
<trkpt lat="46.746198" lon="13.583894"/>
<trkpt lat="46.746325" lon="13.583812"/>
<trkpt lat="46.746427" lon="13.583809"/>
</trkseg>
<trkseg>
<trkpt lat="46.704258" lon="13.675759"/>
<trkpt lat="46.705253" lon="13.674575"/>
<trkpt lat="46.705695" lon="13.674027"/>
<trkpt lat="46.706100" lon="13.673575"/>
<trkpt lat="46.706110" lon="13.673564"/>
</trkseg>
<trkseg>
<trkpt lat="46.720347" lon="13.644531"/>
<trkpt lat="46.720342" lon="13.644731"/>
<trkpt lat="46.720258" lon="13.645209"/>
<trkpt lat="46.720266" lon="13.645260"/>
</trkseg>
<trkseg>
<trkpt lat="46.635337" lon="13.826155"/>
<trkpt lat="46.635318" lon="13.826519"/>
<trkpt lat="46.635281" lon="13.826790"/>
<trkpt lat="46.635150" lon="13.827244"/>
</trkseg>
<trkseg>
<trkpt lat="46.720266" lon="13.645260"/>
<trkpt lat="46.720555" lon="13.645343"/>
</trkseg>
<trkseg>
<trkpt lat="46.721342" lon="13.645564"/>
<trkpt lat="46.721592" lon="13.645634"/>
</trkseg>
<trkseg>
<trkpt lat="46.744666" lon="13.587446"/>
<trkpt lat="46.744675" lon="13.587261"/>
<trkpt lat="46.744699" lon="13.587203"/>
<trkpt lat="46.744744" lon="13.587135"/>
</trkseg>
<trkseg>
<trkpt lat="46.656847" lon="13.766103"/>
<trkpt lat="46.656773" lon="13.765619"/>
<trkpt lat="46.656753" lon="13.765583"/>
<trkpt lat="46.656616" lon="13.765574"/>
</trkseg>
<trkseg>
<trkpt lat="46.616149" lon="13.847665"/>
<trkpt lat="46.615993" lon="13.847925"/>
<trkpt lat="46.615910" lon="13.848083"/>
<trkpt lat="46.615762" lon="13.848322"/>
<trkpt lat="46.615425" lon="13.848865"/>
<trkpt lat="46.615314" lon="13.849020"/>
<trkpt lat="46.615240" lon="13.849126"/>
</trkseg>
<trkseg>
<trkpt lat="46.661888" lon="13.747965"/>
<trkpt lat="46.662025" lon="13.747672"/>
<trkpt lat="46.662169" lon="13.747564"/>
<trkpt lat="46.662183" lon="13.747556"/>
</trkseg>
<trkseg>
<trkpt lat="46.662183" lon="13.747556"/>
<trkpt lat="46.662261" lon="13.747514"/>
</trkseg>
<trkseg>
<trkpt lat="46.792248" lon="13.496391"/>
<trkpt lat="46.792248" lon="13.496348"/>
<trkpt lat="46.792226" lon="13.495437"/>
</trkseg>
</trk>
<trk><name>CAAR5 Villach → Tarvisio</name>
<trkseg>
<trkpt lat="46.594565" lon="13.859901"/>
<trkpt lat="46.594040" lon="13.858726"/>
<trkpt lat="46.593771" lon="13.857663"/>
<trkpt lat="46.593687" lon="13.857026"/>
<trkpt lat="46.593584" lon="13.856458"/>
</trkseg>
<trkseg>
<trkpt lat="46.571857" lon="13.842466"/>
<trkpt lat="46.571600" lon="13.842219"/>
<trkpt lat="46.571443" lon="13.842021"/>
<trkpt lat="46.571353" lon="13.841895"/>
<trkpt lat="46.571275" lon="13.841695"/>
<trkpt lat="46.571256" lon="13.841469"/>
<trkpt lat="46.571183" lon="13.840834"/>
<trkpt lat="46.571098" lon="13.840291"/>
<trkpt lat="46.570994" lon="13.839463"/>
<trkpt lat="46.570935" lon="13.838664"/>
<trkpt lat="46.570940" lon="13.838283"/>
<trkpt lat="46.570853" lon="13.837771"/>
<trkpt lat="46.570842" lon="13.837231"/>
<trkpt lat="46.570786" lon="13.836695"/>
<trkpt lat="46.570605" lon="13.835453"/>
<trkpt lat="46.570448" lon="13.833489"/>
<trkpt lat="46.570336" lon="13.831715"/>
<trkpt lat="46.570250" lon="13.831076"/>
<trkpt lat="46.570193" lon="13.830346"/>
<trkpt lat="46.570125" lon="13.829597"/>
<trkpt lat="46.570075" lon="13.828968"/>
<trkpt lat="46.570016" lon="13.828425"/>
<trkpt lat="46.569922" lon="13.826918"/>
<trkpt lat="46.569839" lon="13.825420"/>
<trkpt lat="46.569757" lon="13.823721"/>
<trkpt lat="46.569640" lon="13.822495"/>
<trkpt lat="46.569588" lon="13.821819"/>
<trkpt lat="46.569600" lon="13.821494"/>
<trkpt lat="46.569581" lon="13.821052"/>
<trkpt lat="46.569494" lon="13.820481"/>
<trkpt lat="46.569444" lon="13.819862"/>
<trkpt lat="46.569370" lon="13.818576"/>
<trkpt lat="46.569238" lon="13.817176"/>
<trkpt lat="46.569248" lon="13.816117"/>
<trkpt lat="46.569296" lon="13.814931"/>
</trkseg>
<trkseg>
<trkpt lat="46.616082" lon="13.878926"/>
<trkpt lat="46.615218" lon="13.878377"/>
</trkseg>
<trkseg>
<trkpt lat="46.615218" lon="13.878377"/>
<trkpt lat="46.615151" lon="13.878334"/>
</trkseg>
<trkseg>
<trkpt lat="46.616111" lon="13.878946"/>
<trkpt lat="46.616082" lon="13.878926"/>
</trkseg>
<trkseg>
<trkpt lat="46.558753" lon="13.780494"/>
<trkpt lat="46.559590" lon="13.780497"/>
</trkseg>
<trkseg>
<trkpt lat="46.558753" lon="13.780494"/>
<trkpt lat="46.558139" lon="13.780411"/>
<trkpt lat="46.557839" lon="13.780378"/>
<trkpt lat="46.557353" lon="13.780399"/>
</trkseg>
<trkseg>
<trkpt lat="46.560344" lon="13.780824"/>
<trkpt lat="46.560895" lon="13.780623"/>
</trkseg>
<trkseg>
<trkpt lat="46.522119" lon="13.616775"/>
<trkpt lat="46.522250" lon="13.616884"/>
<trkpt lat="46.522412" lon="13.617031"/>
<trkpt lat="46.522516" lon="13.617156"/>
<trkpt lat="46.522609" lon="13.617298"/>
<trkpt lat="46.522699" lon="13.617450"/>
<trkpt lat="46.522842" lon="13.617777"/>
<trkpt lat="46.522952" lon="13.618073"/>
<trkpt lat="46.523013" lon="13.618251"/>
<trkpt lat="46.523053" lon="13.618340"/>
<trkpt lat="46.523082" lon="13.618380"/>
<trkpt lat="46.523111" lon="13.618421"/>
<trkpt lat="46.523137" lon="13.618448"/>
<trkpt lat="46.523160" lon="13.618493"/>
<trkpt lat="46.523161" lon="13.618508"/>
<trkpt lat="46.523165" lon="13.618549"/>
<trkpt lat="46.523157" lon="13.618625"/>
<trkpt lat="46.523156" lon="13.618709"/>
<trkpt lat="46.523176" lon="13.618832"/>
<trkpt lat="46.523260" lon="13.619178"/>
<trkpt lat="46.523298" lon="13.619335"/>
</trkseg>
<trkseg>
<trkpt lat="46.554895" lon="13.781186"/>
<trkpt lat="46.554590" lon="13.781300"/>
<trkpt lat="46.554389" lon="13.781315"/>
</trkseg>
<trkseg>
<trkpt lat="46.555290" lon="13.780987"/>
<trkpt lat="46.554895" lon="13.781186"/>
</trkseg>
<trkseg>
<trkpt lat="46.522119" lon="13.616775"/>
<trkpt lat="46.522114" lon="13.616721"/>
<trkpt lat="46.522103" lon="13.616665"/>
<trkpt lat="46.522076" lon="13.616592"/>
<trkpt lat="46.522031" lon="13.616520"/>
<trkpt lat="46.521958" lon="13.616433"/>
<trkpt lat="46.521769" lon="13.616219"/>
<trkpt lat="46.521597" lon="13.615902"/>
<trkpt lat="46.521405" lon="13.615621"/>
<trkpt lat="46.521216" lon="13.615418"/>
<trkpt lat="46.521076" lon="13.615365"/>
</trkseg>
<trkseg>
<trkpt lat="46.584055" lon="13.844882"/>
<trkpt lat="46.583959" lon="13.844897"/>
</trkseg>
<trkseg>
<trkpt lat="46.583378" lon="13.840006"/>
<trkpt lat="46.583178" lon="13.839588"/>
<trkpt lat="46.583043" lon="13.839358"/>
<trkpt lat="46.582891" lon="13.839155"/>
<trkpt lat="46.582708" lon="13.838892"/>
<trkpt lat="46.582651" lon="13.838806"/>
<trkpt lat="46.582570" lon="13.838710"/>
<trkpt lat="46.582478" lon="13.838619"/>
<trkpt lat="46.582403" lon="13.838524"/>
<trkpt lat="46.582336" lon="13.838447"/>
<trkpt lat="46.582291" lon="13.838414"/>
<trkpt lat="46.582250" lon="13.838391"/>
<trkpt lat="46.582199" lon="13.838374"/>
<trkpt lat="46.582051" lon="13.838303"/>
<trkpt lat="46.581930" lon="13.838234"/>
<trkpt lat="46.581850" lon="13.838166"/>
<trkpt lat="46.581778" lon="13.838102"/>
<trkpt lat="46.581647" lon="13.838030"/>
<trkpt lat="46.581554" lon="13.838003"/>
<trkpt lat="46.581469" lon="13.837971"/>
<trkpt lat="46.581330" lon="13.837898"/>
<trkpt lat="46.581130" lon="13.837767"/>
<trkpt lat="46.581042" lon="13.837736"/>
<trkpt lat="46.580889" lon="13.837699"/>
<trkpt lat="46.580757" lon="13.837683"/>
<trkpt lat="46.580667" lon="13.837689"/>
<trkpt lat="46.580600" lon="13.837704"/>
<trkpt lat="46.580529" lon="13.837709"/>
<trkpt lat="46.580472" lon="13.837711"/>
<trkpt lat="46.580416" lon="13.837700"/>
<trkpt lat="46.580374" lon="13.837686"/>
<trkpt lat="46.580314" lon="13.837679"/>
<trkpt lat="46.580199" lon="13.837675"/>
<trkpt lat="46.579459" lon="13.837718"/>
<trkpt lat="46.578992" lon="13.837859"/>
<trkpt lat="46.578458" lon="13.838059"/>
<trkpt lat="46.578214" lon="13.838219"/>
<trkpt lat="46.577932" lon="13.838454"/>
<trkpt lat="46.577886" lon="13.838511"/>
<trkpt lat="46.577634" lon="13.838825"/>
<trkpt lat="46.577215" lon="13.839364"/>
<trkpt lat="46.577190" lon="13.839395"/>
<trkpt lat="46.576870" lon="13.839839"/>
<trkpt lat="46.576345" lon="13.840515"/>
<trkpt lat="46.576221" lon="13.840676"/>
<trkpt lat="46.576110" lon="13.840858"/>
<trkpt lat="46.575948" lon="13.841129"/>
<trkpt lat="46.575731" lon="13.841388"/>
<trkpt lat="46.575546" lon="13.841674"/>
<trkpt lat="46.575325" lon="13.841977"/>
<trkpt lat="46.574998" lon="13.842338"/>
<trkpt lat="46.574583" lon="13.842881"/>
<trkpt lat="46.574359" lon="13.843112"/>
<trkpt lat="46.574205" lon="13.843239"/>
<trkpt lat="46.573945" lon="13.843375"/>
<trkpt lat="46.573707" lon="13.843480"/>
</trkseg>
<trkseg>
<trkpt lat="46.515717" lon="13.607145"/>
<trkpt lat="46.515620" lon="13.607100"/>
<trkpt lat="46.515558" lon="13.607121"/>
<trkpt lat="46.515492" lon="13.607161"/>
<trkpt lat="46.515414" lon="13.607216"/>
<trkpt lat="46.515288" lon="13.607320"/>
<trkpt lat="46.515204" lon="13.607378"/>
<trkpt lat="46.515094" lon="13.607402"/>
<trkpt lat="46.514885" lon="13.607450"/>
<trkpt lat="46.514649" lon="13.607517"/>
<trkpt lat="46.514399" lon="13.607596"/>
<trkpt lat="46.514137" lon="13.607683"/>
<trkpt lat="46.513851" lon="13.607774"/>
<trkpt lat="46.513659" lon="13.607814"/>
<trkpt lat="46.513201" lon="13.607847"/>
<trkpt lat="46.513008" lon="13.607836"/>
<trkpt lat="46.512824" lon="13.607797"/>
<trkpt lat="46.512568" lon="13.607686"/>
<trkpt lat="46.512473" lon="13.607633"/>
<trkpt lat="46.512332" lon="13.607525"/>
<trkpt lat="46.512174" lon="13.607375"/>
<trkpt lat="46.511700" lon="13.606879"/>
<trkpt lat="46.511294" lon="13.606412"/>
<trkpt lat="46.511247" lon="13.606354"/>
<trkpt lat="46.511187" lon="13.606252"/>
<trkpt lat="46.511119" lon="13.606108"/>
<trkpt lat="46.511063" lon="13.605947"/>
<trkpt lat="46.510980" lon="13.605676"/>
<trkpt lat="46.510970" lon="13.605641"/>
<trkpt lat="46.510873" lon="13.605352"/>
<trkpt lat="46.510786" lon="13.605089"/>
<trkpt lat="46.510689" lon="13.604843"/>
<trkpt lat="46.510427" lon="13.604236"/>
<trkpt lat="46.510173" lon="13.603652"/>
<trkpt lat="46.509982" lon="13.603223"/>
<trkpt lat="46.509923" lon="13.603096"/>
<trkpt lat="46.509840" lon="13.602955"/>
<trkpt lat="46.509718" lon="13.602772"/>
<trkpt lat="46.509582" lon="13.602581"/>
<trkpt lat="46.509437" lon="13.602393"/>
<trkpt lat="46.508948" lon="13.601848"/>
<trkpt lat="46.508712" lon="13.601567"/>
<trkpt lat="46.508517" lon="13.601302"/>
<trkpt lat="46.508187" lon="13.600764"/>
<trkpt lat="46.508042" lon="13.600513"/>
<trkpt lat="46.507996" lon="13.600423"/>
<trkpt lat="46.507958" lon="13.600330"/>
<trkpt lat="46.507938" lon="13.600264"/>
<trkpt lat="46.507910" lon="13.600147"/>
<trkpt lat="46.507890" lon="13.600019"/>
</trkseg>
<trkseg>
<trkpt lat="46.550312" lon="13.691732"/>
<trkpt lat="46.550281" lon="13.691568"/>
</trkseg>
<trkseg>
<trkpt lat="46.544850" lon="13.653667"/>
<trkpt lat="46.544884" lon="13.654093"/>
<trkpt lat="46.544894" lon="13.654206"/>
<trkpt lat="46.544924" lon="13.654589"/>
<trkpt lat="46.544927" lon="13.654629"/>
<trkpt lat="46.544933" lon="13.654703"/>
<trkpt lat="46.544938" lon="13.654761"/>
<trkpt lat="46.544954" lon="13.654974"/>
</trkseg>
<trkseg>
<trkpt lat="46.550281" lon="13.691568"/>
<trkpt lat="46.550349" lon="13.691546"/>
</trkseg>
<trkseg>
<trkpt lat="46.535245" lon="13.639283"/>
<trkpt lat="46.535262" lon="13.639276"/>
<trkpt lat="46.535275" lon="13.639256"/>
<trkpt lat="46.535294" lon="13.639241"/>
<trkpt lat="46.535311" lon="13.639234"/>
<trkpt lat="46.535339" lon="13.639243"/>
<trkpt lat="46.535358" lon="13.639256"/>
<trkpt lat="46.535717" lon="13.639475"/>
<trkpt lat="46.535885" lon="13.639584"/>
<trkpt lat="46.535986" lon="13.639662"/>
<trkpt lat="46.536020" lon="13.639699"/>
<trkpt lat="46.536080" lon="13.639772"/>
<trkpt lat="46.536143" lon="13.639857"/>
<trkpt lat="46.536206" lon="13.639966"/>
<trkpt lat="46.536380" lon="13.640272"/>
<trkpt lat="46.536495" lon="13.640482"/>
<trkpt lat="46.536586" lon="13.640635"/>
<trkpt lat="46.536627" lon="13.640685"/>
<trkpt lat="46.536675" lon="13.640736"/>
<trkpt lat="46.536802" lon="13.640917"/>
<trkpt lat="46.536844" lon="13.640983"/>
<trkpt lat="46.536991" lon="13.641210"/>
<trkpt lat="46.537105" lon="13.641398"/>
<trkpt lat="46.537175" lon="13.641512"/>
<trkpt lat="46.537261" lon="13.641665"/>
<trkpt lat="46.537309" lon="13.641754"/>
<trkpt lat="46.537356" lon="13.641854"/>
<trkpt lat="46.537434" lon="13.642019"/>
<trkpt lat="46.537474" lon="13.642118"/>
<trkpt lat="46.537509" lon="13.642211"/>
<trkpt lat="46.537569" lon="13.642395"/>
<trkpt lat="46.537606" lon="13.642528"/>
<trkpt lat="46.537639" lon="13.642665"/>
<trkpt lat="46.537662" lon="13.642777"/>
<trkpt lat="46.537686" lon="13.642894"/>
<trkpt lat="46.537703" lon="13.642981"/>
<trkpt lat="46.537722" lon="13.643113"/>
<trkpt lat="46.537735" lon="13.643252"/>
<trkpt lat="46.537763" lon="13.643496"/>
<trkpt lat="46.537779" lon="13.643604"/>
<trkpt lat="46.537804" lon="13.643743"/>
<trkpt lat="46.537831" lon="13.643854"/>
<trkpt lat="46.537863" lon="13.643952"/>
<trkpt lat="46.537902" lon="13.644049"/>
<trkpt lat="46.537951" lon="13.644145"/>
<trkpt lat="46.538007" lon="13.644234"/>
<trkpt lat="46.538037" lon="13.644275"/>
<trkpt lat="46.538071" lon="13.644314"/>
</trkseg>
<trkseg>
<trkpt lat="46.550434" lon="13.691525"/>
<trkpt lat="46.550503" lon="13.691510"/>
<trkpt lat="46.550536" lon="13.691483"/>
<trkpt lat="46.550559" lon="13.691442"/>
<trkpt lat="46.550556" lon="13.691368"/>
<trkpt lat="46.550467" lon="13.690760"/>
<trkpt lat="46.550447" lon="13.690660"/>
<trkpt lat="46.550350" lon="13.690496"/>
<trkpt lat="46.550326" lon="13.690385"/>
</trkseg>
<trkseg>
<trkpt lat="46.550436" lon="13.692470"/>
<trkpt lat="46.550312" lon="13.691732"/>
</trkseg>
<trkseg>
<trkpt lat="46.550217" lon="13.695512"/>
<trkpt lat="46.550329" lon="13.695378"/>
<trkpt lat="46.550342" lon="13.695343"/>
<trkpt lat="46.550349" lon="13.695302"/>
<trkpt lat="46.550405" lon="13.694679"/>
<trkpt lat="46.550441" lon="13.693966"/>
</trkseg>
<trkseg>
<trkpt lat="46.515717" lon="13.607145"/>
<trkpt lat="46.515631" lon="13.607321"/>
<trkpt lat="46.515419" lon="13.607757"/>
<trkpt lat="46.515274" lon="13.608118"/>
<trkpt lat="46.515151" lon="13.608565"/>
<trkpt lat="46.515085" lon="13.608740"/>
<trkpt lat="46.514976" lon="13.608871"/>
<trkpt lat="46.514817" lon="13.608997"/>
<trkpt lat="46.514685" lon="13.609037"/>
<trkpt lat="46.514507" lon="13.609099"/>
<trkpt lat="46.514370" lon="13.609140"/>
<trkpt lat="46.514143" lon="13.609295"/>
<trkpt lat="46.513879" lon="13.609639"/>
<trkpt lat="46.513659" lon="13.610112"/>
<trkpt lat="46.513521" lon="13.610414"/>
<trkpt lat="46.513368" lon="13.610750"/>
<trkpt lat="46.513223" lon="13.611148"/>
<trkpt lat="46.513186" lon="13.611437"/>
<trkpt lat="46.513215" lon="13.611677"/>
<trkpt lat="46.513292" lon="13.611961"/>
<trkpt lat="46.513432" lon="13.612168"/>
<trkpt lat="46.513658" lon="13.612328"/>
<trkpt lat="46.513968" lon="13.612518"/>
</trkseg>
<trkseg>
<trkpt lat="46.523298" lon="13.619335"/>
<trkpt lat="46.523533" lon="13.620000"/>
</trkseg>
<trkseg>
<trkpt lat="46.526264" lon="13.621197"/>
<trkpt lat="46.526286" lon="13.621207"/>
<trkpt lat="46.526316" lon="13.621276"/>
<trkpt lat="46.526296" lon="13.621357"/>
<trkpt lat="46.526256" lon="13.621608"/>
<trkpt lat="46.526238" lon="13.621754"/>
<trkpt lat="46.526156" lon="13.621977"/>
<trkpt lat="46.526020" lon="13.622320"/>
<trkpt lat="46.525925" lon="13.622715"/>
<trkpt lat="46.525877" lon="13.622900"/>
<trkpt lat="46.525862" lon="13.623074"/>
<trkpt lat="46.525885" lon="13.623186"/>
<trkpt lat="46.525916" lon="13.623258"/>
<trkpt lat="46.525956" lon="13.623323"/>
<trkpt lat="46.526083" lon="13.623462"/>
<trkpt lat="46.526245" lon="13.623611"/>
<trkpt lat="46.526268" lon="13.623631"/>
<trkpt lat="46.526291" lon="13.623649"/>
<trkpt lat="46.526367" lon="13.623697"/>
<trkpt lat="46.526600" lon="13.623919"/>
<trkpt lat="46.526720" lon="13.624052"/>
<trkpt lat="46.526843" lon="13.624174"/>
<trkpt lat="46.527229" lon="13.624626"/>
<trkpt lat="46.527338" lon="13.624826"/>
<trkpt lat="46.527379" lon="13.624958"/>
<trkpt lat="46.527406" lon="13.625099"/>
<trkpt lat="46.527416" lon="13.625148"/>
</trkseg>
<trkseg>
<trkpt lat="46.528103" lon="13.626820"/>
<trkpt lat="46.528065" lon="13.626868"/>
<trkpt lat="46.528025" lon="13.626896"/>
<trkpt lat="46.527902" lon="13.626931"/>
<trkpt lat="46.527765" lon="13.627052"/>
<trkpt lat="46.527722" lon="13.627146"/>
<trkpt lat="46.527686" lon="13.627236"/>
<trkpt lat="46.527659" lon="13.627486"/>
<trkpt lat="46.527646" lon="13.628014"/>
<trkpt lat="46.527646" lon="13.628787"/>
<trkpt lat="46.527661" lon="13.629307"/>
<trkpt lat="46.527774" lon="13.629865"/>
<trkpt lat="46.527862" lon="13.630363"/>
<trkpt lat="46.527951" lon="13.630783"/>
<trkpt lat="46.528051" lon="13.631362"/>
<trkpt lat="46.528067" lon="13.631488"/>
<trkpt lat="46.528118" lon="13.631636"/>
<trkpt lat="46.528364" lon="13.632182"/>
<trkpt lat="46.528687" lon="13.632826"/>
<trkpt lat="46.528923" lon="13.633398"/>
<trkpt lat="46.529191" lon="13.633714"/>
<trkpt lat="46.529933" lon="13.634503"/>
<trkpt lat="46.530372" lon="13.634937"/>
</trkseg>
<trkseg>
<trkpt lat="46.561050" lon="13.780579"/>
<trkpt lat="46.561001" lon="13.780590"/>
<trkpt lat="46.560895" lon="13.780623"/>
</trkseg>
<trkseg>
<trkpt lat="46.569493" lon="13.811468"/>
<trkpt lat="46.569393" lon="13.811320"/>
<trkpt lat="46.569343" lon="13.811179"/>
<trkpt lat="46.569326" lon="13.810792"/>
</trkseg>
<trkseg>
<trkpt lat="46.569326" lon="13.810792"/>
<trkpt lat="46.569160" lon="13.810422"/>
<trkpt lat="46.568821" lon="13.809140"/>
<trkpt lat="46.568531" lon="13.807787"/>
<trkpt lat="46.568462" lon="13.807091"/>
<trkpt lat="46.568561" lon="13.805251"/>
<trkpt lat="46.568585" lon="13.804815"/>
<trkpt lat="46.568587" lon="13.804423"/>
<trkpt lat="46.568581" lon="13.803896"/>
<trkpt lat="46.568524" lon="13.802675"/>
<trkpt lat="46.568581" lon="13.802160"/>
<trkpt lat="46.568494" lon="13.801354"/>
<trkpt lat="46.568494" lon="13.799145"/>
<trkpt lat="46.568522" lon="13.799058"/>
<trkpt lat="46.568637" lon="13.798794"/>
<trkpt lat="46.568643" lon="13.798573"/>
<trkpt lat="46.568480" lon="13.797868"/>
<trkpt lat="46.568452" lon="13.797668"/>
<trkpt lat="46.568445" lon="13.797457"/>
<trkpt lat="46.568519" lon="13.796368"/>
<trkpt lat="46.568631" lon="13.795760"/>
<trkpt lat="46.568652" lon="13.795441"/>
<trkpt lat="46.568681" lon="13.795162"/>
<trkpt lat="46.568695" lon="13.794811"/>
<trkpt lat="46.568658" lon="13.794460"/>
<trkpt lat="46.568614" lon="13.794187"/>
<trkpt lat="46.568564" lon="13.793949"/>
<trkpt lat="46.568401" lon="13.793465"/>
<trkpt lat="46.568379" lon="13.792648"/>
<trkpt lat="46.568361" lon="13.792605"/>
<trkpt lat="46.568331" lon="13.792533"/>
<trkpt lat="46.568281" lon="13.792411"/>
<trkpt lat="46.567792" lon="13.791634"/>
<trkpt lat="46.567284" lon="13.791092"/>
<trkpt lat="46.566740" lon="13.790783"/>
<trkpt lat="46.566072" lon="13.790404"/>
<trkpt lat="46.564935" lon="13.789702"/>
<trkpt lat="46.564907" lon="13.789685"/>
<trkpt lat="46.564492" lon="13.789494"/>
<trkpt lat="46.564001" lon="13.789268"/>
<trkpt lat="46.563409" lon="13.788766"/>
<trkpt lat="46.563058" lon="13.788410"/>
<trkpt lat="46.562790" lon="13.788076"/>
<trkpt lat="46.562555" lon="13.787712"/>
<trkpt lat="46.562358" lon="13.787257"/>
<trkpt lat="46.562184" lon="13.786752"/>
<trkpt lat="46.561999" lon="13.786104"/>
<trkpt lat="46.561830" lon="13.785366"/>
<trkpt lat="46.561789" lon="13.785173"/>
<trkpt lat="46.561745" lon="13.784929"/>
<trkpt lat="46.561719" lon="13.784737"/>
<trkpt lat="46.561675" lon="13.784512"/>
<trkpt lat="46.561502" lon="13.783803"/>
<trkpt lat="46.561393" lon="13.783197"/>
<trkpt lat="46.561247" lon="13.782591"/>
<trkpt lat="46.561202" lon="13.782258"/>
<trkpt lat="46.561046" lon="13.781184"/>
<trkpt lat="46.561031" lon="13.780838"/>
<trkpt lat="46.561040" lon="13.780664"/>
<trkpt lat="46.561050" lon="13.780579"/>
</trkseg>
<trkseg>
<trkpt lat="46.521076" lon="13.615365"/>
<trkpt lat="46.520963" lon="13.615355"/>
</trkseg>
<trkseg>
<trkpt lat="46.559590" lon="13.780497"/>
<trkpt lat="46.559972" lon="13.780627"/>
<trkpt lat="46.560109" lon="13.780677"/>
</trkseg>
<trkseg>
<trkpt lat="46.556588" lon="13.780482"/>
<trkpt lat="46.556352" lon="13.780558"/>
<trkpt lat="46.555870" lon="13.780713"/>
<trkpt lat="46.555290" lon="13.780987"/>
</trkseg>
<trkseg>
<trkpt lat="46.544756" lon="13.653540"/>
<trkpt lat="46.544743" lon="13.653605"/>
</trkseg>
<trkseg>
<trkpt lat="46.544743" lon="13.653605"/>
<trkpt lat="46.544850" lon="13.653667"/>
</trkseg>
<trkseg>
<trkpt lat="46.550956" lon="13.668675"/>
<trkpt lat="46.550945" lon="13.668658"/>
<trkpt lat="46.550916" lon="13.668647"/>
<trkpt lat="46.550882" lon="13.668595"/>
<trkpt lat="46.550850" lon="13.668535"/>
<trkpt lat="46.550711" lon="13.668240"/>
<trkpt lat="46.550524" lon="13.667870"/>
<trkpt lat="46.550409" lon="13.667669"/>
<trkpt lat="46.550284" lon="13.667462"/>
<trkpt lat="46.550150" lon="13.667269"/>
<trkpt lat="46.549883" lon="13.666927"/>
<trkpt lat="46.549513" lon="13.666530"/>
<trkpt lat="46.548879" lon="13.665823"/>
<trkpt lat="46.548680" lon="13.665606"/>
<trkpt lat="46.548238" lon="13.665003"/>
<trkpt lat="46.547801" lon="13.664235"/>
<trkpt lat="46.547534" lon="13.663693"/>
<trkpt lat="46.547434" lon="13.663442"/>
<trkpt lat="46.547360" lon="13.663263"/>
<trkpt lat="46.547300" lon="13.663109"/>
<trkpt lat="46.547245" lon="13.662958"/>
<trkpt lat="46.547191" lon="13.662794"/>
<trkpt lat="46.547109" lon="13.662537"/>
<trkpt lat="46.547033" lon="13.662266"/>
<trkpt lat="46.546946" lon="13.661957"/>
<trkpt lat="46.546815" lon="13.661481"/>
<trkpt lat="46.546746" lon="13.661200"/>
<trkpt lat="46.546663" lon="13.660863"/>
<trkpt lat="46.546482" lon="13.660172"/>
<trkpt lat="46.546453" lon="13.660070"/>
<trkpt lat="46.546422" lon="13.659951"/>
</trkseg>
<trkseg>
<trkpt lat="46.524510" lon="13.620866"/>
<trkpt lat="46.524525" lon="13.620871"/>
<trkpt lat="46.524574" lon="13.620906"/>
<trkpt lat="46.524636" lon="13.621041"/>
<trkpt lat="46.524703" lon="13.621166"/>
<trkpt lat="46.524809" lon="13.621342"/>
<trkpt lat="46.524939" lon="13.621531"/>
<trkpt lat="46.525117" lon="13.621778"/>
<trkpt lat="46.525141" lon="13.621798"/>
<trkpt lat="46.525176" lon="13.621827"/>
<trkpt lat="46.525245" lon="13.621839"/>
<trkpt lat="46.525364" lon="13.621865"/>
<trkpt lat="46.525541" lon="13.621867"/>
<trkpt lat="46.525626" lon="13.621819"/>
<trkpt lat="46.525711" lon="13.621750"/>
<trkpt lat="46.525902" lon="13.621574"/>
<trkpt lat="46.526040" lon="13.621406"/>
</trkseg>
<trkseg>
<trkpt lat="46.554284" lon="13.780524"/>
<trkpt lat="46.554057" lon="13.780575"/>
<trkpt lat="46.553980" lon="13.780580"/>
<trkpt lat="46.553550" lon="13.780606"/>
<trkpt lat="46.553534" lon="13.780602"/>
<trkpt lat="46.553297" lon="13.780551"/>
<trkpt lat="46.553242" lon="13.780535"/>
<trkpt lat="46.553032" lon="13.780470"/>
<trkpt lat="46.552383" lon="13.780225"/>
<trkpt lat="46.552138" lon="13.780133"/>
<trkpt lat="46.552064" lon="13.780136"/>
<trkpt lat="46.551058" lon="13.780396"/>
</trkseg>
<trkseg>
<trkpt lat="46.539432" lon="13.644619"/>
<trkpt lat="46.539573" lon="13.644624"/>
</trkseg>
<trkseg>
<trkpt lat="46.539573" lon="13.644624"/>
<trkpt lat="46.539682" lon="13.644631"/>
<trkpt lat="46.539804" lon="13.644638"/>
<trkpt lat="46.540051" lon="13.644649"/>
<trkpt lat="46.540124" lon="13.644646"/>
<trkpt lat="46.540281" lon="13.644657"/>
<trkpt lat="46.540387" lon="13.644668"/>
<trkpt lat="46.540452" lon="13.644675"/>
<trkpt lat="46.540559" lon="13.644692"/>
<trkpt lat="46.540641" lon="13.644712"/>
<trkpt lat="46.540717" lon="13.644730"/>
<trkpt lat="46.540834" lon="13.644776"/>
<trkpt lat="46.540932" lon="13.644822"/>
<trkpt lat="46.541024" lon="13.644875"/>
<trkpt lat="46.541076" lon="13.644905"/>
<trkpt lat="46.541118" lon="13.644937"/>
<trkpt lat="46.541180" lon="13.644983"/>
<trkpt lat="46.541241" lon="13.645031"/>
<trkpt lat="46.541296" lon="13.645083"/>
<trkpt lat="46.541362" lon="13.645150"/>
<trkpt lat="46.541463" lon="13.645267"/>
<trkpt lat="46.541541" lon="13.645376"/>
<trkpt lat="46.541599" lon="13.645460"/>
<trkpt lat="46.541669" lon="13.645569"/>
<trkpt lat="46.541770" lon="13.645743"/>
<trkpt lat="46.541831" lon="13.645874"/>
<trkpt lat="46.541877" lon="13.645985"/>
<trkpt lat="46.541921" lon="13.646100"/>
<trkpt lat="46.541942" lon="13.646163"/>
<trkpt lat="46.541962" lon="13.646231"/>
<trkpt lat="46.541983" lon="13.646325"/>
<trkpt lat="46.542004" lon="13.646416"/>
<trkpt lat="46.542028" lon="13.646536"/>
<trkpt lat="46.542051" lon="13.646659"/>
<trkpt lat="46.542078" lon="13.646847"/>
<trkpt lat="46.542091" lon="13.646994"/>
<trkpt lat="46.542102" lon="13.647155"/>
<trkpt lat="46.542113" lon="13.647472"/>
<trkpt lat="46.542122" lon="13.647925"/>
<trkpt lat="46.542124" lon="13.648251"/>
<trkpt lat="46.542130" lon="13.648589"/>
<trkpt lat="46.542147" lon="13.648928"/>
<trkpt lat="46.542158" lon="13.649078"/>
<trkpt lat="46.542171" lon="13.649230"/>
<trkpt lat="46.542190" lon="13.649388"/>
<trkpt lat="46.542211" lon="13.649534"/>
<trkpt lat="46.542231" lon="13.649660"/>
<trkpt lat="46.542249" lon="13.649761"/>
<trkpt lat="46.542269" lon="13.649860"/>
<trkpt lat="46.542290" lon="13.649957"/>
<trkpt lat="46.542339" lon="13.650171"/>
<trkpt lat="46.542373" lon="13.650306"/>
<trkpt lat="46.542409" lon="13.650435"/>
<trkpt lat="46.542456" lon="13.650593"/>
<trkpt lat="46.542483" lon="13.650669"/>
<trkpt lat="46.542561" lon="13.650874"/>
<trkpt lat="46.542636" lon="13.651071"/>
<trkpt lat="46.542693" lon="13.651212"/>
<trkpt lat="46.542756" lon="13.651347"/>
<trkpt lat="46.542861" lon="13.651566"/>
<trkpt lat="46.542933" lon="13.651712"/>
<trkpt lat="46.542995" lon="13.651813"/>
<trkpt lat="46.543041" lon="13.651886"/>
<trkpt lat="46.543109" lon="13.652019"/>
<trkpt lat="46.543219" lon="13.652235"/>
<trkpt lat="46.543332" lon="13.652448"/>
<trkpt lat="46.543468" lon="13.652676"/>
<trkpt lat="46.543539" lon="13.652800"/>
<trkpt lat="46.543592" lon="13.652896"/>
<trkpt lat="46.543607" lon="13.652923"/>
<trkpt lat="46.543624" lon="13.652954"/>
<trkpt lat="46.543644" lon="13.652981"/>
<trkpt lat="46.543665" lon="13.652999"/>
<trkpt lat="46.543701" lon="13.653009"/>
<trkpt lat="46.543739" lon="13.653005"/>
<trkpt lat="46.543849" lon="13.652974"/>
<trkpt lat="46.543883" lon="13.652972"/>
<trkpt lat="46.543908" lon="13.652974"/>
<trkpt lat="46.543939" lon="13.652984"/>
<trkpt lat="46.543968" lon="13.653006"/>
<trkpt lat="46.544124" lon="13.653134"/>
<trkpt lat="46.544299" lon="13.653279"/>
<trkpt lat="46.544708" lon="13.653524"/>
<trkpt lat="46.544756" lon="13.653540"/>
</trkseg>
<trkseg>
<trkpt lat="46.546422" lon="13.659951"/>
<trkpt lat="46.546360" lon="13.659713"/>
</trkseg>
<trkseg>
<trkpt lat="46.546360" lon="13.659713"/>
<trkpt lat="46.546339" lon="13.659636"/>
<trkpt lat="46.546335" lon="13.659579"/>
<trkpt lat="46.546339" lon="13.659472"/>
<trkpt lat="46.546337" lon="13.659424"/>
<trkpt lat="46.546316" lon="13.659348"/>
<trkpt lat="46.546291" lon="13.659255"/>
<trkpt lat="46.546264" lon="13.659194"/>
<trkpt lat="46.546212" lon="13.659111"/>
<trkpt lat="46.546189" lon="13.659078"/>
<trkpt lat="46.546172" lon="13.659043"/>
<trkpt lat="46.546123" lon="13.658874"/>
<trkpt lat="46.545961" lon="13.658295"/>
<trkpt lat="46.545854" lon="13.657931"/>
<trkpt lat="46.545740" lon="13.657558"/>
<trkpt lat="46.545601" lon="13.657140"/>
<trkpt lat="46.545436" lon="13.656668"/>
<trkpt lat="46.545368" lon="13.656481"/>
<trkpt lat="46.545301" lon="13.656302"/>
<trkpt lat="46.545166" lon="13.655933"/>
<trkpt lat="46.545079" lon="13.655710"/>
<trkpt lat="46.545052" lon="13.655640"/>
<trkpt lat="46.545008" lon="13.655533"/>
<trkpt lat="46.544967" lon="13.655424"/>
<trkpt lat="46.544961" lon="13.655353"/>
</trkseg>
<trkseg>
<trkpt lat="46.594565" lon="13.859901"/>
<trkpt lat="46.594664" lon="13.860084"/>
<trkpt lat="46.594782" lon="13.860468"/>
<trkpt lat="46.594885" lon="13.860614"/>
<trkpt lat="46.594977" lon="13.860775"/>
<trkpt lat="46.595238" lon="13.861235"/>
<trkpt lat="46.595707" lon="13.862030"/>
<trkpt lat="46.596235" lon="13.862847"/>
<trkpt lat="46.596705" lon="13.863696"/>
<trkpt lat="46.597135" lon="13.864332"/>
<trkpt lat="46.597459" lon="13.864891"/>
<trkpt lat="46.597869" lon="13.865632"/>
<trkpt lat="46.597954" lon="13.865766"/>
<trkpt lat="46.598614" lon="13.866806"/>
<trkpt lat="46.599159" lon="13.867759"/>
<trkpt lat="46.599490" lon="13.868254"/>
<trkpt lat="46.599823" lon="13.868796"/>
<trkpt lat="46.600120" lon="13.869356"/>
<trkpt lat="46.600797" lon="13.870425"/>
<trkpt lat="46.601078" lon="13.870883"/>
<trkpt lat="46.601363" lon="13.871408"/>
<trkpt lat="46.601698" lon="13.871937"/>
<trkpt lat="46.602120" lon="13.872599"/>
<trkpt lat="46.602395" lon="13.873114"/>
<trkpt lat="46.602986" lon="13.874052"/>
<trkpt lat="46.603008" lon="13.874076"/>
<trkpt lat="46.603036" lon="13.874093"/>
<trkpt lat="46.603089" lon="13.874117"/>
<trkpt lat="46.603161" lon="13.874130"/>
</trkseg>
<trkseg>
<trkpt lat="46.603161" lon="13.874130"/>
<trkpt lat="46.603806" lon="13.875259"/>
<trkpt lat="46.603890" lon="13.875355"/>
<trkpt lat="46.603972" lon="13.875434"/>
<trkpt lat="46.604077" lon="13.875509"/>
<trkpt lat="46.604165" lon="13.875550"/>
<trkpt lat="46.604373" lon="13.875573"/>
<trkpt lat="46.604475" lon="13.875572"/>
<trkpt lat="46.605127" lon="13.875390"/>
<trkpt lat="46.605334" lon="13.875389"/>
<trkpt lat="46.605597" lon="13.875499"/>
<trkpt lat="46.606285" lon="13.875912"/>
<trkpt lat="46.606623" lon="13.876081"/>
<trkpt lat="46.606985" lon="13.876332"/>
<trkpt lat="46.607999" lon="13.877336"/>
<trkpt lat="46.608808" lon="13.878190"/>
<trkpt lat="46.609168" lon="13.878557"/>
<trkpt lat="46.609324" lon="13.878715"/>
<trkpt lat="46.609980" lon="13.879386"/>
<trkpt lat="46.610283" lon="13.879661"/>
<trkpt lat="46.610484" lon="13.879755"/>
<trkpt lat="46.610833" lon="13.879747"/>
<trkpt lat="46.612990" lon="13.878877"/>
<trkpt lat="46.613424" lon="13.878730"/>
<trkpt lat="46.613839" lon="13.878671"/>
<trkpt lat="46.614384" lon="13.878497"/>
<trkpt lat="46.614504" lon="13.878467"/>
<trkpt lat="46.614642" lon="13.878469"/>
<trkpt lat="46.614738" lon="13.878491"/>
<trkpt lat="46.614815" lon="13.878540"/>
<trkpt lat="46.614922" lon="13.878623"/>
</trkseg>
<trkseg>
<trkpt lat="46.614922" lon="13.878623"/>
<trkpt lat="46.614951" lon="13.878657"/>
<trkpt lat="46.614983" lon="13.878651"/>
<trkpt lat="46.615093" lon="13.878515"/>
<trkpt lat="46.615151" lon="13.878334"/>
</trkseg>
<trkseg>
<trkpt lat="46.534987" lon="13.638701"/>
<trkpt lat="46.535001" lon="13.638722"/>
<trkpt lat="46.535012" lon="13.638750"/>
<trkpt lat="46.535020" lon="13.638781"/>
<trkpt lat="46.535023" lon="13.638838"/>
<trkpt lat="46.535037" lon="13.638984"/>
<trkpt lat="46.535044" lon="13.639013"/>
<trkpt lat="46.535052" lon="13.639036"/>
<trkpt lat="46.535072" lon="13.639068"/>
<trkpt lat="46.535098" lon="13.639112"/>
<trkpt lat="46.535150" lon="13.639191"/>
<trkpt lat="46.535206" lon="13.639255"/>
<trkpt lat="46.535245" lon="13.639283"/>
</trkseg>
<trkseg>
<trkpt lat="46.519895" lon="13.609932"/>
<trkpt lat="46.519928" lon="13.609947"/>
<trkpt lat="46.520006" lon="13.609948"/>
<trkpt lat="46.520074" lon="13.609928"/>
<trkpt lat="46.520140" lon="13.609796"/>
<trkpt lat="46.520212" lon="13.609638"/>
<trkpt lat="46.520330" lon="13.609338"/>
<trkpt lat="46.520401" lon="13.609197"/>
<trkpt lat="46.520470" lon="13.609091"/>
<trkpt lat="46.520519" lon="13.609038"/>
</trkseg>
<trkseg>
<trkpt lat="46.520519" lon="13.609038"/>
<trkpt lat="46.520586" lon="13.609082"/>
<trkpt lat="46.520654" lon="13.609156"/>
</trkseg>
<trkseg>
<trkpt lat="46.520654" lon="13.609156"/>
<trkpt lat="46.520681" lon="13.609238"/>
<trkpt lat="46.520652" lon="13.609364"/>
<trkpt lat="46.520618" lon="13.609496"/>
<trkpt lat="46.520591" lon="13.609637"/>
<trkpt lat="46.520576" lon="13.609713"/>
<trkpt lat="46.520557" lon="13.609971"/>
<trkpt lat="46.520594" lon="13.610165"/>
<trkpt lat="46.520589" lon="13.610354"/>
<trkpt lat="46.520498" lon="13.610647"/>
<trkpt lat="46.520456" lon="13.610724"/>
<trkpt lat="46.520429" lon="13.610876"/>
<trkpt lat="46.520445" lon="13.611128"/>
<trkpt lat="46.520499" lon="13.611459"/>
<trkpt lat="46.520555" lon="13.611811"/>
<trkpt lat="46.520565" lon="13.611919"/>
<trkpt lat="46.520570" lon="13.612077"/>
<trkpt lat="46.520562" lon="13.612219"/>
<trkpt lat="46.520528" lon="13.612548"/>
<trkpt lat="46.520515" lon="13.612652"/>
<trkpt lat="46.520502" lon="13.612750"/>
<trkpt lat="46.520493" lon="13.612853"/>
<trkpt lat="46.520481" lon="13.612969"/>
<trkpt lat="46.520439" lon="13.613394"/>
<trkpt lat="46.520431" lon="13.613494"/>
<trkpt lat="46.520428" lon="13.613638"/>
<trkpt lat="46.520426" lon="13.613723"/>
<trkpt lat="46.520429" lon="13.613811"/>
<trkpt lat="46.520430" lon="13.613855"/>
<trkpt lat="46.520434" lon="13.613953"/>
<trkpt lat="46.520445" lon="13.614077"/>
<trkpt lat="46.520466" lon="13.614364"/>
<trkpt lat="46.520496" lon="13.614699"/>
<trkpt lat="46.520544" lon="13.615117"/>
<trkpt lat="46.520604" lon="13.615256"/>
<trkpt lat="46.520679" lon="13.615315"/>
<trkpt lat="46.520781" lon="13.615343"/>
<trkpt lat="46.520963" lon="13.615355"/>
</trkseg>
<trkseg>
<trkpt lat="46.514355" lon="13.613210"/>
<trkpt lat="46.514498" lon="13.613679"/>
<trkpt lat="46.514639" lon="13.614106"/>
<trkpt lat="46.514816" lon="13.614458"/>
<trkpt lat="46.514960" lon="13.614625"/>
<trkpt lat="46.515226" lon="13.614854"/>
<trkpt lat="46.515519" lon="13.615068"/>
<trkpt lat="46.515787" lon="13.615112"/>
<trkpt lat="46.516105" lon="13.615054"/>
<trkpt lat="46.516137" lon="13.615047"/>
</trkseg>
<trkseg>
<trkpt lat="46.516137" lon="13.615047"/>
<trkpt lat="46.516411" lon="13.614982"/>
<trkpt lat="46.516633" lon="13.614808"/>
<trkpt lat="46.516852" lon="13.614498"/>
<trkpt lat="46.517017" lon="13.614220"/>
<trkpt lat="46.517574" lon="13.613823"/>
<trkpt lat="46.517882" lon="13.613608"/>
<trkpt lat="46.518029" lon="13.613418"/>
<trkpt lat="46.518129" lon="13.613216"/>
<trkpt lat="46.518250" lon="13.612882"/>
<trkpt lat="46.518513" lon="13.612416"/>
<trkpt lat="46.518782" lon="13.611959"/>
<trkpt lat="46.519018" lon="13.611515"/>
<trkpt lat="46.519158" lon="13.611140"/>
<trkpt lat="46.519235" lon="13.610822"/>
</trkseg>
<trkseg>
<trkpt lat="46.550456" lon="13.693612"/>
<trkpt lat="46.550460" lon="13.693481"/>
</trkseg>
<trkseg>
<trkpt lat="46.550460" lon="13.693481"/>
<trkpt lat="46.550466" lon="13.693203"/>
<trkpt lat="46.550454" lon="13.692637"/>
<trkpt lat="46.550436" lon="13.692470"/>
</trkseg>
<trkseg>
<trkpt lat="46.616111" lon="13.878946"/>
<trkpt lat="46.616177" lon="13.878743"/>
<trkpt lat="46.616215" lon="13.878673"/>
</trkseg>
<trkseg>
<trkpt lat="46.610471" lon="13.852857"/>
<trkpt lat="46.610239" lon="13.853126"/>
<trkpt lat="46.610097" lon="13.853368"/>
<trkpt lat="46.610369" lon="13.853866"/>
<trkpt lat="46.610397" lon="13.853915"/>
<trkpt lat="46.610382" lon="13.853978"/>
<trkpt lat="46.610369" lon="13.854017"/>
<trkpt lat="46.610205" lon="13.854273"/>
<trkpt lat="46.610188" lon="13.854310"/>
<trkpt lat="46.610182" lon="13.854337"/>
<trkpt lat="46.610183" lon="13.854364"/>
</trkseg>
<trkseg>
<trkpt lat="46.593173" lon="13.854841"/>
<trkpt lat="46.593124" lon="13.854673"/>
<trkpt lat="46.593054" lon="13.854494"/>
<trkpt lat="46.592950" lon="13.854227"/>
<trkpt lat="46.592841" lon="13.853960"/>
<trkpt lat="46.592634" lon="13.853537"/>
<trkpt lat="46.592469" lon="13.853217"/>
<trkpt lat="46.592301" lon="13.852943"/>
<trkpt lat="46.591954" lon="13.852380"/>
<trkpt lat="46.591758" lon="13.852061"/>
<trkpt lat="46.591560" lon="13.851748"/>
<trkpt lat="46.591167" lon="13.851110"/>
<trkpt lat="46.590873" lon="13.850636"/>
<trkpt lat="46.590581" lon="13.850161"/>
<trkpt lat="46.590299" lon="13.849729"/>
<trkpt lat="46.590072" lon="13.849404"/>
<trkpt lat="46.589835" lon="13.849105"/>
<trkpt lat="46.589465" lon="13.848718"/>
<trkpt lat="46.589254" lon="13.848503"/>
<trkpt lat="46.589163" lon="13.848430"/>
<trkpt lat="46.589046" lon="13.848329"/>
<trkpt lat="46.588819" lon="13.848151"/>
<trkpt lat="46.588486" lon="13.847935"/>
<trkpt lat="46.588121" lon="13.847744"/>
<trkpt lat="46.587862" lon="13.847632"/>
<trkpt lat="46.587694" lon="13.847571"/>
<trkpt lat="46.587583" lon="13.847541"/>
<trkpt lat="46.587438" lon="13.847506"/>
<trkpt lat="46.587334" lon="13.847477"/>
<trkpt lat="46.587227" lon="13.847456"/>
<trkpt lat="46.587024" lon="13.847434"/>
<trkpt lat="46.586466" lon="13.847371"/>
<trkpt lat="46.586412" lon="13.847361"/>
<trkpt lat="46.586224" lon="13.847301"/>
<trkpt lat="46.586038" lon="13.847217"/>
<trkpt lat="46.585860" lon="13.847122"/>
<trkpt lat="46.585597" lon="13.846939"/>
<trkpt lat="46.585346" lon="13.846742"/>
<trkpt lat="46.585036" lon="13.846460"/>
<trkpt lat="46.584750" lon="13.846141"/>
<trkpt lat="46.584592" lon="13.845918"/>
<trkpt lat="46.584449" lon="13.845665"/>
<trkpt lat="46.584350" lon="13.845424"/>
<trkpt lat="46.584265" lon="13.845152"/>
<trkpt lat="46.584133" lon="13.845026"/>
<trkpt lat="46.584055" lon="13.844882"/>
</trkseg>
<trkseg>
<trkpt lat="46.554284" lon="13.780524"/>
<trkpt lat="46.554295" lon="13.780673"/>
<trkpt lat="46.554337" lon="13.780956"/>
<trkpt lat="46.554389" lon="13.781315"/>
</trkseg>
<trkseg>
<trkpt lat="46.550291" lon="13.690252"/>
<trkpt lat="46.550250" lon="13.690059"/>
<trkpt lat="46.550165" lon="13.689478"/>
<trkpt lat="46.550006" lon="13.688583"/>
<trkpt lat="46.549848" lon="13.687645"/>
<trkpt lat="46.549781" lon="13.687074"/>
<trkpt lat="46.549730" lon="13.686515"/>
<trkpt lat="46.549694" lon="13.686036"/>
<trkpt lat="46.549655" lon="13.685588"/>
<trkpt lat="46.549631" lon="13.685214"/>
<trkpt lat="46.549632" lon="13.684959"/>
<trkpt lat="46.549647" lon="13.684744"/>
<trkpt lat="46.549687" lon="13.684483"/>
<trkpt lat="46.549745" lon="13.684133"/>
<trkpt lat="46.549772" lon="13.683806"/>
<trkpt lat="46.549797" lon="13.683371"/>
<trkpt lat="46.549839" lon="13.682993"/>
<trkpt lat="46.549906" lon="13.682558"/>
<trkpt lat="46.549941" lon="13.682295"/>
<trkpt lat="46.549961" lon="13.681978"/>
<trkpt lat="46.549976" lon="13.681295"/>
<trkpt lat="46.549968" lon="13.680722"/>
<trkpt lat="46.549977" lon="13.680414"/>
<trkpt lat="46.549995" lon="13.680160"/>
<trkpt lat="46.550029" lon="13.679895"/>
<trkpt lat="46.550088" lon="13.679597"/>
<trkpt lat="46.550152" lon="13.679350"/>
<trkpt lat="46.550294" lon="13.678815"/>
<trkpt lat="46.550718" lon="13.677174"/>
<trkpt lat="46.550826" lon="13.676759"/>
<trkpt lat="46.550920" lon="13.676391"/>
<trkpt lat="46.551001" lon="13.676045"/>
<trkpt lat="46.551125" lon="13.675487"/>
<trkpt lat="46.551213" lon="13.675060"/>
<trkpt lat="46.551400" lon="13.674070"/>
<trkpt lat="46.551462" lon="13.673625"/>
<trkpt lat="46.551522" lon="13.673125"/>
<trkpt lat="46.551555" lon="13.672716"/>
<trkpt lat="46.551584" lon="13.672271"/>
<trkpt lat="46.551577" lon="13.671397"/>
<trkpt lat="46.551504" lon="13.670721"/>
<trkpt lat="46.551417" lon="13.670201"/>
<trkpt lat="46.551351" lon="13.669881"/>
<trkpt lat="46.551266" lon="13.669578"/>
<trkpt lat="46.551169" lon="13.669268"/>
<trkpt lat="46.551093" lon="13.669057"/>
<trkpt lat="46.551086" lon="13.669006"/>
<trkpt lat="46.551086" lon="13.668966"/>
<trkpt lat="46.551081" lon="13.668947"/>
<trkpt lat="46.551067" lon="13.668912"/>
<trkpt lat="46.551015" lon="13.668801"/>
<trkpt lat="46.550979" lon="13.668711"/>
<trkpt lat="46.550956" lon="13.668675"/>
</trkseg>
<trkseg>
<trkpt lat="46.548378" lon="13.717955"/>
<trkpt lat="46.548369" lon="13.718047"/>
<trkpt lat="46.548348" lon="13.718198"/>
<trkpt lat="46.548323" lon="13.718416"/>
<trkpt lat="46.548296" lon="13.718698"/>
<trkpt lat="46.548263" lon="13.719068"/>
<trkpt lat="46.548246" lon="13.719570"/>
<trkpt lat="46.548277" lon="13.720218"/>
<trkpt lat="46.548302" lon="13.720869"/>
<trkpt lat="46.548309" lon="13.721463"/>
<trkpt lat="46.548234" lon="13.722687"/>
<trkpt lat="46.548123" lon="13.724298"/>
<trkpt lat="46.548068" lon="13.724873"/>
<trkpt lat="46.548034" lon="13.725128"/>
<trkpt lat="46.547915" lon="13.725595"/>
<trkpt lat="46.547598" lon="13.726517"/>
<trkpt lat="46.547499" lon="13.726916"/>
<trkpt lat="46.547455" lon="13.727207"/>
<trkpt lat="46.547443" lon="13.728013"/>
<trkpt lat="46.547447" lon="13.728960"/>
<trkpt lat="46.547455" lon="13.730720"/>
<trkpt lat="46.547461" lon="13.732308"/>
<trkpt lat="46.547488" lon="13.732742"/>
<trkpt lat="46.547576" lon="13.733338"/>
<trkpt lat="46.547692" lon="13.733954"/>
<trkpt lat="46.547802" lon="13.734577"/>
<trkpt lat="46.547966" lon="13.735674"/>
<trkpt lat="46.548012" lon="13.736133"/>
<trkpt lat="46.548019" lon="13.736274"/>
</trkseg>
<trkseg>
<trkpt lat="46.547538" lon="13.747056"/>
<trkpt lat="46.547588" lon="13.748817"/>
<trkpt lat="46.547586" lon="13.749220"/>
<trkpt lat="46.547611" lon="13.750432"/>
<trkpt lat="46.547610" lon="13.750701"/>
<trkpt lat="46.547615" lon="13.750785"/>
<trkpt lat="46.547645" lon="13.751200"/>
<trkpt lat="46.547651" lon="13.751339"/>
<trkpt lat="46.547614" lon="13.751600"/>
<trkpt lat="46.547583" lon="13.751810"/>
<trkpt lat="46.547522" lon="13.753800"/>
<trkpt lat="46.547515" lon="13.754418"/>
<trkpt lat="46.547520" lon="13.755054"/>
<trkpt lat="46.547551" lon="13.755159"/>
<trkpt lat="46.547577" lon="13.755228"/>
<trkpt lat="46.547599" lon="13.755294"/>
<trkpt lat="46.547599" lon="13.755360"/>
<trkpt lat="46.547585" lon="13.755437"/>
<trkpt lat="46.547529" lon="13.755610"/>
<trkpt lat="46.547523" lon="13.755683"/>
<trkpt lat="46.547548" lon="13.756487"/>
<trkpt lat="46.547625" lon="13.757445"/>
<trkpt lat="46.547746" lon="13.758221"/>
<trkpt lat="46.547904" lon="13.759030"/>
<trkpt lat="46.548076" lon="13.759750"/>
<trkpt lat="46.548235" lon="13.760310"/>
<trkpt lat="46.548331" lon="13.760615"/>
<trkpt lat="46.548482" lon="13.761054"/>
<trkpt lat="46.548792" lon="13.761896"/>
<trkpt lat="46.548870" lon="13.762112"/>
<trkpt lat="46.549232" lon="13.763063"/>
<trkpt lat="46.549617" lon="13.764169"/>
<trkpt lat="46.549836" lon="13.764947"/>
<trkpt lat="46.549943" lon="13.765328"/>
<trkpt lat="46.550039" lon="13.765726"/>
<trkpt lat="46.550098" lon="13.765895"/>
<trkpt lat="46.550120" lon="13.766001"/>
<trkpt lat="46.550153" lon="13.766152"/>
<trkpt lat="46.550182" lon="13.766539"/>
<trkpt lat="46.550308" lon="13.767497"/>
<trkpt lat="46.550377" lon="13.768566"/>
<trkpt lat="46.550397" lon="13.769252"/>
<trkpt lat="46.550433" lon="13.769662"/>
<trkpt lat="46.550436" lon="13.769796"/>
<trkpt lat="46.550385" lon="13.770093"/>
<trkpt lat="46.550373" lon="13.770217"/>
<trkpt lat="46.550317" lon="13.771261"/>
<trkpt lat="46.550009" lon="13.774693"/>
<trkpt lat="46.549918" lon="13.776017"/>
<trkpt lat="46.549914" lon="13.776366"/>
<trkpt lat="46.549932" lon="13.776882"/>
<trkpt lat="46.549980" lon="13.777321"/>
<trkpt lat="46.550092" lon="13.777848"/>
<trkpt lat="46.550188" lon="13.778197"/>
<trkpt lat="46.550214" lon="13.778325"/>
</trkseg>
<trkseg>
<trkpt lat="46.550214" lon="13.778325"/>
<trkpt lat="46.550393" lon="13.778857"/>
<trkpt lat="46.550614" lon="13.779425"/>
<trkpt lat="46.550741" lon="13.779689"/>
<trkpt lat="46.550890" lon="13.779898"/>
<trkpt lat="46.550972" lon="13.780082"/>
<trkpt lat="46.551038" lon="13.780304"/>
<trkpt lat="46.551058" lon="13.780396"/>
</trkseg>
<trkseg>
<trkpt lat="46.610183" lon="13.854364"/>
<trkpt lat="46.610127" lon="13.854452"/>
<trkpt lat="46.609802" lon="13.855010"/>
<trkpt lat="46.609596" lon="13.855405"/>
<trkpt lat="46.609379" lon="13.855876"/>
<trkpt lat="46.609272" lon="13.856140"/>
<trkpt lat="46.609222" lon="13.856273"/>
<trkpt lat="46.609128" lon="13.856551"/>
<trkpt lat="46.609051" lon="13.856840"/>
<trkpt lat="46.608988" lon="13.857156"/>
<trkpt lat="46.608945" lon="13.857480"/>
<trkpt lat="46.608924" lon="13.857663"/>
<trkpt lat="46.608913" lon="13.857866"/>
<trkpt lat="46.608903" lon="13.858184"/>
<trkpt lat="46.608906" lon="13.858265"/>
<trkpt lat="46.608937" lon="13.858712"/>
<trkpt lat="46.608965" lon="13.858958"/>
<trkpt lat="46.609001" lon="13.859184"/>
<trkpt lat="46.609039" lon="13.859361"/>
<trkpt lat="46.609101" lon="13.859620"/>
<trkpt lat="46.609150" lon="13.859795"/>
<trkpt lat="46.609230" lon="13.860008"/>
<trkpt lat="46.609265" lon="13.860094"/>
<trkpt lat="46.609323" lon="13.860218"/>
<trkpt lat="46.609449" lon="13.860446"/>
<trkpt lat="46.609611" lon="13.860708"/>
<trkpt lat="46.609798" lon="13.860991"/>
<trkpt lat="46.610077" lon="13.861355"/>
<trkpt lat="46.610230" lon="13.861513"/>
<trkpt lat="46.610433" lon="13.861703"/>
<trkpt lat="46.610762" lon="13.861949"/>
<trkpt lat="46.611104" lon="13.862251"/>
<trkpt lat="46.611516" lon="13.862663"/>
<trkpt lat="46.611776" lon="13.862954"/>
<trkpt lat="46.611853" lon="13.863042"/>
<trkpt lat="46.612351" lon="13.863678"/>
<trkpt lat="46.612858" lon="13.864360"/>
<trkpt lat="46.613172" lon="13.864791"/>
<trkpt lat="46.613283" lon="13.864944"/>
<trkpt lat="46.613412" lon="13.865116"/>
<trkpt lat="46.613435" lon="13.865137"/>
<trkpt lat="46.613462" lon="13.865155"/>
<trkpt lat="46.613587" lon="13.865227"/>
<trkpt lat="46.613664" lon="13.865244"/>
</trkseg>
<trkseg>
<trkpt lat="46.616215" lon="13.878673"/>
<trkpt lat="46.616283" lon="13.878470"/>
<trkpt lat="46.616316" lon="13.878340"/>
<trkpt lat="46.616341" lon="13.878205"/>
<trkpt lat="46.616378" lon="13.877996"/>
<trkpt lat="46.616461" lon="13.877668"/>
<trkpt lat="46.616563" lon="13.877177"/>
<trkpt lat="46.616633" lon="13.876703"/>
<trkpt lat="46.616680" lon="13.876247"/>
<trkpt lat="46.616705" lon="13.875713"/>
<trkpt lat="46.616690" lon="13.875106"/>
<trkpt lat="46.616634" lon="13.874449"/>
<trkpt lat="46.616566" lon="13.873773"/>
<trkpt lat="46.616460" lon="13.873007"/>
<trkpt lat="46.616386" lon="13.872645"/>
<trkpt lat="46.616207" lon="13.872061"/>
<trkpt lat="46.616091" lon="13.871598"/>
<trkpt lat="46.615956" lon="13.871014"/>
<trkpt lat="46.615622" lon="13.869741"/>
<trkpt lat="46.615417" lon="13.869072"/>
<trkpt lat="46.615207" lon="13.868428"/>
<trkpt lat="46.614960" lon="13.867733"/>
<trkpt lat="46.614844" lon="13.867218"/>
<trkpt lat="46.614724" lon="13.866836"/>
<trkpt lat="46.614372" lon="13.866253"/>
<trkpt lat="46.613664" lon="13.865244"/>
</trkseg>
<trkseg>
<trkpt lat="46.614810" lon="13.849672"/>
<trkpt lat="46.614114" lon="13.850205"/>
<trkpt lat="46.613878" lon="13.850368"/>
<trkpt lat="46.613862" lon="13.850379"/>
<trkpt lat="46.613388" lon="13.850706"/>
<trkpt lat="46.612415" lon="13.851372"/>
<trkpt lat="46.611617" lon="13.851921"/>
<trkpt lat="46.611022" lon="13.852384"/>
<trkpt lat="46.610471" lon="13.852857"/>
</trkseg>
<trkseg>
<trkpt lat="46.519235" lon="13.610822"/>
<trkpt lat="46.519344" lon="13.610487"/>
<trkpt lat="46.519446" lon="13.610309"/>
<trkpt lat="46.519549" lon="13.610172"/>
<trkpt lat="46.519691" lon="13.610054"/>
<trkpt lat="46.519834" lon="13.610003"/>
<trkpt lat="46.519895" lon="13.609932"/>
</trkseg>
<trkseg>
<trkpt lat="46.548378" lon="13.717955"/>
<trkpt lat="46.548386" lon="13.717811"/>
<trkpt lat="46.548389" lon="13.717670"/>
<trkpt lat="46.548433" lon="13.716720"/>
<trkpt lat="46.548473" lon="13.716366"/>
<trkpt lat="46.548491" lon="13.716187"/>
<trkpt lat="46.548519" lon="13.715920"/>
<trkpt lat="46.548568" lon="13.715558"/>
<trkpt lat="46.548613" lon="13.715240"/>
<trkpt lat="46.548857" lon="13.713486"/>
<trkpt lat="46.548907" lon="13.713171"/>
<trkpt lat="46.548957" lon="13.713128"/>
<trkpt lat="46.548971" lon="13.713041"/>
<trkpt lat="46.548986" lon="13.712946"/>
<trkpt lat="46.548956" lon="13.712824"/>
<trkpt lat="46.549001" lon="13.712489"/>
<trkpt lat="46.549034" lon="13.712319"/>
<trkpt lat="46.549099" lon="13.712186"/>
<trkpt lat="46.549111" lon="13.712107"/>
<trkpt lat="46.549129" lon="13.712003"/>
<trkpt lat="46.549113" lon="13.711888"/>
<trkpt lat="46.549168" lon="13.711535"/>
<trkpt lat="46.549171" lon="13.711520"/>
<trkpt lat="46.549181" lon="13.711279"/>
<trkpt lat="46.549233" lon="13.710888"/>
<trkpt lat="46.549305" lon="13.710407"/>
<trkpt lat="46.549356" lon="13.710039"/>
</trkseg>
<trkseg>
<trkpt lat="46.548092" lon="13.737754"/>
<trkpt lat="46.548090" lon="13.737875"/>
</trkseg>
<trkseg>
<trkpt lat="46.548090" lon="13.737875"/>
<trkpt lat="46.548099" lon="13.738018"/>
<trkpt lat="46.548115" lon="13.738185"/>
</trkseg>
<trkseg>
<trkpt lat="46.569296" lon="13.814931"/>
<trkpt lat="46.569309" lon="13.814680"/>
</trkseg>
<trkseg>
<trkpt lat="46.569482" lon="13.811804"/>
<trkpt lat="46.569477" lon="13.811668"/>
<trkpt lat="46.569493" lon="13.811468"/>
</trkseg>
<trkseg>
<trkpt lat="46.569485" lon="13.811884"/>
<trkpt lat="46.569482" lon="13.811804"/>
</trkseg>
<trkseg>
<trkpt lat="46.550441" lon="13.693966"/>
<trkpt lat="46.550456" lon="13.693612"/>
</trkseg>
<trkseg>
<trkpt lat="46.569309" lon="13.814680"/>
<trkpt lat="46.569366" lon="13.813755"/>
<trkpt lat="46.569374" lon="13.813679"/>
</trkseg>
<trkseg>
<trkpt lat="46.569486" lon="13.813075"/>
<trkpt lat="46.569503" lon="13.812874"/>
<trkpt lat="46.569498" lon="13.812284"/>
<trkpt lat="46.569485" lon="13.811884"/>
</trkseg>
<trkseg>
<trkpt lat="46.569374" lon="13.813679"/>
<trkpt lat="46.569391" lon="13.813527"/>
<trkpt lat="46.569439" lon="13.813276"/>
<trkpt lat="46.569486" lon="13.813075"/>
</trkseg>
<trkseg>
<trkpt lat="46.538071" lon="13.644314"/>
<trkpt lat="46.538133" lon="13.644372"/>
<trkpt lat="46.538194" lon="13.644427"/>
<trkpt lat="46.538252" lon="13.644469"/>
<trkpt lat="46.538315" lon="13.644507"/>
<trkpt lat="46.538389" lon="13.644533"/>
<trkpt lat="46.538486" lon="13.644554"/>
<trkpt lat="46.538573" lon="13.644564"/>
<trkpt lat="46.538650" lon="13.644572"/>
<trkpt lat="46.538740" lon="13.644579"/>
<trkpt lat="46.538815" lon="13.644584"/>
<trkpt lat="46.538971" lon="13.644593"/>
<trkpt lat="46.539127" lon="13.644599"/>
<trkpt lat="46.539432" lon="13.644619"/>
</trkseg>
<trkseg>
<trkpt lat="46.548019" lon="13.736274"/>
<trkpt lat="46.548067" lon="13.736539"/>
<trkpt lat="46.548088" lon="13.736688"/>
<trkpt lat="46.548083" lon="13.736848"/>
<trkpt lat="46.548072" lon="13.737061"/>
<trkpt lat="46.548087" lon="13.737415"/>
<trkpt lat="46.548094" lon="13.737688"/>
<trkpt lat="46.548092" lon="13.737754"/>
</trkseg>
<trkseg>
<trkpt lat="46.593584" lon="13.856458"/>
<trkpt lat="46.593473" lon="13.856156"/>
<trkpt lat="46.593414" lon="13.856044"/>
<trkpt lat="46.593368" lon="13.855976"/>
<trkpt lat="46.593332" lon="13.855895"/>
<trkpt lat="46.593274" lon="13.855664"/>
<trkpt lat="46.593248" lon="13.855308"/>
<trkpt lat="46.593173" lon="13.854841"/>
</trkseg>
<trkseg>
<trkpt lat="46.513968" lon="13.612518"/>
<trkpt lat="46.513983" lon="13.612527"/>
<trkpt lat="46.514226" lon="13.612845"/>
<trkpt lat="46.514282" lon="13.612968"/>
<trkpt lat="46.514320" lon="13.613082"/>
<trkpt lat="46.514355" lon="13.613210"/>
</trkseg>
<trkseg>
<trkpt lat="46.583959" lon="13.844897"/>
<trkpt lat="46.583891" lon="13.844889"/>
<trkpt lat="46.583810" lon="13.844867"/>
<trkpt lat="46.583714" lon="13.844848"/>
<trkpt lat="46.583669" lon="13.844815"/>
<trkpt lat="46.583645" lon="13.844777"/>
<trkpt lat="46.583619" lon="13.844722"/>
<trkpt lat="46.583604" lon="13.844658"/>
<trkpt lat="46.583586" lon="13.844569"/>
<trkpt lat="46.583575" lon="13.844423"/>
<trkpt lat="46.583595" lon="13.843812"/>
<trkpt lat="46.583600" lon="13.843607"/>
<trkpt lat="46.583615" lon="13.843466"/>
<trkpt lat="46.583623" lon="13.843366"/>
<trkpt lat="46.583624" lon="13.843311"/>
<trkpt lat="46.583615" lon="13.843220"/>
<trkpt lat="46.583619" lon="13.843125"/>
<trkpt lat="46.583630" lon="13.843055"/>
<trkpt lat="46.583641" lon="13.842967"/>
<trkpt lat="46.583638" lon="13.842829"/>
<trkpt lat="46.583631" lon="13.842737"/>
<trkpt lat="46.583635" lon="13.842629"/>
<trkpt lat="46.583646" lon="13.842519"/>
<trkpt lat="46.583650" lon="13.842265"/>
<trkpt lat="46.583651" lon="13.842093"/>
<trkpt lat="46.583648" lon="13.841943"/>
<trkpt lat="46.583635" lon="13.841866"/>
<trkpt lat="46.583596" lon="13.841763"/>
<trkpt lat="46.583563" lon="13.841696"/>
<trkpt lat="46.583546" lon="13.841631"/>
<trkpt lat="46.583539" lon="13.841572"/>
<trkpt lat="46.583541" lon="13.841475"/>
<trkpt lat="46.583544" lon="13.841322"/>
<trkpt lat="46.583569" lon="13.841105"/>
<trkpt lat="46.583575" lon="13.841024"/>
<trkpt lat="46.583571" lon="13.840943"/>
<trkpt lat="46.583556" lon="13.840803"/>
<trkpt lat="46.583539" lon="13.840671"/>
<trkpt lat="46.583507" lon="13.840456"/>
<trkpt lat="46.583446" lon="13.840209"/>
<trkpt lat="46.583378" lon="13.840006"/>
</trkseg>
<trkseg>
<trkpt lat="46.573707" lon="13.843480"/>
<trkpt lat="46.573559" lon="13.843524"/>
<trkpt lat="46.573295" lon="13.843487"/>
<trkpt lat="46.572981" lon="13.843432"/>
<trkpt lat="46.572922" lon="13.843392"/>
<trkpt lat="46.572809" lon="13.843255"/>
<trkpt lat="46.572743" lon="13.843193"/>
<trkpt lat="46.572672" lon="13.843157"/>
<trkpt lat="46.572507" lon="13.843101"/>
<trkpt lat="46.572398" lon="13.843058"/>
<trkpt lat="46.572291" lon="13.843003"/>
<trkpt lat="46.572156" lon="13.842901"/>
<trkpt lat="46.572016" lon="13.842769"/>
<trkpt lat="46.571937" lon="13.842616"/>
<trkpt lat="46.571857" lon="13.842466"/>
</trkseg>
<trkseg>
<trkpt lat="46.505256" lon="13.589418"/>
<trkpt lat="46.505178" lon="13.589097"/>
<trkpt lat="46.505117" lon="13.588843"/>
<trkpt lat="46.505075" lon="13.588667"/>
<trkpt lat="46.505046" lon="13.588485"/>
<trkpt lat="46.505020" lon="13.588331"/>
<trkpt lat="46.504984" lon="13.588033"/>
<trkpt lat="46.504891" lon="13.587081"/>
<trkpt lat="46.504867" lon="13.586901"/>
<trkpt lat="46.504846" lon="13.586740"/>
<trkpt lat="46.504817" lon="13.586584"/>
<trkpt lat="46.504773" lon="13.586381"/>
<trkpt lat="46.504688" lon="13.586059"/>
<trkpt lat="46.504596" lon="13.585722"/>
<trkpt lat="46.504533" lon="13.585464"/>
<trkpt lat="46.504483" lon="13.585264"/>
<trkpt lat="46.504433" lon="13.585019"/>
<trkpt lat="46.504411" lon="13.584834"/>
<trkpt lat="46.504394" lon="13.584659"/>
<trkpt lat="46.504384" lon="13.584383"/>
<trkpt lat="46.504387" lon="13.584221"/>
<trkpt lat="46.504397" lon="13.584067"/>
<trkpt lat="46.504408" lon="13.583914"/>
<trkpt lat="46.504427" lon="13.583744"/>
<trkpt lat="46.504453" lon="13.583530"/>
<trkpt lat="46.504511" lon="13.583238"/>
<trkpt lat="46.504665" lon="13.582510"/>
<trkpt lat="46.504723" lon="13.582246"/>
<trkpt lat="46.504768" lon="13.582004"/>
<trkpt lat="46.504793" lon="13.581841"/>
<trkpt lat="46.504816" lon="13.581690"/>
<trkpt lat="46.504850" lon="13.581379"/>
<trkpt lat="46.504860" lon="13.581189"/>
<trkpt lat="46.504860" lon="13.581167"/>
<trkpt lat="46.504864" lon="13.581014"/>
<trkpt lat="46.504863" lon="13.580842"/>
<trkpt lat="46.504859" lon="13.580650"/>
<trkpt lat="46.504849" lon="13.580483"/>
<trkpt lat="46.504842" lon="13.580376"/>
</trkseg>
<trkseg>
<trkpt lat="46.505274" lon="13.589493"/>
<trkpt lat="46.505256" lon="13.589418"/>
</trkseg>
<trkseg>
<trkpt lat="46.505322" lon="13.589714"/>
<trkpt lat="46.505312" lon="13.589666"/>
<trkpt lat="46.505274" lon="13.589493"/>
</trkseg>
<trkseg>
<trkpt lat="46.505352" lon="13.589867"/>
<trkpt lat="46.505322" lon="13.589714"/>
</trkseg>
<trkseg>
<trkpt lat="46.507314" lon="13.596619"/>
<trkpt lat="46.507217" lon="13.596433"/>
<trkpt lat="46.507133" lon="13.596294"/>
<trkpt lat="46.507024" lon="13.596135"/>
<trkpt lat="46.506841" lon="13.595880"/>
<trkpt lat="46.506760" lon="13.595768"/>
<trkpt lat="46.506676" lon="13.595668"/>
<trkpt lat="46.506502" lon="13.595435"/>
<trkpt lat="46.506332" lon="13.595212"/>
<trkpt lat="46.506183" lon="13.594988"/>
<trkpt lat="46.506085" lon="13.594826"/>
<trkpt lat="46.505933" lon="13.594528"/>
<trkpt lat="46.505823" lon="13.594256"/>
<trkpt lat="46.505743" lon="13.593990"/>
<trkpt lat="46.505685" lon="13.593753"/>
<trkpt lat="46.505663" lon="13.593621"/>
</trkseg>
<trkseg>
<trkpt lat="46.507357" lon="13.596716"/>
<trkpt lat="46.507314" lon="13.596619"/>
</trkseg>
<trkseg>
<trkpt lat="46.523533" lon="13.620000"/>
<trkpt lat="46.523671" lon="13.620327"/>
<trkpt lat="46.523791" lon="13.620530"/>
<trkpt lat="46.523903" lon="13.620699"/>
<trkpt lat="46.523971" lon="13.620749"/>
<trkpt lat="46.524045" lon="13.620779"/>
<trkpt lat="46.524172" lon="13.620805"/>
<trkpt lat="46.524414" lon="13.620835"/>
<trkpt lat="46.524431" lon="13.620841"/>
</trkseg>
<trkseg>
<trkpt lat="46.524431" lon="13.620841"/>
<trkpt lat="46.524510" lon="13.620866"/>
</trkseg>
<trkseg>
<trkpt lat="46.526040" lon="13.621406"/>
<trkpt lat="46.526264" lon="13.621197"/>
</trkseg>
<trkseg>
<trkpt lat="46.527416" lon="13.625148"/>
<trkpt lat="46.527440" lon="13.625251"/>
</trkseg>
<trkseg>
<trkpt lat="46.527440" lon="13.625251"/>
<trkpt lat="46.527467" lon="13.625348"/>
<trkpt lat="46.527518" lon="13.625535"/>
<trkpt lat="46.527578" lon="13.625687"/>
<trkpt lat="46.527598" lon="13.625737"/>
<trkpt lat="46.527754" lon="13.625980"/>
<trkpt lat="46.527945" lon="13.626292"/>
<trkpt lat="46.528047" lon="13.626549"/>
<trkpt lat="46.528074" lon="13.626627"/>
<trkpt lat="46.528109" lon="13.626729"/>
</trkseg>
<trkseg>
<trkpt lat="46.528109" lon="13.626729"/>
<trkpt lat="46.528103" lon="13.626820"/>
</trkseg>
<trkseg>
<trkpt lat="46.505651" lon="13.593551"/>
<trkpt lat="46.505642" lon="13.593502"/>
<trkpt lat="46.505607" lon="13.593207"/>
<trkpt lat="46.505560" lon="13.592674"/>
<trkpt lat="46.505475" lon="13.591354"/>
<trkpt lat="46.505436" lon="13.590778"/>
<trkpt lat="46.505429" lon="13.590656"/>
<trkpt lat="46.505414" lon="13.590433"/>
<trkpt lat="46.505352" lon="13.589867"/>
</trkseg>
<trkseg>
<trkpt lat="46.505663" lon="13.593621"/>
<trkpt lat="46.505651" lon="13.593551"/>
</trkseg>
<trkseg>
<trkpt lat="46.547530" lon="13.746779"/>
<trkpt lat="46.547538" lon="13.747056"/>
</trkseg>
<trkseg>
<trkpt lat="46.547569" lon="13.743725"/>
<trkpt lat="46.547540" lon="13.744208"/>
<trkpt lat="46.547507" lon="13.744917"/>
<trkpt lat="46.547500" lon="13.745606"/>
<trkpt lat="46.547530" lon="13.746779"/>
</trkseg>
<trkseg>
<trkpt lat="46.547590" lon="13.743456"/>
<trkpt lat="46.547569" lon="13.743725"/>
</trkseg>
<trkseg>
<trkpt lat="46.548115" lon="13.738185"/>
<trkpt lat="46.548074" lon="13.738532"/>
<trkpt lat="46.548028" lon="13.739374"/>
<trkpt lat="46.547897" lon="13.740673"/>
<trkpt lat="46.547723" lon="13.742240"/>
<trkpt lat="46.547700" lon="13.742434"/>
<trkpt lat="46.547590" lon="13.743456"/>
</trkseg>
<trkseg>
<trkpt lat="46.550349" lon="13.691546"/>
<trkpt lat="46.550434" lon="13.691525"/>
</trkseg>
<trkseg>
<trkpt lat="46.550326" lon="13.690385"/>
<trkpt lat="46.550312" lon="13.690335"/>
<trkpt lat="46.550291" lon="13.690252"/>
</trkseg>
<trkseg>
<trkpt lat="46.544961" lon="13.655353"/>
<trkpt lat="46.544977" lon="13.655279"/>
<trkpt lat="46.544977" lon="13.655221"/>
<trkpt lat="46.544954" lon="13.654974"/>
</trkseg>
<trkseg>
<trkpt lat="46.507890" lon="13.600019"/>
<trkpt lat="46.507884" lon="13.599980"/>
</trkseg>
<trkseg>
<trkpt lat="46.507884" lon="13.599980"/>
<trkpt lat="46.507860" lon="13.599795"/>
<trkpt lat="46.507846" lon="13.599612"/>
<trkpt lat="46.507807" lon="13.599196"/>
<trkpt lat="46.507762" lon="13.598735"/>
<trkpt lat="46.507708" lon="13.598165"/>
<trkpt lat="46.507687" lon="13.597967"/>
<trkpt lat="46.507661" lon="13.597760"/>
<trkpt lat="46.507629" lon="13.597599"/>
<trkpt lat="46.507598" lon="13.597444"/>
<trkpt lat="46.507559" lon="13.597286"/>
<trkpt lat="46.507515" lon="13.597140"/>
<trkpt lat="46.507385" lon="13.596779"/>
<trkpt lat="46.507357" lon="13.596716"/>
</trkseg>
<trkseg>
<trkpt lat="46.549987" lon="13.703706"/>
<trkpt lat="46.549990" lon="13.703606"/>
<trkpt lat="46.549968" lon="13.703541"/>
<trkpt lat="46.550021" lon="13.702761"/>
<trkpt lat="46.550082" lon="13.701917"/>
<trkpt lat="46.550093" lon="13.701766"/>
<trkpt lat="46.550200" lon="13.700039"/>
<trkpt lat="46.550356" lon="13.697652"/>
<trkpt lat="46.550381" lon="13.697532"/>
<trkpt lat="46.550387" lon="13.697439"/>
<trkpt lat="46.550399" lon="13.697245"/>
<trkpt lat="46.550391" lon="13.697169"/>
<trkpt lat="46.550465" lon="13.696079"/>
<trkpt lat="46.550425" lon="13.696074"/>
<trkpt lat="46.550380" lon="13.696075"/>
<trkpt lat="46.550329" lon="13.696077"/>
<trkpt lat="46.550237" lon="13.695977"/>
<trkpt lat="46.550209" lon="13.695885"/>
<trkpt lat="46.550183" lon="13.695801"/>
<trkpt lat="46.550172" lon="13.695768"/>
<trkpt lat="46.550168" lon="13.695709"/>
<trkpt lat="46.550172" lon="13.695649"/>
<trkpt lat="46.550217" lon="13.695512"/>
</trkseg>
<trkseg>
<trkpt lat="46.557353" lon="13.780399"/>
<trkpt lat="46.556937" lon="13.780418"/>
<trkpt lat="46.556588" lon="13.780482"/>
</trkseg>
<trkseg>
<trkpt lat="46.549500" lon="13.709238"/>
<trkpt lat="46.549582" lon="13.708671"/>
<trkpt lat="46.549601" lon="13.708401"/>
<trkpt lat="46.549690" lon="13.707715"/>
<trkpt lat="46.549725" lon="13.707273"/>
<trkpt lat="46.549793" lon="13.706206"/>
<trkpt lat="46.549871" lon="13.704838"/>
<trkpt lat="46.549917" lon="13.704233"/>
<trkpt lat="46.549937" lon="13.704168"/>
<trkpt lat="46.549956" lon="13.703863"/>
<trkpt lat="46.549978" lon="13.703795"/>
<trkpt lat="46.549987" lon="13.703706"/>
</trkseg>
<trkseg>
<trkpt lat="46.530674" lon="13.635463"/>
<trkpt lat="46.530771" lon="13.635674"/>
<trkpt lat="46.530859" lon="13.635961"/>
<trkpt lat="46.530904" lon="13.636103"/>
<trkpt lat="46.530968" lon="13.636244"/>
<trkpt lat="46.531017" lon="13.636299"/>
<trkpt lat="46.531068" lon="13.636340"/>
<trkpt lat="46.531156" lon="13.636381"/>
<trkpt lat="46.531348" lon="13.636449"/>
<trkpt lat="46.531533" lon="13.636519"/>
<trkpt lat="46.531625" lon="13.636536"/>
<trkpt lat="46.531720" lon="13.636531"/>
<trkpt lat="46.531872" lon="13.636495"/>
<trkpt lat="46.531914" lon="13.636480"/>
<trkpt lat="46.531959" lon="13.636466"/>
<trkpt lat="46.532020" lon="13.636404"/>
<trkpt lat="46.532086" lon="13.636258"/>
<trkpt lat="46.532215" lon="13.635985"/>
<trkpt lat="46.532326" lon="13.635715"/>
<trkpt lat="46.532351" lon="13.635617"/>
<trkpt lat="46.532364" lon="13.635468"/>
<trkpt lat="46.532361" lon="13.635251"/>
<trkpt lat="46.532376" lon="13.635165"/>
<trkpt lat="46.532401" lon="13.635127"/>
<trkpt lat="46.532429" lon="13.635098"/>
<trkpt lat="46.532482" lon="13.635103"/>
<trkpt lat="46.532553" lon="13.635186"/>
<trkpt lat="46.532635" lon="13.635353"/>
<trkpt lat="46.532716" lon="13.635509"/>
<trkpt lat="46.532755" lon="13.635636"/>
<trkpt lat="46.532785" lon="13.635744"/>
<trkpt lat="46.532797" lon="13.635816"/>
<trkpt lat="46.532795" lon="13.635897"/>
<trkpt lat="46.532802" lon="13.636014"/>
<trkpt lat="46.532826" lon="13.636272"/>
<trkpt lat="46.532822" lon="13.636388"/>
<trkpt lat="46.532818" lon="13.636509"/>
<trkpt lat="46.532820" lon="13.636584"/>
<trkpt lat="46.532836" lon="13.636719"/>
<trkpt lat="46.532863" lon="13.636837"/>
<trkpt lat="46.532902" lon="13.636937"/>
<trkpt lat="46.532984" lon="13.637157"/>
<trkpt lat="46.533149" lon="13.637430"/>
<trkpt lat="46.533237" lon="13.637547"/>
<trkpt lat="46.533327" lon="13.637656"/>
<trkpt lat="46.533476" lon="13.637836"/>
<trkpt lat="46.533557" lon="13.637923"/>
<trkpt lat="46.533643" lon="13.637997"/>
<trkpt lat="46.533802" lon="13.638091"/>
<trkpt lat="46.533883" lon="13.638128"/>
<trkpt lat="46.533926" lon="13.638134"/>
<trkpt lat="46.533981" lon="13.638139"/>
<trkpt lat="46.534076" lon="13.638137"/>
<trkpt lat="46.534122" lon="13.638125"/>
<trkpt lat="46.534188" lon="13.638100"/>
<trkpt lat="46.534243" lon="13.638073"/>
<trkpt lat="46.534326" lon="13.638021"/>
<trkpt lat="46.534560" lon="13.637903"/>
<trkpt lat="46.534593" lon="13.637897"/>
<trkpt lat="46.534619" lon="13.637908"/>
<trkpt lat="46.534659" lon="13.637959"/>
<trkpt lat="46.534709" lon="13.638046"/>
<trkpt lat="46.534741" lon="13.638117"/>
<trkpt lat="46.534744" lon="13.638148"/>
<trkpt lat="46.534741" lon="13.638167"/>
<trkpt lat="46.534730" lon="13.638180"/>
<trkpt lat="46.534697" lon="13.638187"/>
<trkpt lat="46.534650" lon="13.638170"/>
<trkpt lat="46.534627" lon="13.638163"/>
<trkpt lat="46.534610" lon="13.638168"/>
<trkpt lat="46.534614" lon="13.638194"/>
<trkpt lat="46.534625" lon="13.638213"/>
<trkpt lat="46.534651" lon="13.638241"/>
<trkpt lat="46.534699" lon="13.638282"/>
<trkpt lat="46.534720" lon="13.638305"/>
<trkpt lat="46.534741" lon="13.638350"/>
<trkpt lat="46.534769" lon="13.638416"/>
<trkpt lat="46.534789" lon="13.638453"/>
<trkpt lat="46.534821" lon="13.638499"/>
<trkpt lat="46.534877" lon="13.638562"/>
<trkpt lat="46.534987" lon="13.638701"/>
</trkseg>
<trkseg>
<trkpt lat="46.530372" lon="13.634937"/>
<trkpt lat="46.530545" lon="13.635185"/>
<trkpt lat="46.530674" lon="13.635463"/>
</trkseg>
<trkseg>
<trkpt lat="46.615240" lon="13.849126"/>
<trkpt lat="46.615144" lon="13.849262"/>
<trkpt lat="46.615104" lon="13.849317"/>
<trkpt lat="46.615079" lon="13.849348"/>
<trkpt lat="46.614858" lon="13.849614"/>
<trkpt lat="46.614810" lon="13.849672"/>
</trkseg>
<trkseg>
<trkpt lat="46.560109" lon="13.780677"/>
<trkpt lat="46.560133" lon="13.780699"/>
<trkpt lat="46.560290" lon="13.780838"/>
<trkpt lat="46.560344" lon="13.780824"/>
</trkseg>
<trkseg>
<trkpt lat="46.549356" lon="13.710039"/>
<trkpt lat="46.549500" lon="13.709238"/>
</trkseg>
</trk>
<trk><name>CAAR6 Tarvisio → Venzone</name>
<trkseg>
<trkpt lat="46.505589" lon="13.304985"/>
<trkpt lat="46.505610" lon="13.305013"/>
</trkseg>
<trkseg>
<trkpt lat="46.503380" lon="13.441606"/>
<trkpt lat="46.503412" lon="13.441900"/>
</trkseg>
<trkseg>
<trkpt lat="46.502884" lon="13.437283"/>
<trkpt lat="46.502992" lon="13.437700"/>
<trkpt lat="46.503094" lon="13.438360"/>
<trkpt lat="46.503243" lon="13.439582"/>
<trkpt lat="46.503329" lon="13.440287"/>
<trkpt lat="46.503352" lon="13.440546"/>
<trkpt lat="46.503371" lon="13.441050"/>
<trkpt lat="46.503380" lon="13.441606"/>
</trkseg>
<trkseg>
<trkpt lat="46.501158" lon="13.501840"/>
<trkpt lat="46.501449" lon="13.502656"/>
<trkpt lat="46.501744" lon="13.503385"/>
<trkpt lat="46.502225" lon="13.504613"/>
<trkpt lat="46.502365" lon="13.504969"/>
<trkpt lat="46.502504" lon="13.505325"/>
<trkpt lat="46.502600" lon="13.505586"/>
<trkpt lat="46.502687" lon="13.505861"/>
<trkpt lat="46.502780" lon="13.506179"/>
<trkpt lat="46.502867" lon="13.506526"/>
<trkpt lat="46.502913" lon="13.506765"/>
<trkpt lat="46.502971" lon="13.507133"/>
<trkpt lat="46.503009" lon="13.507463"/>
<trkpt lat="46.503026" lon="13.507641"/>
<trkpt lat="46.503038" lon="13.507824"/>
<trkpt lat="46.503055" lon="13.508193"/>
<trkpt lat="46.503056" lon="13.508377"/>
<trkpt lat="46.503057" lon="13.508619"/>
<trkpt lat="46.503047" lon="13.508963"/>
<trkpt lat="46.503022" lon="13.509343"/>
<trkpt lat="46.502932" lon="13.510312"/>
<trkpt lat="46.502913" lon="13.510532"/>
<trkpt lat="46.502860" lon="13.511243"/>
<trkpt lat="46.502847" lon="13.511545"/>
<trkpt lat="46.502845" lon="13.511724"/>
<trkpt lat="46.502847" lon="13.511895"/>
<trkpt lat="46.502855" lon="13.512259"/>
<trkpt lat="46.502880" lon="13.512637"/>
<trkpt lat="46.502955" lon="13.513230"/>
<trkpt lat="46.503143" lon="13.514052"/>
<trkpt lat="46.503314" lon="13.514733"/>
<trkpt lat="46.503435" lon="13.515240"/>
<trkpt lat="46.503585" lon="13.515964"/>
<trkpt lat="46.503632" lon="13.516304"/>
<trkpt lat="46.503664" lon="13.516570"/>
<trkpt lat="46.503687" lon="13.516841"/>
<trkpt lat="46.503717" lon="13.517268"/>
<trkpt lat="46.503729" lon="13.517616"/>
<trkpt lat="46.503762" lon="13.518154"/>
<trkpt lat="46.503791" lon="13.518380"/>
<trkpt lat="46.503824" lon="13.518562"/>
<trkpt lat="46.503860" lon="13.518757"/>
<trkpt lat="46.503921" lon="13.518972"/>
<trkpt lat="46.503978" lon="13.519137"/>
<trkpt lat="46.504033" lon="13.519297"/>
<trkpt lat="46.504115" lon="13.519514"/>
<trkpt lat="46.504492" lon="13.520352"/>
<trkpt lat="46.504648" lon="13.520734"/>
<trkpt lat="46.504663" lon="13.520779"/>
</trkseg>
<trkseg>
<trkpt lat="46.505694" lon="13.526636"/>
<trkpt lat="46.505865" lon="13.527817"/>
<trkpt lat="46.505976" lon="13.528644"/>
<trkpt lat="46.506050" lon="13.529410"/>
<trkpt lat="46.506089" lon="13.529987"/>
<trkpt lat="46.506138" lon="13.530672"/>
<trkpt lat="46.506183" lon="13.531102"/>
<trkpt lat="46.506245" lon="13.531414"/>
<trkpt lat="46.506319" lon="13.531748"/>
<trkpt lat="46.506406" lon="13.532006"/>
<trkpt lat="46.506484" lon="13.532200"/>
<trkpt lat="46.506598" lon="13.532419"/>
<trkpt lat="46.506601" lon="13.532425"/>
<trkpt lat="46.506705" lon="13.532600"/>
<trkpt lat="46.506797" lon="13.532744"/>
<trkpt lat="46.506830" lon="13.532782"/>
<trkpt lat="46.506886" lon="13.532857"/>
</trkseg>
<trkseg>
<trkpt lat="46.503669" lon="13.379334"/>
<trkpt lat="46.503326" lon="13.379921"/>
<trkpt lat="46.502993" lon="13.380498"/>
</trkseg>
<trkseg>
<trkpt lat="46.502714" lon="13.381144"/>
<trkpt lat="46.502632" lon="13.381315"/>
<trkpt lat="46.502546" lon="13.381441"/>
<trkpt lat="46.502509" lon="13.381512"/>
<trkpt lat="46.502479" lon="13.381595"/>
<trkpt lat="46.502447" lon="13.381685"/>
<trkpt lat="46.502418" lon="13.381814"/>
<trkpt lat="46.502386" lon="13.381963"/>
</trkseg>
<trkseg>
<trkpt lat="46.509193" lon="13.323584"/>
<trkpt lat="46.509176" lon="13.323637"/>
<trkpt lat="46.509168" lon="13.323689"/>
<trkpt lat="46.509164" lon="13.323741"/>
<trkpt lat="46.509250" lon="13.324439"/>
</trkseg>
<trkseg>
<trkpt lat="46.397891" lon="13.281613"/>
<trkpt lat="46.398332" lon="13.282420"/>
</trkseg>
<trkseg>
<trkpt lat="46.448214" lon="13.318467"/>
<trkpt lat="46.448422" lon="13.318499"/>
<trkpt lat="46.448651" lon="13.318511"/>
<trkpt lat="46.448845" lon="13.318509"/>
<trkpt lat="46.449132" lon="13.318471"/>
<trkpt lat="46.449343" lon="13.318424"/>
</trkseg>
<trkseg>
<trkpt lat="46.435729" lon="13.313213"/>
<trkpt lat="46.435784" lon="13.313182"/>
</trkseg>
<trkseg>
<trkpt lat="46.435784" lon="13.313182"/>
<trkpt lat="46.436086" lon="13.313008"/>
<trkpt lat="46.436780" lon="13.312605"/>
</trkseg>
<trkseg>
<trkpt lat="46.434362" lon="13.313953"/>
<trkpt lat="46.435066" lon="13.313589"/>
</trkseg>
<trkseg>
<trkpt lat="46.433512" lon="13.314431"/>
<trkpt lat="46.434362" lon="13.313953"/>
</trkseg>
<trkseg>
<trkpt lat="46.432688" lon="13.314890"/>
<trkpt lat="46.433512" lon="13.314431"/>
</trkseg>
<trkseg>
<trkpt lat="46.432122" lon="13.315212"/>
<trkpt lat="46.432441" lon="13.315028"/>
<trkpt lat="46.432688" lon="13.314890"/>
</trkseg>
<trkseg>
<trkpt lat="46.430381" lon="13.316202"/>
<trkpt lat="46.430632" lon="13.316044"/>
<trkpt lat="46.430884" lon="13.315902"/>
<trkpt lat="46.431205" lon="13.315723"/>
</trkseg>
<trkseg>
<trkpt lat="46.428611" lon="13.317233"/>
<trkpt lat="46.429170" lon="13.316911"/>
<trkpt lat="46.429673" lon="13.316625"/>
<trkpt lat="46.430381" lon="13.316202"/>
</trkseg>
<trkseg>
<trkpt lat="46.424721" lon="13.319364"/>
<trkpt lat="46.424776" lon="13.319347"/>
<trkpt lat="46.425160" lon="13.319155"/>
<trkpt lat="46.425488" lon="13.319012"/>
<trkpt lat="46.425824" lon="13.318834"/>
<trkpt lat="46.425906" lon="13.318794"/>
</trkseg>
<trkseg>
<trkpt lat="46.423978" lon="13.319676"/>
<trkpt lat="46.424721" lon="13.319364"/>
</trkseg>
<trkseg>
<trkpt lat="46.423306" lon="13.319947"/>
<trkpt lat="46.423547" lon="13.319850"/>
<trkpt lat="46.423696" lon="13.319786"/>
<trkpt lat="46.423978" lon="13.319676"/>
</trkseg>
<trkseg>
<trkpt lat="46.422124" lon="13.320456"/>
<trkpt lat="46.423306" lon="13.319947"/>
</trkseg>
<trkseg>
<trkpt lat="46.419759" lon="13.320189"/>
<trkpt lat="46.419951" lon="13.320308"/>
<trkpt lat="46.420042" lon="13.320359"/>
<trkpt lat="46.420121" lon="13.320394"/>
<trkpt lat="46.420267" lon="13.320458"/>
<trkpt lat="46.420481" lon="13.320538"/>
<trkpt lat="46.420610" lon="13.320576"/>
<trkpt lat="46.420745" lon="13.320612"/>
<trkpt lat="46.420820" lon="13.320626"/>
<trkpt lat="46.420898" lon="13.320639"/>
<trkpt lat="46.421005" lon="13.320651"/>
<trkpt lat="46.421191" lon="13.320655"/>
<trkpt lat="46.421452" lon="13.320644"/>
<trkpt lat="46.421560" lon="13.320631"/>
<trkpt lat="46.421615" lon="13.320623"/>
<trkpt lat="46.421773" lon="13.320578"/>
<trkpt lat="46.421879" lon="13.320546"/>
<trkpt lat="46.421968" lon="13.320514"/>
<trkpt lat="46.422124" lon="13.320456"/>
</trkseg>
<trkseg>
<trkpt lat="46.419413" lon="13.319877"/>
<trkpt lat="46.419583" lon="13.320045"/>
<trkpt lat="46.419759" lon="13.320189"/>
</trkseg>
<trkseg>
<trkpt lat="46.416796" lon="13.317023"/>
<trkpt lat="46.417293" lon="13.317484"/>
<trkpt lat="46.417721" lon="13.317936"/>
<trkpt lat="46.418014" lon="13.318290"/>
<trkpt lat="46.418352" lon="13.318673"/>
<trkpt lat="46.418703" lon="13.319095"/>
<trkpt lat="46.419073" lon="13.319501"/>
</trkseg>
<trkseg>
<trkpt lat="46.506794" lon="13.306965"/>
<trkpt lat="46.506819" lon="13.307006"/>
<trkpt lat="46.506836" lon="13.307048"/>
<trkpt lat="46.506882" lon="13.307133"/>
<trkpt lat="46.506952" lon="13.307257"/>
<trkpt lat="46.507006" lon="13.307340"/>
<trkpt lat="46.507018" lon="13.307360"/>
<trkpt lat="46.507090" lon="13.307480"/>
<trkpt lat="46.507154" lon="13.307621"/>
<trkpt lat="46.507207" lon="13.307803"/>
<trkpt lat="46.507242" lon="13.307909"/>
<trkpt lat="46.507345" lon="13.308189"/>
<trkpt lat="46.507507" lon="13.308551"/>
<trkpt lat="46.507654" lon="13.308893"/>
<trkpt lat="46.507727" lon="13.309061"/>
<trkpt lat="46.507755" lon="13.309164"/>
<trkpt lat="46.507774" lon="13.309276"/>
<trkpt lat="46.507809" lon="13.309533"/>
<trkpt lat="46.507836" lon="13.309878"/>
<trkpt lat="46.507844" lon="13.309965"/>
<trkpt lat="46.507880" lon="13.310373"/>
<trkpt lat="46.507894" lon="13.310487"/>
<trkpt lat="46.507917" lon="13.310740"/>
</trkseg>
<trkseg>
<trkpt lat="46.334581" lon="13.139932"/>
<trkpt lat="46.334498" lon="13.139904"/>
<trkpt lat="46.334241" lon="13.139770"/>
<trkpt lat="46.334061" lon="13.139689"/>
<trkpt lat="46.333775" lon="13.139509"/>
</trkseg>
<trkseg>
<trkpt lat="46.506078" lon="13.305667"/>
<trkpt lat="46.506274" lon="13.305917"/>
</trkseg>
<trkseg>
<trkpt lat="46.506274" lon="13.305917"/>
<trkpt lat="46.506519" lon="13.306202"/>
<trkpt lat="46.506550" lon="13.306254"/>
<trkpt lat="46.506586" lon="13.306337"/>
<trkpt lat="46.506627" lon="13.306456"/>
<trkpt lat="46.506670" lon="13.306588"/>
<trkpt lat="46.506760" lon="13.306848"/>
<trkpt lat="46.506794" lon="13.306965"/>
</trkseg>
<trkseg>
<trkpt lat="46.505663" lon="13.572499"/>
<trkpt lat="46.505759" lon="13.572371"/>
<trkpt lat="46.505834" lon="13.572283"/>
<trkpt lat="46.505956" lon="13.572131"/>
<trkpt lat="46.506080" lon="13.571976"/>
<trkpt lat="46.506204" lon="13.571819"/>
<trkpt lat="46.506354" lon="13.571625"/>
<trkpt lat="46.506402" lon="13.571542"/>
<trkpt lat="46.506461" lon="13.571438"/>
<trkpt lat="46.506567" lon="13.571251"/>
<trkpt lat="46.506669" lon="13.571027"/>
<trkpt lat="46.506750" lon="13.570796"/>
<trkpt lat="46.506825" lon="13.570555"/>
<trkpt lat="46.506882" lon="13.570327"/>
<trkpt lat="46.506937" lon="13.570072"/>
<trkpt lat="46.506999" lon="13.569826"/>
<trkpt lat="46.507053" lon="13.569592"/>
<trkpt lat="46.507108" lon="13.569340"/>
<trkpt lat="46.507161" lon="13.569109"/>
<trkpt lat="46.507219" lon="13.568868"/>
<trkpt lat="46.507274" lon="13.568620"/>
<trkpt lat="46.507335" lon="13.568366"/>
<trkpt lat="46.507384" lon="13.568146"/>
<trkpt lat="46.507462" lon="13.567806"/>
<trkpt lat="46.507495" lon="13.567671"/>
<trkpt lat="46.507534" lon="13.567516"/>
<trkpt lat="46.507559" lon="13.567386"/>
<trkpt lat="46.507591" lon="13.567262"/>
<trkpt lat="46.507621" lon="13.567124"/>
<trkpt lat="46.507679" lon="13.566875"/>
<trkpt lat="46.507715" lon="13.566637"/>
<trkpt lat="46.507752" lon="13.566340"/>
<trkpt lat="46.507767" lon="13.566120"/>
<trkpt lat="46.507776" lon="13.565873"/>
<trkpt lat="46.507778" lon="13.565595"/>
<trkpt lat="46.507776" lon="13.565359"/>
<trkpt lat="46.507774" lon="13.565083"/>
<trkpt lat="46.507782" lon="13.564825"/>
<trkpt lat="46.507801" lon="13.564590"/>
<trkpt lat="46.507832" lon="13.564331"/>
<trkpt lat="46.507875" lon="13.564108"/>
<trkpt lat="46.507935" lon="13.563863"/>
<trkpt lat="46.507977" lon="13.563730"/>
<trkpt lat="46.508015" lon="13.563617"/>
<trkpt lat="46.508057" lon="13.563503"/>
<trkpt lat="46.508136" lon="13.563295"/>
<trkpt lat="46.508238" lon="13.563044"/>
<trkpt lat="46.508319" lon="13.562850"/>
<trkpt lat="46.508413" lon="13.562601"/>
<trkpt lat="46.508466" lon="13.562454"/>
<trkpt lat="46.508508" lon="13.562306"/>
<trkpt lat="46.508558" lon="13.562108"/>
<trkpt lat="46.508603" lon="13.561908"/>
<trkpt lat="46.508648" lon="13.561681"/>
<trkpt lat="46.508744" lon="13.561201"/>
<trkpt lat="46.508790" lon="13.560975"/>
<trkpt lat="46.508841" lon="13.560727"/>
<trkpt lat="46.508884" lon="13.560502"/>
<trkpt lat="46.508893" lon="13.560461"/>
</trkseg>
<trkseg>
<trkpt lat="46.508708" lon="13.534492"/>
<trkpt lat="46.508758" lon="13.534539"/>
<trkpt lat="46.508777" lon="13.534549"/>
<trkpt lat="46.508803" lon="13.534569"/>
<trkpt lat="46.508844" lon="13.534611"/>
<trkpt lat="46.508888" lon="13.534681"/>
<trkpt lat="46.508966" lon="13.534840"/>
<trkpt lat="46.509036" lon="13.534996"/>
<trkpt lat="46.509167" lon="13.535337"/>
<trkpt lat="46.509273" lon="13.535693"/>
<trkpt lat="46.509363" lon="13.536099"/>
<trkpt lat="46.509461" lon="13.536637"/>
<trkpt lat="46.509667" lon="13.537731"/>
<trkpt lat="46.509905" lon="13.539032"/>
<trkpt lat="46.510152" lon="13.540360"/>
<trkpt lat="46.510346" lon="13.541379"/>
<trkpt lat="46.510551" lon="13.542438"/>
<trkpt lat="46.510619" lon="13.542825"/>
<trkpt lat="46.510636" lon="13.542964"/>
<trkpt lat="46.510660" lon="13.543176"/>
<trkpt lat="46.510678" lon="13.543423"/>
<trkpt lat="46.510689" lon="13.543704"/>
<trkpt lat="46.510678" lon="13.544370"/>
<trkpt lat="46.510640" lon="13.545231"/>
<trkpt lat="46.510625" lon="13.545507"/>
</trkseg>
<trkseg>
<trkpt lat="46.386758" lon="13.158216"/>
<trkpt lat="46.386756" lon="13.158270"/>
<trkpt lat="46.386750" lon="13.158758"/>
<trkpt lat="46.386749" lon="13.158782"/>
</trkseg>
<trkseg>
<trkpt lat="46.395275" lon="13.208616"/>
<trkpt lat="46.395334" lon="13.207009"/>
</trkseg>
<trkseg>
<trkpt lat="46.395269" lon="13.208837"/>
<trkpt lat="46.395265" lon="13.208999"/>
</trkseg>
<trkseg>
<trkpt lat="46.395117" lon="13.210838"/>
<trkpt lat="46.395143" lon="13.210641"/>
<trkpt lat="46.395265" lon="13.208999"/>
</trkseg>
<trkseg>
<trkpt lat="46.511738" lon="13.343483"/>
<trkpt lat="46.511733" lon="13.343618"/>
<trkpt lat="46.511729" lon="13.343726"/>
<trkpt lat="46.511710" lon="13.344258"/>
<trkpt lat="46.511682" lon="13.345367"/>
<trkpt lat="46.511542" lon="13.346674"/>
<trkpt lat="46.511433" lon="13.347483"/>
<trkpt lat="46.511344" lon="13.348135"/>
<trkpt lat="46.511226" lon="13.348938"/>
<trkpt lat="46.511080" lon="13.349823"/>
</trkseg>
<trkseg>
<trkpt lat="46.507847" lon="13.363120"/>
<trkpt lat="46.507746" lon="13.363299"/>
<trkpt lat="46.507618" lon="13.363501"/>
</trkseg>
<trkseg>
<trkpt lat="46.507618" lon="13.363501"/>
<trkpt lat="46.507473" lon="13.363682"/>
<trkpt lat="46.507263" lon="13.363893"/>
<trkpt lat="46.506918" lon="13.364204"/>
<trkpt lat="46.506723" lon="13.364387"/>
<trkpt lat="46.506532" lon="13.364580"/>
<trkpt lat="46.506452" lon="13.364672"/>
<trkpt lat="46.506355" lon="13.364798"/>
<trkpt lat="46.506229" lon="13.364961"/>
<trkpt lat="46.506116" lon="13.365192"/>
<trkpt lat="46.505974" lon="13.365503"/>
<trkpt lat="46.505884" lon="13.365802"/>
<trkpt lat="46.505374" lon="13.367609"/>
<trkpt lat="46.505299" lon="13.367928"/>
<trkpt lat="46.505213" lon="13.368226"/>
<trkpt lat="46.505113" lon="13.368594"/>
<trkpt lat="46.505099" lon="13.368625"/>
<trkpt lat="46.505013" lon="13.368819"/>
<trkpt lat="46.504892" lon="13.369080"/>
<trkpt lat="46.504777" lon="13.369364"/>
<trkpt lat="46.504693" lon="13.369685"/>
<trkpt lat="46.504619" lon="13.370009"/>
<trkpt lat="46.504536" lon="13.370440"/>
<trkpt lat="46.504458" lon="13.370878"/>
<trkpt lat="46.504385" lon="13.371304"/>
<trkpt lat="46.504292" lon="13.371738"/>
<trkpt lat="46.504206" lon="13.372231"/>
<trkpt lat="46.504160" lon="13.372608"/>
<trkpt lat="46.504103" lon="13.373105"/>
<trkpt lat="46.504063" lon="13.373610"/>
<trkpt lat="46.504016" lon="13.374138"/>
<trkpt lat="46.504000" lon="13.374670"/>
<trkpt lat="46.503992" lon="13.375034"/>
<trkpt lat="46.504000" lon="13.375398"/>
<trkpt lat="46.504027" lon="13.375675"/>
<trkpt lat="46.504036" lon="13.375770"/>
<trkpt lat="46.504040" lon="13.376144"/>
<trkpt lat="46.503995" lon="13.377092"/>
<trkpt lat="46.503940" lon="13.377930"/>
<trkpt lat="46.503899" lon="13.378370"/>
<trkpt lat="46.503866" lon="13.378595"/>
<trkpt lat="46.503825" lon="13.378823"/>
<trkpt lat="46.503756" lon="13.379099"/>
<trkpt lat="46.503722" lon="13.379208"/>
<trkpt lat="46.503691" lon="13.379290"/>
<trkpt lat="46.503669" lon="13.379334"/>
</trkseg>
<trkseg>
<trkpt lat="46.502310" lon="13.434958"/>
<trkpt lat="46.502343" lon="13.435111"/>
<trkpt lat="46.502521" lon="13.435788"/>
<trkpt lat="46.502656" lon="13.436313"/>
<trkpt lat="46.502719" lon="13.436568"/>
<trkpt lat="46.502766" lon="13.436760"/>
<trkpt lat="46.502816" lon="13.436987"/>
<trkpt lat="46.502843" lon="13.437115"/>
<trkpt lat="46.502884" lon="13.437283"/>
</trkseg>
<trkseg>
<trkpt lat="46.377219" lon="13.135153"/>
<trkpt lat="46.377276" lon="13.135031"/>
<trkpt lat="46.377326" lon="13.134879"/>
<trkpt lat="46.377530" lon="13.134120"/>
<trkpt lat="46.377582" lon="13.134048"/>
<trkpt lat="46.377671" lon="13.134030"/>
<trkpt lat="46.379078" lon="13.134383"/>
<trkpt lat="46.379194" lon="13.134426"/>
<trkpt lat="46.379273" lon="13.134487"/>
<trkpt lat="46.379322" lon="13.134541"/>
<trkpt lat="46.379372" lon="13.134629"/>
<trkpt lat="46.379400" lon="13.134718"/>
<trkpt lat="46.379415" lon="13.134820"/>
<trkpt lat="46.379402" lon="13.134962"/>
<trkpt lat="46.379309" lon="13.135368"/>
<trkpt lat="46.379231" lon="13.135676"/>
<trkpt lat="46.379221" lon="13.135712"/>
<trkpt lat="46.379203" lon="13.135759"/>
<trkpt lat="46.379183" lon="13.135785"/>
</trkseg>
<trkseg>
<trkpt lat="46.375043" lon="13.135170"/>
<trkpt lat="46.375479" lon="13.135248"/>
</trkseg>
<trkseg>
<trkpt lat="46.508713" lon="13.360372"/>
<trkpt lat="46.508569" lon="13.360880"/>
</trkseg>
<trkseg>
<trkpt lat="46.508569" lon="13.360880"/>
<trkpt lat="46.508358" lon="13.361548"/>
<trkpt lat="46.508096" lon="13.362417"/>
<trkpt lat="46.507967" lon="13.362772"/>
<trkpt lat="46.507847" lon="13.363120"/>
</trkseg>
<trkseg>
<trkpt lat="46.508708" lon="13.534492"/>
<trkpt lat="46.508705" lon="13.534456"/>
<trkpt lat="46.508705" lon="13.534297"/>
</trkseg>
<trkseg>
<trkpt lat="46.393082" lon="13.241842"/>
<trkpt lat="46.393036" lon="13.241670"/>
</trkseg>
<trkseg>
<trkpt lat="46.393144" lon="13.227318"/>
<trkpt lat="46.393485" lon="13.221909"/>
<trkpt lat="46.393512" lon="13.221614"/>
<trkpt lat="46.393541" lon="13.221349"/>
</trkseg>
<trkseg>
<trkpt lat="46.397138" lon="13.280331"/>
<trkpt lat="46.397368" lon="13.280675"/>
<trkpt lat="46.397584" lon="13.281056"/>
<trkpt lat="46.397726" lon="13.281312"/>
<trkpt lat="46.397891" lon="13.281613"/>
</trkseg>
<trkseg>
<trkpt lat="46.393036" lon="13.241670"/>
<trkpt lat="46.392930" lon="13.241234"/>
<trkpt lat="46.392851" lon="13.240807"/>
<trkpt lat="46.392782" lon="13.240429"/>
<trkpt lat="46.392742" lon="13.240051"/>
<trkpt lat="46.392703" lon="13.239712"/>
<trkpt lat="46.392680" lon="13.239339"/>
<trkpt lat="46.392671" lon="13.238665"/>
</trkseg>
<trkseg>
<trkpt lat="46.394157" lon="13.259734"/>
<trkpt lat="46.394123" lon="13.259635"/>
</trkseg>
<trkseg>
<trkpt lat="46.394123" lon="13.259635"/>
<trkpt lat="46.393958" lon="13.259135"/>
</trkseg>
<trkseg>
<trkpt lat="46.395894" lon="13.277297"/>
<trkpt lat="46.395974" lon="13.277591"/>
</trkseg>
<trkseg>
<trkpt lat="46.395663" lon="13.273609"/>
<trkpt lat="46.395626" lon="13.273799"/>
<trkpt lat="46.395593" lon="13.273992"/>
<trkpt lat="46.395556" lon="13.274228"/>
<trkpt lat="46.395545" lon="13.274368"/>
<trkpt lat="46.395527" lon="13.274652"/>
<trkpt lat="46.395525" lon="13.274867"/>
<trkpt lat="46.395529" lon="13.275235"/>
<trkpt lat="46.395531" lon="13.275575"/>
<trkpt lat="46.395544" lon="13.275861"/>
<trkpt lat="46.395578" lon="13.276026"/>
</trkseg>
<trkseg>
<trkpt lat="46.396620" lon="13.269428"/>
<trkpt lat="46.396200" lon="13.266867"/>
</trkseg>
<trkseg>
<trkpt lat="46.396637" lon="13.269527"/>
<trkpt lat="46.396620" lon="13.269428"/>
</trkseg>
<trkseg>
<trkpt lat="46.395974" lon="13.277591"/>
<trkpt lat="46.396222" lon="13.278528"/>
<trkpt lat="46.396324" lon="13.278845"/>
<trkpt lat="46.396392" lon="13.279030"/>
</trkseg>
<trkseg>
<trkpt lat="46.393813" lon="13.255534"/>
<trkpt lat="46.393891" lon="13.255168"/>
</trkseg>
<trkseg>
<trkpt lat="46.394533" lon="13.247426"/>
<trkpt lat="46.394533" lon="13.247242"/>
</trkseg>
<trkseg>
<trkpt lat="46.396637" lon="13.269527"/>
<trkpt lat="46.396655" lon="13.269776"/>
<trkpt lat="46.396661" lon="13.269966"/>
<trkpt lat="46.396646" lon="13.270262"/>
<trkpt lat="46.396600" lon="13.270799"/>
<trkpt lat="46.396551" lon="13.271054"/>
</trkseg>
<trkseg>
<trkpt lat="46.392846" lon="13.232094"/>
<trkpt lat="46.393139" lon="13.227402"/>
</trkseg>
<trkseg>
<trkpt lat="46.393958" lon="13.259135"/>
<trkpt lat="46.393921" lon="13.259018"/>
</trkseg>
<trkseg>
<trkpt lat="46.395578" lon="13.276026"/>
<trkpt lat="46.395612" lon="13.276211"/>
<trkpt lat="46.395661" lon="13.276426"/>
<trkpt lat="46.395894" lon="13.277297"/>
</trkseg>
<trkseg>
<trkpt lat="46.392729" lon="13.234217"/>
<trkpt lat="46.392755" lon="13.233704"/>
<trkpt lat="46.392784" lon="13.233203"/>
<trkpt lat="46.392821" lon="13.232600"/>
<trkpt lat="46.392846" lon="13.232094"/>
</trkseg>
<trkseg>
<trkpt lat="46.393891" lon="13.255168"/>
<trkpt lat="46.394009" lon="13.254750"/>
<trkpt lat="46.394204" lon="13.254093"/>
<trkpt lat="46.394368" lon="13.253327"/>
<trkpt lat="46.394445" lon="13.252857"/>
<trkpt lat="46.394503" lon="13.252283"/>
<trkpt lat="46.394516" lon="13.251729"/>
<trkpt lat="46.394522" lon="13.249617"/>
<trkpt lat="46.394534" lon="13.248355"/>
<trkpt lat="46.394533" lon="13.247426"/>
</trkseg>
<trkseg>
<trkpt lat="46.394533" lon="13.247242"/>
<trkpt lat="46.394533" lon="13.246544"/>
<trkpt lat="46.394514" lon="13.246104"/>
<trkpt lat="46.394424" lon="13.245518"/>
<trkpt lat="46.394326" lon="13.245061"/>
<trkpt lat="46.394126" lon="13.244484"/>
<trkpt lat="46.393764" lon="13.243653"/>
<trkpt lat="46.393597" lon="13.243284"/>
<trkpt lat="46.393434" lon="13.242904"/>
<trkpt lat="46.393294" lon="13.242539"/>
<trkpt lat="46.393176" lon="13.242175"/>
<trkpt lat="46.393082" lon="13.241842"/>
</trkseg>
<trkseg>
<trkpt lat="46.396392" lon="13.279030"/>
<trkpt lat="46.396547" lon="13.279362"/>
<trkpt lat="46.396671" lon="13.279600"/>
<trkpt lat="46.396975" lon="13.280097"/>
<trkpt lat="46.397138" lon="13.280331"/>
</trkseg>
<trkseg>
<trkpt lat="46.393139" lon="13.227402"/>
<trkpt lat="46.393144" lon="13.227318"/>
</trkseg>
<trkseg>
<trkpt lat="46.393921" lon="13.259018"/>
<trkpt lat="46.393831" lon="13.258636"/>
<trkpt lat="46.393742" lon="13.258126"/>
<trkpt lat="46.393682" lon="13.257633"/>
<trkpt lat="46.393658" lon="13.257087"/>
<trkpt lat="46.393684" lon="13.256502"/>
<trkpt lat="46.393743" lon="13.255958"/>
<trkpt lat="46.393813" lon="13.255534"/>
</trkseg>
<trkseg>
<trkpt lat="46.335287" lon="13.140114"/>
<trkpt lat="46.335504" lon="13.140143"/>
</trkseg>
<trkseg>
<trkpt lat="46.336385" lon="13.140298"/>
<trkpt lat="46.336437" lon="13.140298"/>
</trkseg>
<trkseg>
<trkpt lat="46.476521" lon="13.293954"/>
<trkpt lat="46.476487" lon="13.293928"/>
<trkpt lat="46.476300" lon="13.293787"/>
</trkseg>
<trkseg>
<trkpt lat="46.476300" lon="13.293787"/>
<trkpt lat="46.475771" lon="13.293432"/>
</trkseg>
<trkseg>
<trkpt lat="46.476521" lon="13.293954"/>
<trkpt lat="46.476561" lon="13.293981"/>
<trkpt lat="46.476606" lon="13.294013"/>
<trkpt lat="46.476956" lon="13.294293"/>
</trkseg>
<trkseg>
<trkpt lat="46.475592" lon="13.293308"/>
<trkpt lat="46.474451" lon="13.292527"/>
</trkseg>
<trkseg>
<trkpt lat="46.475771" lon="13.293432"/>
<trkpt lat="46.475721" lon="13.293397"/>
</trkseg>
<trkseg>
<trkpt lat="46.401060" lon="13.285815"/>
<trkpt lat="46.401153" lon="13.285986"/>
</trkseg>
<trkseg>
<trkpt lat="46.438975" lon="13.311375"/>
<trkpt lat="46.439082" lon="13.311361"/>
<trkpt lat="46.439230" lon="13.311355"/>
<trkpt lat="46.439559" lon="13.311373"/>
<trkpt lat="46.439889" lon="13.311450"/>
<trkpt lat="46.440261" lon="13.311620"/>
<trkpt lat="46.440758" lon="13.312017"/>
<trkpt lat="46.440936" lon="13.312209"/>
<trkpt lat="46.441148" lon="13.312435"/>
<trkpt lat="46.441855" lon="13.313242"/>
<trkpt lat="46.442198" lon="13.313688"/>
<trkpt lat="46.442424" lon="13.313966"/>
<trkpt lat="46.442563" lon="13.314138"/>
<trkpt lat="46.443138" lon="13.314817"/>
</trkseg>
<trkseg>
<trkpt lat="46.431464" lon="13.315591"/>
<trkpt lat="46.432122" lon="13.315212"/>
</trkseg>
<trkseg>
<trkpt lat="46.453551" lon="13.315809"/>
<trkpt lat="46.454247" lon="13.314738"/>
<trkpt lat="46.454626" lon="13.314142"/>
<trkpt lat="46.455164" lon="13.313322"/>
<trkpt lat="46.455383" lon="13.313020"/>
</trkseg>
<trkseg>
<trkpt lat="46.437831" lon="13.311926"/>
<trkpt lat="46.437944" lon="13.311842"/>
<trkpt lat="46.438044" lon="13.311775"/>
<trkpt lat="46.438249" lon="13.311637"/>
<trkpt lat="46.438441" lon="13.311536"/>
<trkpt lat="46.438654" lon="13.311447"/>
<trkpt lat="46.438812" lon="13.311402"/>
<trkpt lat="46.438975" lon="13.311375"/>
</trkseg>
<trkseg>
<trkpt lat="46.399093" lon="13.283211"/>
<trkpt lat="46.399236" lon="13.283343"/>
<trkpt lat="46.399454" lon="13.283494"/>
<trkpt lat="46.399755" lon="13.283750"/>
<trkpt lat="46.400123" lon="13.284166"/>
<trkpt lat="46.400397" lon="13.284611"/>
<trkpt lat="46.400644" lon="13.285035"/>
<trkpt lat="46.401044" lon="13.285785"/>
<trkpt lat="46.401060" lon="13.285815"/>
</trkseg>
<trkseg>
<trkpt lat="46.408557" lon="13.309233"/>
<trkpt lat="46.408660" lon="13.309385"/>
<trkpt lat="46.408790" lon="13.309519"/>
<trkpt lat="46.408938" lon="13.309733"/>
<trkpt lat="46.409455" lon="13.310494"/>
</trkseg>
<trkseg>
<trkpt lat="46.431205" lon="13.315723"/>
<trkpt lat="46.431464" lon="13.315591"/>
</trkseg>
<trkseg>
<trkpt lat="46.406992" lon="13.302627"/>
<trkpt lat="46.407083" lon="13.302922"/>
<trkpt lat="46.407198" lon="13.303222"/>
<trkpt lat="46.407432" lon="13.303829"/>
</trkseg>
<trkseg>
<trkpt lat="46.453296" lon="13.316159"/>
<trkpt lat="46.453551" lon="13.315809"/>
</trkseg>
<trkseg>
<trkpt lat="46.398332" lon="13.282420"/>
<trkpt lat="46.398630" lon="13.282823"/>
<trkpt lat="46.398842" lon="13.283018"/>
<trkpt lat="46.399093" lon="13.283211"/>
</trkseg>
<trkseg>
<trkpt lat="46.436780" lon="13.312605"/>
<trkpt lat="46.437090" lon="13.312442"/>
<trkpt lat="46.437545" lon="13.312156"/>
<trkpt lat="46.437831" lon="13.311926"/>
</trkseg>
<trkseg>
<trkpt lat="46.406937" lon="13.302447"/>
<trkpt lat="46.406992" lon="13.302627"/>
</trkseg>
<trkseg>
<trkpt lat="46.427818" lon="13.317685"/>
<trkpt lat="46.428128" lon="13.317507"/>
<trkpt lat="46.428611" lon="13.317233"/>
</trkseg>
<trkseg>
<trkpt lat="46.409523" lon="13.310590"/>
<trkpt lat="46.409755" lon="13.310915"/>
<trkpt lat="46.410090" lon="13.311421"/>
<trkpt lat="46.410257" lon="13.311650"/>
<trkpt lat="46.410554" lon="13.312081"/>
<trkpt lat="46.410763" lon="13.312382"/>
<trkpt lat="46.410976" lon="13.312691"/>
<trkpt lat="46.411096" lon="13.312851"/>
<trkpt lat="46.411220" lon="13.312993"/>
</trkseg>
<trkseg>
<trkpt lat="46.401153" lon="13.285986"/>
<trkpt lat="46.401173" lon="13.286023"/>
<trkpt lat="46.401465" lon="13.286558"/>
<trkpt lat="46.401576" lon="13.286734"/>
</trkseg>
<trkseg>
<trkpt lat="46.379365" lon="13.136085"/>
<trkpt lat="46.379237" lon="13.135908"/>
<trkpt lat="46.379183" lon="13.135785"/>
</trkseg>
<trkseg>
<trkpt lat="46.386758" lon="13.158216"/>
<trkpt lat="46.386755" lon="13.157138"/>
<trkpt lat="46.386786" lon="13.156688"/>
</trkseg>
<trkseg>
<trkpt lat="46.386759" lon="13.158950"/>
<trkpt lat="46.386794" lon="13.159134"/>
<trkpt lat="46.386859" lon="13.159425"/>
<trkpt lat="46.386964" lon="13.159781"/>
<trkpt lat="46.387205" lon="13.160401"/>
<trkpt lat="46.387636" lon="13.161043"/>
<trkpt lat="46.388277" lon="13.161793"/>
</trkseg>
<trkseg>
<trkpt lat="46.379476" lon="13.136260"/>
<trkpt lat="46.379365" lon="13.136085"/>
</trkseg>
<trkseg>
<trkpt lat="46.386749" lon="13.158782"/>
<trkpt lat="46.386759" lon="13.158950"/>
</trkseg>
<trkseg>
<trkpt lat="46.500089" lon="13.398061"/>
<trkpt lat="46.500072" lon="13.398763"/>
<trkpt lat="46.500099" lon="13.399201"/>
<trkpt lat="46.500107" lon="13.399285"/>
<trkpt lat="46.500209" lon="13.399732"/>
<trkpt lat="46.500287" lon="13.400003"/>
<trkpt lat="46.500446" lon="13.400434"/>
<trkpt lat="46.500624" lon="13.400821"/>
<trkpt lat="46.501073" lon="13.401661"/>
<trkpt lat="46.501355" lon="13.402352"/>
<trkpt lat="46.501492" lon="13.402967"/>
<trkpt lat="46.501539" lon="13.403497"/>
<trkpt lat="46.501493" lon="13.404083"/>
<trkpt lat="46.501415" lon="13.404592"/>
<trkpt lat="46.501275" lon="13.405087"/>
<trkpt lat="46.501073" lon="13.405585"/>
<trkpt lat="46.500638" lon="13.406543"/>
<trkpt lat="46.500418" lon="13.407227"/>
<trkpt lat="46.500296" lon="13.407851"/>
<trkpt lat="46.500264" lon="13.408620"/>
<trkpt lat="46.500296" lon="13.409222"/>
<trkpt lat="46.500411" lon="13.409821"/>
<trkpt lat="46.500577" lon="13.410543"/>
<trkpt lat="46.500678" lon="13.410978"/>
<trkpt lat="46.500834" lon="13.411615"/>
<trkpt lat="46.500906" lon="13.411933"/>
<trkpt lat="46.500949" lon="13.412187"/>
</trkseg>
<trkseg>
<trkpt lat="46.503412" lon="13.441900"/>
<trkpt lat="46.503427" lon="13.442054"/>
<trkpt lat="46.503578" lon="13.443665"/>
<trkpt lat="46.503647" lon="13.444130"/>
<trkpt lat="46.503803" lon="13.444992"/>
<trkpt lat="46.504009" lon="13.445862"/>
<trkpt lat="46.504198" lon="13.446634"/>
<trkpt lat="46.504344" lon="13.447288"/>
<trkpt lat="46.504476" lon="13.447823"/>
<trkpt lat="46.504523" lon="13.448012"/>
</trkseg>
<trkseg>
<trkpt lat="46.471429" lon="13.292683"/>
<trkpt lat="46.471753" lon="13.292602"/>
</trkseg>
<trkseg>
<trkpt lat="46.471273" lon="13.292725"/>
<trkpt lat="46.471429" lon="13.292683"/>
</trkseg>
<trkseg>
<trkpt lat="46.480030" lon="13.297148"/>
<trkpt lat="46.479872" lon="13.296975"/>
<trkpt lat="46.479725" lon="13.296805"/>
<trkpt lat="46.479584" lon="13.296657"/>
<trkpt lat="46.479033" lon="13.296153"/>
<trkpt lat="46.478316" lon="13.295487"/>
<trkpt lat="46.478230" lon="13.295405"/>
<trkpt lat="46.478109" lon="13.295293"/>
<trkpt lat="46.478067" lon="13.295262"/>
<trkpt lat="46.478034" lon="13.295245"/>
<trkpt lat="46.477991" lon="13.295226"/>
<trkpt lat="46.477952" lon="13.295199"/>
</trkseg>
<trkseg>
<trkpt lat="46.477136" lon="13.294458"/>
<trkpt lat="46.477351" lon="13.294655"/>
</trkseg>
<trkseg>
<trkpt lat="46.490199" lon="13.298263"/>
<trkpt lat="46.490392" lon="13.298282"/>
<trkpt lat="46.490577" lon="13.298326"/>
</trkseg>
<trkseg>
<trkpt lat="46.490577" lon="13.298326"/>
<trkpt lat="46.490843" lon="13.298415"/>
<trkpt lat="46.491191" lon="13.298580"/>
<trkpt lat="46.491465" lon="13.298722"/>
</trkseg>
<trkseg>
<trkpt lat="46.452227" lon="13.317079"/>
<trkpt lat="46.451814" lon="13.317315"/>
<trkpt lat="46.451206" lon="13.317630"/>
<trkpt lat="46.450094" lon="13.318215"/>
<trkpt lat="46.449679" lon="13.318347"/>
<trkpt lat="46.449549" lon="13.318385"/>
<trkpt lat="46.449343" lon="13.318424"/>
</trkseg>
<trkseg>
<trkpt lat="46.507917" lon="13.310740"/>
<trkpt lat="46.507924" lon="13.310804"/>
<trkpt lat="46.507973" lon="13.311290"/>
<trkpt lat="46.507993" lon="13.311491"/>
</trkseg>
<trkseg>
<trkpt lat="46.502144" lon="13.303871"/>
<trkpt lat="46.502274" lon="13.303973"/>
<trkpt lat="46.502340" lon="13.304023"/>
<trkpt lat="46.502571" lon="13.304151"/>
<trkpt lat="46.502837" lon="13.304254"/>
<trkpt lat="46.503029" lon="13.304294"/>
<trkpt lat="46.503175" lon="13.304303"/>
<trkpt lat="46.503349" lon="13.304295"/>
<trkpt lat="46.504188" lon="13.304189"/>
<trkpt lat="46.504337" lon="13.304186"/>
<trkpt lat="46.504411" lon="13.304191"/>
<trkpt lat="46.504455" lon="13.304197"/>
<trkpt lat="46.504495" lon="13.304203"/>
<trkpt lat="46.504608" lon="13.304225"/>
<trkpt lat="46.504759" lon="13.304266"/>
<trkpt lat="46.504899" lon="13.304323"/>
<trkpt lat="46.505043" lon="13.304402"/>
<trkpt lat="46.505154" lon="13.304488"/>
<trkpt lat="46.505294" lon="13.304607"/>
<trkpt lat="46.505441" lon="13.304773"/>
<trkpt lat="46.505519" lon="13.304884"/>
<trkpt lat="46.505589" lon="13.304985"/>
</trkseg>
<trkseg>
<trkpt lat="46.366552" lon="13.134705"/>
<trkpt lat="46.366587" lon="13.134669"/>
<trkpt lat="46.366625" lon="13.134634"/>
<trkpt lat="46.366666" lon="13.134563"/>
</trkseg>
<trkseg>
<trkpt lat="46.407513" lon="13.304032"/>
<trkpt lat="46.407574" lon="13.304231"/>
<trkpt lat="46.407658" lon="13.304464"/>
<trkpt lat="46.407715" lon="13.304666"/>
<trkpt lat="46.407792" lon="13.305034"/>
<trkpt lat="46.407873" lon="13.305623"/>
<trkpt lat="46.407911" lon="13.306097"/>
<trkpt lat="46.407992" lon="13.307298"/>
<trkpt lat="46.408030" lon="13.307587"/>
<trkpt lat="46.408102" lon="13.307970"/>
<trkpt lat="46.408245" lon="13.308456"/>
<trkpt lat="46.408304" lon="13.308649"/>
<trkpt lat="46.408481" lon="13.309072"/>
<trkpt lat="46.408557" lon="13.309233"/>
</trkseg>
<trkseg>
<trkpt lat="46.401651" lon="13.286850"/>
<trkpt lat="46.402592" lon="13.288220"/>
<trkpt lat="46.402645" lon="13.288298"/>
<trkpt lat="46.402829" lon="13.288569"/>
</trkseg>
<trkseg>
<trkpt lat="46.413410" lon="13.314241"/>
<trkpt lat="46.413559" lon="13.314277"/>
<trkpt lat="46.413781" lon="13.314358"/>
<trkpt lat="46.413896" lon="13.314400"/>
</trkseg>
<trkseg>
<trkpt lat="46.405737" lon="13.295438"/>
<trkpt lat="46.405750" lon="13.296236"/>
</trkseg>
<trkseg>
<trkpt lat="46.413202" lon="13.314181"/>
<trkpt lat="46.413410" lon="13.314241"/>
</trkseg>
<trkseg>
<trkpt lat="46.407432" lon="13.303829"/>
<trkpt lat="46.407513" lon="13.304032"/>
</trkseg>
<trkseg>
<trkpt lat="46.401576" lon="13.286734"/>
<trkpt lat="46.401651" lon="13.286850"/>
</trkseg>
<trkseg>
<trkpt lat="46.425906" lon="13.318794"/>
<trkpt lat="46.426073" lon="13.318704"/>
</trkseg>
<trkseg>
<trkpt lat="46.396551" lon="13.271054"/>
<trkpt lat="46.396502" lon="13.271274"/>
<trkpt lat="46.396464" lon="13.271437"/>
</trkseg>
<trkseg>
<trkpt lat="46.426073" lon="13.318704"/>
<trkpt lat="46.426416" lon="13.318509"/>
<trkpt lat="46.426768" lon="13.318300"/>
<trkpt lat="46.427327" lon="13.317985"/>
<trkpt lat="46.427818" lon="13.317685"/>
</trkseg>
<trkseg>
<trkpt lat="46.396464" lon="13.271437"/>
<trkpt lat="46.396366" lon="13.271757"/>
<trkpt lat="46.396122" lon="13.272381"/>
<trkpt lat="46.395926" lon="13.272890"/>
<trkpt lat="46.395789" lon="13.273213"/>
<trkpt lat="46.395663" lon="13.273609"/>
</trkseg>
<trkseg>
<trkpt lat="46.405750" lon="13.296236"/>
<trkpt lat="46.405759" lon="13.296466"/>
<trkpt lat="46.405792" lon="13.296932"/>
<trkpt lat="46.405908" lon="13.297663"/>
<trkpt lat="46.406332" lon="13.299510"/>
<trkpt lat="46.406560" lon="13.300475"/>
<trkpt lat="46.406678" lon="13.301094"/>
<trkpt lat="46.406804" lon="13.301811"/>
<trkpt lat="46.406864" lon="13.302138"/>
<trkpt lat="46.406937" lon="13.302447"/>
</trkseg>
<trkseg>
<trkpt lat="46.509250" lon="13.324439"/>
<trkpt lat="46.509302" lon="13.324910"/>
</trkseg>
<trkseg>
<trkpt lat="46.509302" lon="13.324910"/>
<trkpt lat="46.509306" lon="13.324950"/>
<trkpt lat="46.509332" lon="13.324994"/>
<trkpt lat="46.509426" lon="13.325112"/>
<trkpt lat="46.509473" lon="13.325168"/>
</trkseg>
<trkseg>
<trkpt lat="46.333775" lon="13.139509"/>
<trkpt lat="46.333706" lon="13.139421"/>
</trkseg>
<trkseg>
<trkpt lat="46.336155" lon="13.140245"/>
<trkpt lat="46.336261" lon="13.140271"/>
<trkpt lat="46.336385" lon="13.140298"/>
</trkseg>
<trkseg>
<trkpt lat="46.335745" lon="13.140170"/>
<trkpt lat="46.336155" lon="13.140245"/>
</trkseg>
<trkseg>
<trkpt lat="46.338029" lon="13.143067"/>
<trkpt lat="46.337963" lon="13.143061"/>
<trkpt lat="46.337926" lon="13.143053"/>
<trkpt lat="46.337891" lon="13.143038"/>
<trkpt lat="46.337848" lon="13.143006"/>
<trkpt lat="46.337789" lon="13.142957"/>
<trkpt lat="46.337717" lon="13.142887"/>
<trkpt lat="46.337662" lon="13.142831"/>
<trkpt lat="46.337593" lon="13.142742"/>
<trkpt lat="46.337522" lon="13.142675"/>
<trkpt lat="46.337456" lon="13.142584"/>
<trkpt lat="46.337371" lon="13.142450"/>
<trkpt lat="46.337299" lon="13.142300"/>
<trkpt lat="46.337204" lon="13.142078"/>
<trkpt lat="46.337144" lon="13.141951"/>
<trkpt lat="46.337125" lon="13.141909"/>
<trkpt lat="46.337088" lon="13.141828"/>
<trkpt lat="46.337052" lon="13.141765"/>
<trkpt lat="46.337008" lon="13.141712"/>
<trkpt lat="46.336953" lon="13.141670"/>
<trkpt lat="46.336910" lon="13.141645"/>
<trkpt lat="46.336775" lon="13.141564"/>
<trkpt lat="46.336732" lon="13.141542"/>
<trkpt lat="46.336328" lon="13.141371"/>
</trkseg>
<trkseg>
<trkpt lat="46.375043" lon="13.135170"/>
<trkpt lat="46.374901" lon="13.135130"/>
<trkpt lat="46.374690" lon="13.135070"/>
</trkseg>
<trkseg>
<trkpt lat="46.342252" lon="13.139714"/>
<trkpt lat="46.342186" lon="13.139884"/>
<trkpt lat="46.342027" lon="13.140158"/>
<trkpt lat="46.341755" lon="13.140501"/>
<trkpt lat="46.341572" lon="13.140714"/>
<trkpt lat="46.341363" lon="13.140888"/>
<trkpt lat="46.340919" lon="13.141205"/>
<trkpt lat="46.340818" lon="13.141257"/>
<trkpt lat="46.340202" lon="13.141291"/>
<trkpt lat="46.340009" lon="13.141389"/>
<trkpt lat="46.339903" lon="13.141537"/>
<trkpt lat="46.339829" lon="13.141728"/>
<trkpt lat="46.339774" lon="13.141946"/>
<trkpt lat="46.339683" lon="13.142167"/>
<trkpt lat="46.339661" lon="13.142224"/>
<trkpt lat="46.339650" lon="13.142282"/>
<trkpt lat="46.339655" lon="13.142391"/>
<trkpt lat="46.339669" lon="13.142488"/>
<trkpt lat="46.339685" lon="13.142691"/>
<trkpt lat="46.339684" lon="13.142786"/>
<trkpt lat="46.339677" lon="13.142856"/>
<trkpt lat="46.339661" lon="13.142917"/>
<trkpt lat="46.339636" lon="13.142979"/>
<trkpt lat="46.339612" lon="13.143029"/>
<trkpt lat="46.339579" lon="13.143082"/>
<trkpt lat="46.339547" lon="13.143123"/>
<trkpt lat="46.339514" lon="13.143159"/>
<trkpt lat="46.339471" lon="13.143196"/>
<trkpt lat="46.339424" lon="13.143214"/>
<trkpt lat="46.339391" lon="13.143222"/>
<trkpt lat="46.339355" lon="13.143222"/>
<trkpt lat="46.339314" lon="13.143212"/>
<trkpt lat="46.338940" lon="13.143102"/>
<trkpt lat="46.338762" lon="13.143046"/>
<trkpt lat="46.338623" lon="13.143005"/>
<trkpt lat="46.338520" lon="13.142972"/>
<trkpt lat="46.338487" lon="13.142966"/>
<trkpt lat="46.338455" lon="13.142970"/>
<trkpt lat="46.338426" lon="13.142983"/>
<trkpt lat="46.338404" lon="13.143000"/>
<trkpt lat="46.338367" lon="13.143020"/>
<trkpt lat="46.338324" lon="13.143040"/>
<trkpt lat="46.338282" lon="13.143051"/>
<trkpt lat="46.338169" lon="13.143049"/>
<trkpt lat="46.338029" lon="13.143067"/>
</trkseg>
<trkseg>
<trkpt lat="46.354718" lon="13.139176"/>
<trkpt lat="46.354216" lon="13.139350"/>
</trkseg>
<trkseg>
<trkpt lat="46.354033" lon="13.139401"/>
<trkpt lat="46.353874" lon="13.139458"/>
</trkseg>
<trkseg>
<trkpt lat="46.353874" lon="13.139458"/>
<trkpt lat="46.353300" lon="13.139672"/>
</trkseg>
<trkseg>
<trkpt lat="46.465504" lon="13.294827"/>
<trkpt lat="46.465763" lon="13.294475"/>
<trkpt lat="46.466018" lon="13.294129"/>
</trkseg>
<trkseg>
<trkpt lat="46.466326" lon="13.293760"/>
<trkpt lat="46.466483" lon="13.293604"/>
<trkpt lat="46.466656" lon="13.293458"/>
</trkseg>
<trkseg>
<trkpt lat="46.416284" lon="13.316517"/>
<trkpt lat="46.416796" lon="13.317023"/>
</trkseg>
<trkseg>
<trkpt lat="46.415758" lon="13.316011"/>
<trkpt lat="46.416284" lon="13.316517"/>
</trkseg>
<trkseg>
<trkpt lat="46.414138" lon="13.314518"/>
<trkpt lat="46.414379" lon="13.314684"/>
<trkpt lat="46.414577" lon="13.314865"/>
</trkseg>
<trkseg>
<trkpt lat="46.414577" lon="13.314865"/>
<trkpt lat="46.414718" lon="13.315036"/>
<trkpt lat="46.415163" lon="13.315471"/>
<trkpt lat="46.415758" lon="13.316011"/>
</trkseg>
<trkseg>
<trkpt lat="46.409455" lon="13.310494"/>
<trkpt lat="46.409523" lon="13.310590"/>
</trkseg>
<trkseg>
<trkpt lat="46.411220" lon="13.312993"/>
<trkpt lat="46.411333" lon="13.313111"/>
<trkpt lat="46.411465" lon="13.313242"/>
<trkpt lat="46.411686" lon="13.313436"/>
<trkpt lat="46.412046" lon="13.313707"/>
<trkpt lat="46.412379" lon="13.313899"/>
<trkpt lat="46.412584" lon="13.313985"/>
<trkpt lat="46.412883" lon="13.314090"/>
<trkpt lat="46.413202" lon="13.314181"/>
</trkseg>
<trkseg>
<trkpt lat="46.452227" lon="13.317079"/>
<trkpt lat="46.452430" lon="13.316966"/>
</trkseg>
<trkseg>
<trkpt lat="46.452430" lon="13.316966"/>
<trkpt lat="46.452658" lon="13.316797"/>
</trkseg>
<trkseg>
<trkpt lat="46.393974" lon="13.218368"/>
<trkpt lat="46.394090" lon="13.217576"/>
</trkseg>
<trkseg>
<trkpt lat="46.394090" lon="13.217576"/>
<trkpt lat="46.394156" lon="13.217131"/>
<trkpt lat="46.394176" lon="13.216997"/>
</trkseg>
<trkseg>
<trkpt lat="46.395597" lon="13.263681"/>
<trkpt lat="46.395554" lon="13.263519"/>
<trkpt lat="46.395486" lon="13.263269"/>
<trkpt lat="46.395288" lon="13.262598"/>
<trkpt lat="46.395041" lon="13.261942"/>
<trkpt lat="46.394157" lon="13.259734"/>
</trkseg>
<trkseg>
<trkpt lat="46.457984" lon="13.306726"/>
<trkpt lat="46.458590" lon="13.305540"/>
<trkpt lat="46.458708" lon="13.305289"/>
<trkpt lat="46.458841" lon="13.305069"/>
<trkpt lat="46.459111" lon="13.304699"/>
</trkseg>
<trkseg>
<trkpt lat="46.465196" lon="13.295183"/>
<trkpt lat="46.465232" lon="13.295137"/>
</trkseg>
<trkseg>
<trkpt lat="46.471753" lon="13.292602"/>
<trkpt lat="46.471922" lon="13.292562"/>
</trkseg>
<trkseg>
<trkpt lat="46.435066" lon="13.313589"/>
<trkpt lat="46.435729" lon="13.313213"/>
</trkseg>
<trkseg>
<trkpt lat="46.471922" lon="13.292562"/>
<trkpt lat="46.472035" lon="13.292529"/>
</trkseg>
<trkseg>
<trkpt lat="46.457671" lon="13.307320"/>
<trkpt lat="46.457984" lon="13.306726"/>
</trkseg>
<trkseg>
<trkpt lat="46.453157" lon="13.316320"/>
<trkpt lat="46.453296" lon="13.316159"/>
</trkseg>
<trkseg>
<trkpt lat="46.461367" lon="13.297883"/>
<trkpt lat="46.461720" lon="13.297390"/>
</trkseg>
<trkseg>
<trkpt lat="46.474293" lon="13.292439"/>
<trkpt lat="46.474363" lon="13.292479"/>
</trkseg>
<trkseg>
<trkpt lat="46.469872" lon="13.293012"/>
<trkpt lat="46.470286" lon="13.292973"/>
<trkpt lat="46.471273" lon="13.292725"/>
</trkseg>
<trkseg>
<trkpt lat="46.473881" lon="13.292280"/>
<trkpt lat="46.474037" lon="13.292330"/>
</trkseg>
<trkseg>
<trkpt lat="46.460645" lon="13.300574"/>
<trkpt lat="46.460667" lon="13.300326"/>
<trkpt lat="46.460697" lon="13.300001"/>
<trkpt lat="46.460720" lon="13.299734"/>
</trkseg>
<trkseg>
<trkpt lat="46.461720" lon="13.297390"/>
<trkpt lat="46.461844" lon="13.297226"/>
<trkpt lat="46.461978" lon="13.297084"/>
<trkpt lat="46.462136" lon="13.296935"/>
<trkpt lat="46.462317" lon="13.296779"/>
</trkseg>
<trkseg>
<trkpt lat="46.452658" lon="13.316797"/>
<trkpt lat="46.452870" lon="13.316622"/>
<trkpt lat="46.452984" lon="13.316503"/>
<trkpt lat="46.453157" lon="13.316320"/>
</trkseg>
<trkseg>
<trkpt lat="46.466656" lon="13.293458"/>
<trkpt lat="46.466919" lon="13.293386"/>
<trkpt lat="46.467153" lon="13.293347"/>
<trkpt lat="46.467380" lon="13.293302"/>
<trkpt lat="46.468002" lon="13.293195"/>
<trkpt lat="46.468594" lon="13.293120"/>
<trkpt lat="46.469872" lon="13.293012"/>
</trkseg>
<trkseg>
<trkpt lat="46.472035" lon="13.292529"/>
<trkpt lat="46.472710" lon="13.292349"/>
<trkpt lat="46.473107" lon="13.292280"/>
<trkpt lat="46.473566" lon="13.292264"/>
<trkpt lat="46.473881" lon="13.292280"/>
</trkseg>
<trkseg>
<trkpt lat="46.460720" lon="13.299734"/>
<trkpt lat="46.460785" lon="13.299456"/>
<trkpt lat="46.460855" lon="13.299160"/>
<trkpt lat="46.460963" lon="13.298798"/>
<trkpt lat="46.461115" lon="13.298398"/>
<trkpt lat="46.461367" lon="13.297883"/>
</trkseg>
<trkseg>
<trkpt lat="46.462317" lon="13.296779"/>
<trkpt lat="46.462821" lon="13.296552"/>
<trkpt lat="46.463277" lon="13.296319"/>
<trkpt lat="46.463884" lon="13.296024"/>
<trkpt lat="46.464343" lon="13.295786"/>
<trkpt lat="46.464715" lon="13.295588"/>
<trkpt lat="46.464961" lon="13.295421"/>
<trkpt lat="46.465196" lon="13.295183"/>
</trkseg>
<trkseg>
<trkpt lat="46.393596" lon="13.220895"/>
<trkpt lat="46.393622" lon="13.220682"/>
<trkpt lat="46.393644" lon="13.220510"/>
<trkpt lat="46.393861" lon="13.219069"/>
<trkpt lat="46.393943" lon="13.218558"/>
</trkseg>
<trkseg>
<trkpt lat="46.354718" lon="13.139176"/>
<trkpt lat="46.355014" lon="13.139008"/>
<trkpt lat="46.356109" lon="13.138484"/>
<trkpt lat="46.356692" lon="13.138205"/>
<trkpt lat="46.356913" lon="13.138103"/>
<trkpt lat="46.357035" lon="13.138048"/>
<trkpt lat="46.357412" lon="13.137861"/>
<trkpt lat="46.357879" lon="13.137648"/>
<trkpt lat="46.357979" lon="13.137603"/>
</trkseg>
<trkseg>
<trkpt lat="46.342252" lon="13.139714"/>
<trkpt lat="46.342757" lon="13.139693"/>
<trkpt lat="46.342887" lon="13.139691"/>
<trkpt lat="46.343412" lon="13.139670"/>
<trkpt lat="46.343639" lon="13.139683"/>
</trkseg>
<trkseg>
<trkpt lat="46.365797" lon="13.134678"/>
<trkpt lat="46.365927" lon="13.134659"/>
<trkpt lat="46.366115" lon="13.134649"/>
<trkpt lat="46.366313" lon="13.134661"/>
<trkpt lat="46.366438" lon="13.134671"/>
<trkpt lat="46.366552" lon="13.134705"/>
</trkseg>
<trkseg>
<trkpt lat="46.374690" lon="13.135070"/>
<trkpt lat="46.373784" lon="13.134874"/>
<trkpt lat="46.373423" lon="13.134799"/>
</trkseg>
<trkseg>
<trkpt lat="46.336328" lon="13.141371"/>
<trkpt lat="46.336352" lon="13.141125"/>
<trkpt lat="46.336399" lon="13.140689"/>
</trkseg>
<trkseg>
<trkpt lat="46.508437" lon="13.460335"/>
<trkpt lat="46.508474" lon="13.460614"/>
</trkseg>
<trkseg>
<trkpt lat="46.509479" lon="13.468264"/>
<trkpt lat="46.509664" lon="13.469745"/>
<trkpt lat="46.509715" lon="13.470163"/>
<trkpt lat="46.509753" lon="13.470452"/>
<trkpt lat="46.509782" lon="13.470755"/>
<trkpt lat="46.509798" lon="13.471128"/>
<trkpt lat="46.509804" lon="13.471303"/>
</trkseg>
<trkseg>
<trkpt lat="46.504523" lon="13.448012"/>
<trkpt lat="46.504555" lon="13.448146"/>
</trkseg>
<trkseg>
<trkpt lat="46.504555" lon="13.448146"/>
<trkpt lat="46.504807" lon="13.448995"/>
<trkpt lat="46.504948" lon="13.449422"/>
<trkpt lat="46.505010" lon="13.449617"/>
</trkseg>
<trkseg>
<trkpt lat="46.508705" lon="13.534297"/>
<trkpt lat="46.508708" lon="13.534248"/>
</trkseg>
<trkseg>
<trkpt lat="46.504814" lon="13.521236"/>
<trkpt lat="46.505046" lon="13.521976"/>
<trkpt lat="46.505324" lon="13.522791"/>
<trkpt lat="46.505531" lon="13.523530"/>
<trkpt lat="46.505618" lon="13.523887"/>
<trkpt lat="46.505663" lon="13.524169"/>
<trkpt lat="46.505674" lon="13.524429"/>
<trkpt lat="46.505671" lon="13.524837"/>
<trkpt lat="46.505662" lon="13.525395"/>
<trkpt lat="46.505663" lon="13.525581"/>
</trkseg>
<trkseg>
<trkpt lat="46.509939" lon="13.549478"/>
<trkpt lat="46.509934" lon="13.549562"/>
<trkpt lat="46.509930" lon="13.549627"/>
<trkpt lat="46.509929" lon="13.549640"/>
<trkpt lat="46.509915" lon="13.549837"/>
<trkpt lat="46.509898" lon="13.550053"/>
<trkpt lat="46.509889" lon="13.550184"/>
<trkpt lat="46.509883" lon="13.550268"/>
<trkpt lat="46.509872" lon="13.550478"/>
<trkpt lat="46.509857" lon="13.550698"/>
<trkpt lat="46.509844" lon="13.550931"/>
<trkpt lat="46.509830" lon="13.551168"/>
<trkpt lat="46.509815" lon="13.551407"/>
<trkpt lat="46.509803" lon="13.551645"/>
<trkpt lat="46.509785" lon="13.551885"/>
<trkpt lat="46.509770" lon="13.552128"/>
<trkpt lat="46.509750" lon="13.552375"/>
<trkpt lat="46.509735" lon="13.552628"/>
<trkpt lat="46.509717" lon="13.552877"/>
<trkpt lat="46.509697" lon="13.553132"/>
<trkpt lat="46.509682" lon="13.553378"/>
<trkpt lat="46.509667" lon="13.553623"/>
<trkpt lat="46.509647" lon="13.553870"/>
<trkpt lat="46.509621" lon="13.554121"/>
<trkpt lat="46.509604" lon="13.554371"/>
<trkpt lat="46.509587" lon="13.554615"/>
<trkpt lat="46.509570" lon="13.554859"/>
<trkpt lat="46.509553" lon="13.555091"/>
<trkpt lat="46.509545" lon="13.555141"/>
<trkpt lat="46.509534" lon="13.555184"/>
<trkpt lat="46.509518" lon="13.555230"/>
<trkpt lat="46.509512" lon="13.555245"/>
</trkseg>
<trkseg>
<trkpt lat="46.504667" lon="13.579288"/>
<trkpt lat="46.504611" lon="13.578936"/>
<trkpt lat="46.504594" lon="13.578794"/>
<trkpt lat="46.504587" lon="13.578703"/>
<trkpt lat="46.504576" lon="13.578591"/>
<trkpt lat="46.504575" lon="13.578414"/>
<trkpt lat="46.504583" lon="13.578159"/>
<trkpt lat="46.504594" lon="13.577905"/>
<trkpt lat="46.504602" lon="13.577768"/>
<trkpt lat="46.504609" lon="13.577660"/>
<trkpt lat="46.504642" lon="13.577338"/>
<trkpt lat="46.504660" lon="13.577161"/>
<trkpt lat="46.504703" lon="13.576715"/>
<trkpt lat="46.504732" lon="13.576428"/>
<trkpt lat="46.504754" lon="13.576184"/>
<trkpt lat="46.504775" lon="13.575945"/>
<trkpt lat="46.504802" lon="13.575703"/>
<trkpt lat="46.504817" lon="13.575532"/>
</trkseg>
<trkseg>
<trkpt lat="46.509788" lon="13.471989"/>
<trkpt lat="46.509757" lon="13.472375"/>
<trkpt lat="46.509733" lon="13.472600"/>
<trkpt lat="46.509711" lon="13.472830"/>
<trkpt lat="46.509679" lon="13.473180"/>
<trkpt lat="46.509659" lon="13.473519"/>
<trkpt lat="46.509648" lon="13.473803"/>
<trkpt lat="46.509647" lon="13.474086"/>
<trkpt lat="46.509645" lon="13.474243"/>
<trkpt lat="46.509640" lon="13.474585"/>
<trkpt lat="46.509618" lon="13.476280"/>
<trkpt lat="46.509612" lon="13.476651"/>
<trkpt lat="46.509603" lon="13.477009"/>
<trkpt lat="46.509597" lon="13.477237"/>
<trkpt lat="46.509570" lon="13.477502"/>
<trkpt lat="46.509548" lon="13.477706"/>
<trkpt lat="46.509487" lon="13.478048"/>
<trkpt lat="46.509398" lon="13.478417"/>
<trkpt lat="46.509281" lon="13.478865"/>
<trkpt lat="46.509184" lon="13.479213"/>
<trkpt lat="46.509066" lon="13.479660"/>
<trkpt lat="46.509020" lon="13.479885"/>
<trkpt lat="46.508915" lon="13.480500"/>
<trkpt lat="46.508823" lon="13.480961"/>
</trkseg>
<trkseg>
<trkpt lat="46.509804" lon="13.471303"/>
<trkpt lat="46.509799" lon="13.471606"/>
</trkseg>
<trkseg>
<trkpt lat="46.370577" lon="13.133900"/>
<trkpt lat="46.370486" lon="13.133870"/>
<trkpt lat="46.370440" lon="13.133858"/>
<trkpt lat="46.370182" lon="13.133772"/>
<trkpt lat="46.369800" lon="13.133656"/>
<trkpt lat="46.369658" lon="13.133630"/>
<trkpt lat="46.369487" lon="13.133599"/>
<trkpt lat="46.368897" lon="13.133639"/>
<trkpt lat="46.368615" lon="13.133700"/>
<trkpt lat="46.368104" lon="13.133798"/>
</trkseg>
<trkseg>
<trkpt lat="46.370811" lon="13.133976"/>
<trkpt lat="46.370577" lon="13.133900"/>
</trkseg>
<trkseg>
<trkpt lat="46.373186" lon="13.134752"/>
<trkpt lat="46.372111" lon="13.134512"/>
<trkpt lat="46.371535" lon="13.134365"/>
<trkpt lat="46.371279" lon="13.134238"/>
<trkpt lat="46.371047" lon="13.134100"/>
</trkseg>
<trkseg>
<trkpt lat="46.405736" lon="13.295380"/>
<trkpt lat="46.405737" lon="13.295438"/>
</trkseg>
<trkseg>
<trkpt lat="46.403870" lon="13.289986"/>
<trkpt lat="46.404194" lon="13.290396"/>
<trkpt lat="46.404807" lon="13.291222"/>
<trkpt lat="46.404946" lon="13.291413"/>
</trkseg>
<trkseg>
<trkpt lat="46.404946" lon="13.291413"/>
<trkpt lat="46.405100" lon="13.291645"/>
<trkpt lat="46.405189" lon="13.291811"/>
</trkseg>
<trkseg>
<trkpt lat="46.405288" lon="13.292027"/>
<trkpt lat="46.405352" lon="13.292223"/>
<trkpt lat="46.405404" lon="13.292450"/>
<trkpt lat="46.405484" lon="13.292891"/>
<trkpt lat="46.405585" lon="13.293624"/>
<trkpt lat="46.405664" lon="13.294374"/>
<trkpt lat="46.405730" lon="13.295113"/>
<trkpt lat="46.405736" lon="13.295380"/>
</trkseg>
<trkseg>
<trkpt lat="46.394176" lon="13.216997"/>
<trkpt lat="46.394353" lon="13.215759"/>
<trkpt lat="46.394363" lon="13.215656"/>
<trkpt lat="46.394363" lon="13.215455"/>
<trkpt lat="46.394372" lon="13.215298"/>
<trkpt lat="46.394524" lon="13.214295"/>
</trkseg>
<trkseg>
<trkpt lat="46.474037" lon="13.292330"/>
<trkpt lat="46.474293" lon="13.292439"/>
</trkseg>
<trkseg>
<trkpt lat="46.505010" lon="13.449617"/>
<trkpt lat="46.505067" lon="13.449780"/>
</trkseg>
<trkseg>
<trkpt lat="46.505067" lon="13.449780"/>
<trkpt lat="46.505120" lon="13.449939"/>
<trkpt lat="46.505280" lon="13.450500"/>
<trkpt lat="46.505336" lon="13.450780"/>
<trkpt lat="46.505381" lon="13.451220"/>
<trkpt lat="46.505421" lon="13.452153"/>
<trkpt lat="46.505444" lon="13.452861"/>
<trkpt lat="46.505466" lon="13.453456"/>
<trkpt lat="46.505485" lon="13.453737"/>
<trkpt lat="46.505520" lon="13.454016"/>
<trkpt lat="46.505577" lon="13.454334"/>
<trkpt lat="46.505648" lon="13.454646"/>
<trkpt lat="46.505793" lon="13.455089"/>
<trkpt lat="46.506095" lon="13.455672"/>
<trkpt lat="46.506425" lon="13.456058"/>
<trkpt lat="46.506809" lon="13.456410"/>
<trkpt lat="46.507188" lon="13.456788"/>
<trkpt lat="46.507520" lon="13.457167"/>
<trkpt lat="46.507804" lon="13.457615"/>
<trkpt lat="46.507969" lon="13.457983"/>
<trkpt lat="46.508074" lon="13.458279"/>
<trkpt lat="46.508150" lon="13.458565"/>
<trkpt lat="46.508268" lon="13.459191"/>
<trkpt lat="46.508437" lon="13.460335"/>
</trkseg>
<trkseg>
<trkpt lat="46.387022" lon="13.152100"/>
<trkpt lat="46.387004" lon="13.151923"/>
<trkpt lat="46.386915" lon="13.151324"/>
<trkpt lat="46.386878" lon="13.150445"/>
<trkpt lat="46.386899" lon="13.150036"/>
<trkpt lat="46.387013" lon="13.148950"/>
<trkpt lat="46.387160" lon="13.147604"/>
<trkpt lat="46.387320" lon="13.146045"/>
<trkpt lat="46.387380" lon="13.145403"/>
<trkpt lat="46.387438" lon="13.144658"/>
<trkpt lat="46.387421" lon="13.144144"/>
<trkpt lat="46.387379" lon="13.143479"/>
<trkpt lat="46.387338" lon="13.142929"/>
<trkpt lat="46.387274" lon="13.142388"/>
<trkpt lat="46.387096" lon="13.141694"/>
<trkpt lat="46.386970" lon="13.141333"/>
<trkpt lat="46.386736" lon="13.140795"/>
<trkpt lat="46.386590" lon="13.140499"/>
<trkpt lat="46.386409" lon="13.140245"/>
<trkpt lat="46.386225" lon="13.140003"/>
<trkpt lat="46.385642" lon="13.139449"/>
<trkpt lat="46.384863" lon="13.138876"/>
<trkpt lat="46.384145" lon="13.138329"/>
<trkpt lat="46.383005" lon="13.137396"/>
<trkpt lat="46.381510" lon="13.135753"/>
<trkpt lat="46.381093" lon="13.135372"/>
<trkpt lat="46.380715" lon="13.135084"/>
</trkseg>
<trkseg>
<trkpt lat="46.358976" lon="13.137141"/>
<trkpt lat="46.359599" lon="13.136882"/>
<trkpt lat="46.362241" lon="13.135918"/>
<trkpt lat="46.362445" lon="13.135845"/>
<trkpt lat="46.362677" lon="13.135760"/>
<trkpt lat="46.363188" lon="13.135576"/>
<trkpt lat="46.363252" lon="13.135556"/>
<trkpt lat="46.365389" lon="13.134791"/>
<trkpt lat="46.365797" lon="13.134678"/>
</trkseg>
<trkseg>
<trkpt lat="46.375479" lon="13.135248"/>
<trkpt lat="46.375875" lon="13.135328"/>
<trkpt lat="46.376001" lon="13.135349"/>
<trkpt lat="46.376564" lon="13.135460"/>
<trkpt lat="46.376685" lon="13.135460"/>
<trkpt lat="46.376817" lon="13.135430"/>
<trkpt lat="46.377062" lon="13.135325"/>
<trkpt lat="46.377145" lon="13.135251"/>
<trkpt lat="46.377219" lon="13.135153"/>
</trkseg>
<trkseg>
<trkpt lat="46.368104" lon="13.133798"/>
<trkpt lat="46.367085" lon="13.134164"/>
<trkpt lat="46.366732" lon="13.134295"/>
</trkseg>
<trkseg>
<trkpt lat="46.474363" lon="13.292479"/>
<trkpt lat="46.474451" lon="13.292527"/>
</trkseg>
<trkseg>
<trkpt lat="46.394524" lon="13.214295"/>
<trkpt lat="46.394566" lon="13.213996"/>
<trkpt lat="46.394923" lon="13.212017"/>
<trkpt lat="46.395090" lon="13.211063"/>
</trkseg>
<trkseg>
<trkpt lat="46.509102" lon="13.559299"/>
<trkpt lat="46.509174" lon="13.558907"/>
<trkpt lat="46.509197" lon="13.558770"/>
<trkpt lat="46.509216" lon="13.558656"/>
<trkpt lat="46.509230" lon="13.558535"/>
<trkpt lat="46.509237" lon="13.558410"/>
<trkpt lat="46.509242" lon="13.558292"/>
<trkpt lat="46.509253" lon="13.558171"/>
<trkpt lat="46.509278" lon="13.557944"/>
<trkpt lat="46.509300" lon="13.557747"/>
<trkpt lat="46.509323" lon="13.557574"/>
<trkpt lat="46.509340" lon="13.557372"/>
<trkpt lat="46.509398" lon="13.556608"/>
<trkpt lat="46.509431" lon="13.556191"/>
<trkpt lat="46.509457" lon="13.555820"/>
<trkpt lat="46.509474" lon="13.555560"/>
<trkpt lat="46.509488" lon="13.555377"/>
<trkpt lat="46.509494" lon="13.555326"/>
<trkpt lat="46.509512" lon="13.555245"/>
</trkseg>
<trkseg>
<trkpt lat="46.506025" lon="13.305600"/>
<trkpt lat="46.506078" lon="13.305667"/>
</trkseg>
<trkseg>
<trkpt lat="46.397583" lon="13.191436"/>
<trkpt lat="46.398034" lon="13.189794"/>
<trkpt lat="46.398287" lon="13.188878"/>
<trkpt lat="46.398553" lon="13.187889"/>
<trkpt lat="46.398671" lon="13.187379"/>
<trkpt lat="46.398758" lon="13.186910"/>
<trkpt lat="46.399167" lon="13.185037"/>
<trkpt lat="46.399203" lon="13.184727"/>
<trkpt lat="46.399213" lon="13.184566"/>
<trkpt lat="46.399216" lon="13.184404"/>
<trkpt lat="46.399212" lon="13.184241"/>
<trkpt lat="46.399201" lon="13.184080"/>
<trkpt lat="46.399183" lon="13.183920"/>
<trkpt lat="46.399158" lon="13.183762"/>
<trkpt lat="46.399126" lon="13.183606"/>
<trkpt lat="46.399090" lon="13.183463"/>
<trkpt lat="46.399048" lon="13.183323"/>
</trkseg>
<trkseg>
<trkpt lat="46.396559" lon="13.194561"/>
<trkpt lat="46.396592" lon="13.194441"/>
<trkpt lat="46.396655" lon="13.194217"/>
<trkpt lat="46.396759" lon="13.193898"/>
<trkpt lat="46.396899" lon="13.193486"/>
<trkpt lat="46.397045" lon="13.193054"/>
<trkpt lat="46.397178" lon="13.192652"/>
<trkpt lat="46.397435" lon="13.191888"/>
<trkpt lat="46.397534" lon="13.191567"/>
<trkpt lat="46.397583" lon="13.191436"/>
</trkseg>
<trkseg>
<trkpt lat="46.395334" lon="13.207009"/>
<trkpt lat="46.395364" lon="13.205876"/>
<trkpt lat="46.395397" lon="13.205104"/>
<trkpt lat="46.395435" lon="13.204036"/>
<trkpt lat="46.395464" lon="13.203334"/>
<trkpt lat="46.395485" lon="13.202552"/>
<trkpt lat="46.395519" lon="13.201712"/>
<trkpt lat="46.395556" lon="13.200767"/>
<trkpt lat="46.395599" lon="13.200047"/>
<trkpt lat="46.395662" lon="13.199418"/>
<trkpt lat="46.395748" lon="13.198787"/>
<trkpt lat="46.395829" lon="13.198120"/>
<trkpt lat="46.395941" lon="13.197374"/>
<trkpt lat="46.396061" lon="13.196717"/>
<trkpt lat="46.396196" lon="13.196081"/>
<trkpt lat="46.396370" lon="13.195342"/>
<trkpt lat="46.396484" lon="13.194874"/>
</trkseg>
<trkseg>
<trkpt lat="46.390639" lon="13.163926"/>
<trkpt lat="46.390733" lon="13.163984"/>
<trkpt lat="46.391422" lon="13.164280"/>
<trkpt lat="46.391865" lon="13.164569"/>
<trkpt lat="46.392428" lon="13.165130"/>
<trkpt lat="46.393199" lon="13.166114"/>
<trkpt lat="46.393491" lon="13.166531"/>
<trkpt lat="46.393528" lon="13.166594"/>
</trkseg>
<trkseg>
<trkpt lat="46.395525" lon="13.170618"/>
<trkpt lat="46.395687" lon="13.171014"/>
<trkpt lat="46.395847" lon="13.171491"/>
<trkpt lat="46.396169" lon="13.172482"/>
<trkpt lat="46.396399" lon="13.173485"/>
</trkseg>
<trkseg>
<trkpt lat="46.399048" lon="13.183323"/>
<trkpt lat="46.398934" lon="13.182977"/>
<trkpt lat="46.398880" lon="13.182800"/>
<trkpt lat="46.398509" lon="13.181526"/>
</trkseg>
<trkseg>
<trkpt lat="46.388277" lon="13.161793"/>
<trkpt lat="46.388902" lon="13.162525"/>
<trkpt lat="46.389918" lon="13.163478"/>
<trkpt lat="46.390639" lon="13.163926"/>
</trkseg>
<trkseg>
<trkpt lat="46.402829" lon="13.288569"/>
<trkpt lat="46.402874" lon="13.288639"/>
</trkseg>
<trkseg>
<trkpt lat="46.402874" lon="13.288639"/>
<trkpt lat="46.403138" lon="13.289007"/>
<trkpt lat="46.403870" lon="13.289986"/>
</trkseg>
<trkseg>
<trkpt lat="46.502310" lon="13.434958"/>
<trkpt lat="46.502229" lon="13.434523"/>
<trkpt lat="46.502203" lon="13.434149"/>
<trkpt lat="46.502230" lon="13.433687"/>
<trkpt lat="46.502261" lon="13.433070"/>
<trkpt lat="46.502299" lon="13.432502"/>
</trkseg>
<trkseg>
<trkpt lat="46.500981" lon="13.412536"/>
<trkpt lat="46.500970" lon="13.412360"/>
<trkpt lat="46.500949" lon="13.412187"/>
</trkseg>
<trkseg>
<trkpt lat="46.500990" lon="13.412816"/>
<trkpt lat="46.500981" lon="13.412536"/>
</trkseg>
<trkseg>
<trkpt lat="46.502299" lon="13.432502"/>
<trkpt lat="46.502560" lon="13.429289"/>
</trkseg>
<trkseg>
<trkpt lat="46.502560" lon="13.429289"/>
<trkpt lat="46.502603" lon="13.428735"/>
<trkpt lat="46.502649" lon="13.428084"/>
<trkpt lat="46.502737" lon="13.427206"/>
<trkpt lat="46.502858" lon="13.426496"/>
<trkpt lat="46.503069" lon="13.425659"/>
<trkpt lat="46.503226" lon="13.425120"/>
<trkpt lat="46.503323" lon="13.424612"/>
<trkpt lat="46.503380" lon="13.424048"/>
<trkpt lat="46.503388" lon="13.423494"/>
<trkpt lat="46.503323" lon="13.423016"/>
<trkpt lat="46.503220" lon="13.422601"/>
<trkpt lat="46.503056" lon="13.422130"/>
<trkpt lat="46.502817" lon="13.421685"/>
<trkpt lat="46.502590" lon="13.421330"/>
<trkpt lat="46.502315" lon="13.421084"/>
<trkpt lat="46.502024" lon="13.420803"/>
<trkpt lat="46.501687" lon="13.420489"/>
<trkpt lat="46.501409" lon="13.420273"/>
<trkpt lat="46.501178" lon="13.419947"/>
<trkpt lat="46.500936" lon="13.419491"/>
<trkpt lat="46.500722" lon="13.418852"/>
<trkpt lat="46.500601" lon="13.418202"/>
<trkpt lat="46.500553" lon="13.417510"/>
<trkpt lat="46.500656" lon="13.416438"/>
<trkpt lat="46.500807" lon="13.415059"/>
<trkpt lat="46.500908" lon="13.413954"/>
<trkpt lat="46.500973" lon="13.413307"/>
<trkpt lat="46.500993" lon="13.412989"/>
<trkpt lat="46.500990" lon="13.412816"/>
</trkseg>
<trkseg>
<trkpt lat="46.366592" lon="13.134331"/>
<trkpt lat="46.366286" lon="13.134426"/>
<trkpt lat="46.365954" lon="13.134546"/>
<trkpt lat="46.365797" lon="13.134678"/>
</trkseg>
<trkseg>
<trkpt lat="46.366666" lon="13.134563"/>
<trkpt lat="46.366676" lon="13.134450"/>
<trkpt lat="46.366698" lon="13.134355"/>
<trkpt lat="46.366732" lon="13.134295"/>
</trkseg>
<trkseg>
<trkpt lat="46.456379" lon="13.310574"/>
<trkpt lat="46.456613" lon="13.309828"/>
</trkseg>
<trkseg>
<trkpt lat="46.455383" lon="13.313020"/>
<trkpt lat="46.455587" lon="13.312684"/>
</trkseg>
<trkseg>
<trkpt lat="46.459111" lon="13.304699"/>
<trkpt lat="46.459554" lon="13.304159"/>
<trkpt lat="46.459778" lon="13.303879"/>
<trkpt lat="46.459892" lon="13.303720"/>
<trkpt lat="46.459979" lon="13.303561"/>
<trkpt lat="46.460070" lon="13.303393"/>
<trkpt lat="46.460161" lon="13.303212"/>
</trkseg>
<trkseg>
<trkpt lat="46.455587" lon="13.312684"/>
<trkpt lat="46.455785" lon="13.312296"/>
<trkpt lat="46.455927" lon="13.311968"/>
<trkpt lat="46.456041" lon="13.311638"/>
<trkpt lat="46.456379" lon="13.310574"/>
</trkseg>
<trkseg>
<trkpt lat="46.456613" lon="13.309828"/>
<trkpt lat="46.456869" lon="13.308964"/>
<trkpt lat="46.457105" lon="13.308415"/>
<trkpt lat="46.457385" lon="13.307845"/>
<trkpt lat="46.457671" lon="13.307320"/>
</trkseg>
<trkseg>
<trkpt lat="46.460161" lon="13.303212"/>
<trkpt lat="46.460239" lon="13.303042"/>
<trkpt lat="46.460369" lon="13.302699"/>
<trkpt lat="46.460471" lon="13.302348"/>
<trkpt lat="46.460550" lon="13.301967"/>
<trkpt lat="46.460599" lon="13.301547"/>
<trkpt lat="46.460638" lon="13.300915"/>
</trkseg>
<trkseg>
<trkpt lat="46.405189" lon="13.291811"/>
<trkpt lat="46.405288" lon="13.292027"/>
</trkseg>
<trkseg>
<trkpt lat="46.443138" lon="13.314817"/>
<trkpt lat="46.443517" lon="13.315261"/>
</trkseg>
<trkseg>
<trkpt lat="46.445778" lon="13.317118"/>
<trkpt lat="46.446466" lon="13.317677"/>
<trkpt lat="46.446477" lon="13.317683"/>
<trkpt lat="46.447050" lon="13.318032"/>
<trkpt lat="46.447169" lon="13.318094"/>
<trkpt lat="46.447222" lon="13.318126"/>
</trkseg>
<trkseg>
<trkpt lat="46.353300" lon="13.139672"/>
<trkpt lat="46.353096" lon="13.139754"/>
</trkseg>
<trkseg>
<trkpt lat="46.353096" lon="13.139754"/>
<trkpt lat="46.352900" lon="13.139833"/>
<trkpt lat="46.351264" lon="13.140413"/>
<trkpt lat="46.351203" lon="13.140436"/>
<trkpt lat="46.351155" lon="13.140459"/>
<trkpt lat="46.351104" lon="13.140494"/>
<trkpt lat="46.351039" lon="13.140562"/>
<trkpt lat="46.350941" lon="13.140684"/>
<trkpt lat="46.350837" lon="13.140826"/>
<trkpt lat="46.350682" lon="13.140908"/>
<trkpt lat="46.350422" lon="13.140994"/>
<trkpt lat="46.350193" lon="13.141061"/>
<trkpt lat="46.350029" lon="13.141101"/>
<trkpt lat="46.349579" lon="13.141128"/>
<trkpt lat="46.349433" lon="13.141163"/>
<trkpt lat="46.349243" lon="13.141231"/>
<trkpt lat="46.348999" lon="13.141342"/>
<trkpt lat="46.348619" lon="13.141514"/>
<trkpt lat="46.348309" lon="13.141625"/>
<trkpt lat="46.348110" lon="13.141651"/>
<trkpt lat="46.348009" lon="13.141656"/>
<trkpt lat="46.347897" lon="13.141645"/>
<trkpt lat="46.347748" lon="13.141585"/>
<trkpt lat="46.347635" lon="13.141518"/>
<trkpt lat="46.347410" lon="13.141340"/>
<trkpt lat="46.347235" lon="13.141180"/>
<trkpt lat="46.346609" lon="13.140655"/>
<trkpt lat="46.346474" lon="13.140589"/>
<trkpt lat="46.346321" lon="13.140529"/>
<trkpt lat="46.345888" lon="13.140389"/>
<trkpt lat="46.345574" lon="13.140233"/>
<trkpt lat="46.345239" lon="13.140030"/>
<trkpt lat="46.344893" lon="13.139798"/>
<trkpt lat="46.344714" lon="13.139707"/>
<trkpt lat="46.344598" lon="13.139652"/>
<trkpt lat="46.344449" lon="13.139624"/>
<trkpt lat="46.344226" lon="13.139601"/>
<trkpt lat="46.343973" lon="13.139624"/>
<trkpt lat="46.343639" lon="13.139683"/>
</trkseg>
<trkseg>
<trkpt lat="46.392671" lon="13.238665"/>
<trkpt lat="46.392672" lon="13.238432"/>
</trkseg>
<trkseg>
<trkpt lat="46.392672" lon="13.238432"/>
<trkpt lat="46.392677" lon="13.238128"/>
<trkpt lat="46.392690" lon="13.237157"/>
<trkpt lat="46.392715" lon="13.235129"/>
<trkpt lat="46.392729" lon="13.234217"/>
</trkseg>
<trkseg>
<trkpt lat="46.395090" lon="13.211063"/>
<trkpt lat="46.395117" lon="13.210838"/>
</trkseg>
<trkseg>
<trkpt lat="46.510208" lon="13.354836"/>
<trkpt lat="46.510086" lon="13.355292"/>
<trkpt lat="46.509958" lon="13.355859"/>
<trkpt lat="46.509884" lon="13.356285"/>
<trkpt lat="46.509854" lon="13.356688"/>
<trkpt lat="46.509824" lon="13.357072"/>
<trkpt lat="46.509781" lon="13.357427"/>
<trkpt lat="46.509679" lon="13.357952"/>
<trkpt lat="46.509518" lon="13.358476"/>
<trkpt lat="46.509391" lon="13.358832"/>
<trkpt lat="46.509190" lon="13.359284"/>
<trkpt lat="46.508819" lon="13.360054"/>
<trkpt lat="46.508764" lon="13.360220"/>
<trkpt lat="46.508713" lon="13.360372"/>
</trkseg>
<trkseg>
<trkpt lat="46.511080" lon="13.349823"/>
<trkpt lat="46.511055" lon="13.350038"/>
</trkseg>
<trkseg>
<trkpt lat="46.510895" lon="13.351564"/>
<trkpt lat="46.510876" lon="13.351709"/>
</trkseg>
<trkseg>
<trkpt lat="46.511055" lon="13.350038"/>
<trkpt lat="46.511021" lon="13.350434"/>
<trkpt lat="46.510970" lon="13.350785"/>
<trkpt lat="46.510895" lon="13.351564"/>
</trkseg>
<trkseg>
<trkpt lat="46.511983" lon="13.332120"/>
<trkpt lat="46.511945" lon="13.331814"/>
<trkpt lat="46.511924" lon="13.331649"/>
<trkpt lat="46.511892" lon="13.331449"/>
<trkpt lat="46.511639" lon="13.329859"/>
<trkpt lat="46.511420" lon="13.329027"/>
<trkpt lat="46.511166" lon="13.328277"/>
<trkpt lat="46.510855" lon="13.327239"/>
<trkpt lat="46.510767" lon="13.326961"/>
<trkpt lat="46.510653" lon="13.326641"/>
<trkpt lat="46.510543" lon="13.326402"/>
<trkpt lat="46.510329" lon="13.326008"/>
<trkpt lat="46.510199" lon="13.325792"/>
<trkpt lat="46.510062" lon="13.325617"/>
<trkpt lat="46.509849" lon="13.325465"/>
<trkpt lat="46.509569" lon="13.325288"/>
<trkpt lat="46.509473" lon="13.325168"/>
</trkseg>
<trkseg>
<trkpt lat="46.501030" lon="13.501224"/>
<trkpt lat="46.501024" lon="13.501130"/>
<trkpt lat="46.501010" lon="13.501019"/>
<trkpt lat="46.500979" lon="13.500594"/>
<trkpt lat="46.500961" lon="13.500188"/>
<trkpt lat="46.500985" lon="13.499882"/>
<trkpt lat="46.501041" lon="13.499495"/>
</trkseg>
<trkseg>
<trkpt lat="46.501911" lon="13.497198"/>
<trkpt lat="46.502131" lon="13.496937"/>
<trkpt lat="46.503108" lon="13.495800"/>
<trkpt lat="46.503665" lon="13.495175"/>
<trkpt lat="46.503912" lon="13.494954"/>
</trkseg>
<trkseg>
<trkpt lat="46.501830" lon="13.497298"/>
<trkpt lat="46.501911" lon="13.497198"/>
</trkseg>
<trkseg>
<trkpt lat="46.373423" lon="13.134799"/>
<trkpt lat="46.373186" lon="13.134752"/>
</trkseg>
<trkseg>
<trkpt lat="46.506008" lon="13.305576"/>
<trkpt lat="46.506025" lon="13.305600"/>
</trkseg>
<trkseg>
<trkpt lat="46.505655" lon="13.305074"/>
<trkpt lat="46.505713" lon="13.305155"/>
<trkpt lat="46.505760" lon="13.305220"/>
<trkpt lat="46.505964" lon="13.305504"/>
<trkpt lat="46.506008" lon="13.305576"/>
</trkseg>
<trkseg>
<trkpt lat="46.508101" lon="13.312684"/>
<trkpt lat="46.508084" lon="13.312461"/>
</trkseg>
<trkseg>
<trkpt lat="46.499191" lon="13.300220"/>
<trkpt lat="46.499350" lon="13.300344"/>
<trkpt lat="46.499521" lon="13.300506"/>
<trkpt lat="46.499575" lon="13.300559"/>
<trkpt lat="46.499696" lon="13.300728"/>
<trkpt lat="46.499885" lon="13.300969"/>
<trkpt lat="46.500134" lon="13.301303"/>
<trkpt lat="46.500421" lon="13.301671"/>
<trkpt lat="46.500735" lon="13.302072"/>
<trkpt lat="46.500836" lon="13.302204"/>
<trkpt lat="46.501131" lon="13.302591"/>
<trkpt lat="46.501529" lon="13.303090"/>
<trkpt lat="46.501961" lon="13.303680"/>
<trkpt lat="46.502144" lon="13.303871"/>
</trkseg>
<trkseg>
<trkpt lat="46.498598" lon="13.299989"/>
<trkpt lat="46.498675" lon="13.300025"/>
</trkseg>
<trkseg>
<trkpt lat="46.413959" lon="13.314424"/>
<trkpt lat="46.414138" lon="13.314518"/>
</trkseg>
<trkseg>
<trkpt lat="46.460638" lon="13.300915"/>
<trkpt lat="46.460642" lon="13.300775"/>
</trkseg>
<trkseg>
<trkpt lat="46.480030" lon="13.297148"/>
<trkpt lat="46.480136" lon="13.297272"/>
<trkpt lat="46.480297" lon="13.297523"/>
<trkpt lat="46.480601" lon="13.297885"/>
<trkpt lat="46.480790" lon="13.298092"/>
<trkpt lat="46.480907" lon="13.298201"/>
<trkpt lat="46.481121" lon="13.298385"/>
<trkpt lat="46.481282" lon="13.298508"/>
<trkpt lat="46.481427" lon="13.298599"/>
<trkpt lat="46.481574" lon="13.298675"/>
<trkpt lat="46.482001" lon="13.298842"/>
<trkpt lat="46.482755" lon="13.299051"/>
<trkpt lat="46.483922" lon="13.299387"/>
<trkpt lat="46.484499" lon="13.299523"/>
<trkpt lat="46.484960" lon="13.299528"/>
<trkpt lat="46.485292" lon="13.299490"/>
</trkseg>
<trkseg>
<trkpt lat="46.460642" lon="13.300775"/>
<trkpt lat="46.460643" lon="13.300686"/>
<trkpt lat="46.460645" lon="13.300574"/>
</trkseg>
<trkseg>
<trkpt lat="46.396161" lon="13.266636"/>
<trkpt lat="46.396018" lon="13.265713"/>
<trkpt lat="46.395894" lon="13.264959"/>
<trkpt lat="46.395786" lon="13.264476"/>
<trkpt lat="46.395597" lon="13.263681"/>
</trkseg>
<trkseg>
<trkpt lat="46.503912" lon="13.494954"/>
<trkpt lat="46.505269" lon="13.493839"/>
</trkseg>
<trkseg>
<trkpt lat="46.505269" lon="13.493839"/>
<trkpt lat="46.505511" lon="13.493609"/>
<trkpt lat="46.505805" lon="13.493274"/>
<trkpt lat="46.506060" lon="13.492807"/>
<trkpt lat="46.506473" lon="13.491965"/>
<trkpt lat="46.506901" lon="13.491037"/>
<trkpt lat="46.507319" lon="13.490063"/>
<trkpt lat="46.507680" lon="13.488966"/>
<trkpt lat="46.507831" lon="13.488392"/>
<trkpt lat="46.507928" lon="13.488022"/>
<trkpt lat="46.508053" lon="13.487456"/>
<trkpt lat="46.508177" lon="13.486807"/>
<trkpt lat="46.508288" lon="13.485964"/>
<trkpt lat="46.508340" lon="13.485302"/>
</trkseg>
<trkseg>
<trkpt lat="46.512071" lon="13.338855"/>
<trkpt lat="46.511903" lon="13.340025"/>
<trkpt lat="46.511803" lon="13.341028"/>
</trkseg>
<trkseg>
<trkpt lat="46.502386" lon="13.381963"/>
<trkpt lat="46.502254" lon="13.382302"/>
</trkseg>
<trkseg>
<trkpt lat="46.512078" lon="13.332325"/>
<trkpt lat="46.512258" lon="13.335645"/>
</trkseg>
<trkseg>
<trkpt lat="46.511803" lon="13.341028"/>
<trkpt lat="46.511794" lon="13.341157"/>
</trkseg>
<trkseg>
<trkpt lat="46.512258" lon="13.335645"/>
<trkpt lat="46.512266" lon="13.335766"/>
</trkseg>
<trkseg>
<trkpt lat="46.511794" lon="13.341157"/>
<trkpt lat="46.511738" lon="13.343483"/>
</trkseg>
<trkseg>
<trkpt lat="46.502254" lon="13.382302"/>
<trkpt lat="46.502025" lon="13.382846"/>
<trkpt lat="46.501987" lon="13.382917"/>
<trkpt lat="46.501957" lon="13.382971"/>
<trkpt lat="46.501916" lon="13.383079"/>
<trkpt lat="46.501875" lon="13.383212"/>
<trkpt lat="46.501485" lon="13.384186"/>
<trkpt lat="46.501326" lon="13.384653"/>
<trkpt lat="46.501200" lon="13.385132"/>
<trkpt lat="46.501113" lon="13.385843"/>
<trkpt lat="46.501090" lon="13.386459"/>
<trkpt lat="46.501086" lon="13.387144"/>
<trkpt lat="46.501080" lon="13.387772"/>
<trkpt lat="46.501073" lon="13.388561"/>
<trkpt lat="46.501064" lon="13.389257"/>
<trkpt lat="46.501059" lon="13.389754"/>
<trkpt lat="46.501061" lon="13.390523"/>
<trkpt lat="46.501055" lon="13.390995"/>
<trkpt lat="46.501030" lon="13.391282"/>
<trkpt lat="46.500953" lon="13.391732"/>
</trkseg>
<trkseg>
<trkpt lat="46.396399" lon="13.173485"/>
<trkpt lat="46.396729" lon="13.174902"/>
<trkpt lat="46.397192" lon="13.176576"/>
<trkpt lat="46.397660" lon="13.178302"/>
</trkseg>
<trkseg>
<trkpt lat="46.397887" lon="13.179162"/>
<trkpt lat="46.397994" lon="13.179606"/>
<trkpt lat="46.398340" lon="13.180896"/>
</trkseg>
<trkseg>
<trkpt lat="46.486514" lon="13.299305"/>
<trkpt lat="46.486991" lon="13.299244"/>
<trkpt lat="46.487382" lon="13.299185"/>
<trkpt lat="46.487609" lon="13.299154"/>
<trkpt lat="46.487828" lon="13.299105"/>
<trkpt lat="46.488017" lon="13.299057"/>
<trkpt lat="46.488169" lon="13.299004"/>
<trkpt lat="46.488615" lon="13.298800"/>
<trkpt lat="46.489141" lon="13.298527"/>
<trkpt lat="46.489576" lon="13.298343"/>
<trkpt lat="46.489809" lon="13.298292"/>
<trkpt lat="46.489974" lon="13.298275"/>
<trkpt lat="46.490083" lon="13.298264"/>
<trkpt lat="46.490199" lon="13.298263"/>
</trkseg>
<trkseg>
<trkpt lat="46.485292" lon="13.299490"/>
<trkpt lat="46.485763" lon="13.299419"/>
<trkpt lat="46.486018" lon="13.299384"/>
<trkpt lat="46.486514" lon="13.299305"/>
</trkseg>
<trkseg>
<trkpt lat="46.443517" lon="13.315261"/>
<trkpt lat="46.443815" lon="13.315550"/>
<trkpt lat="46.444857" lon="13.316395"/>
<trkpt lat="46.445778" lon="13.317118"/>
</trkseg>
<trkseg>
<trkpt lat="46.413896" lon="13.314400"/>
<trkpt lat="46.413959" lon="13.314424"/>
</trkseg>
<trkseg>
<trkpt lat="46.508340" lon="13.485302"/>
<trkpt lat="46.508398" lon="13.484671"/>
</trkseg>
<trkseg>
<trkpt lat="46.508398" lon="13.484671"/>
<trkpt lat="46.508513" lon="13.483462"/>
<trkpt lat="46.508608" lon="13.482459"/>
<trkpt lat="46.508658" lon="13.481952"/>
<trkpt lat="46.508689" lon="13.481661"/>
<trkpt lat="46.508719" lon="13.481475"/>
<trkpt lat="46.508733" lon="13.481409"/>
<trkpt lat="46.508742" lon="13.481356"/>
</trkseg>
<trkseg>
<trkpt lat="46.509364" lon="13.323355"/>
<trkpt lat="46.509263" lon="13.323461"/>
<trkpt lat="46.509237" lon="13.323488"/>
<trkpt lat="46.509210" lon="13.323536"/>
<trkpt lat="46.509193" lon="13.323584"/>
</trkseg>
<trkseg>
<trkpt lat="46.371047" lon="13.134100"/>
<trkpt lat="46.370811" lon="13.133976"/>
</trkseg>
<trkseg>
<trkpt lat="46.508316" lon="13.314849"/>
<trkpt lat="46.508379" lon="13.315037"/>
<trkpt lat="46.508464" lon="13.315301"/>
<trkpt lat="46.508469" lon="13.315580"/>
<trkpt lat="46.508468" lon="13.315710"/>
<trkpt lat="46.508462" lon="13.316020"/>
<trkpt lat="46.508488" lon="13.316432"/>
<trkpt lat="46.508524" lon="13.316941"/>
<trkpt lat="46.508565" lon="13.317499"/>
<trkpt lat="46.508556" lon="13.317600"/>
<trkpt lat="46.508649" lon="13.318571"/>
<trkpt lat="46.508657" lon="13.318655"/>
<trkpt lat="46.508665" lon="13.318739"/>
<trkpt lat="46.508690" lon="13.319002"/>
<trkpt lat="46.508879" lon="13.320810"/>
<trkpt lat="46.508991" lon="13.321878"/>
<trkpt lat="46.509028" lon="13.322379"/>
<trkpt lat="46.509054" lon="13.322663"/>
<trkpt lat="46.509080" lon="13.322824"/>
<trkpt lat="46.509200" lon="13.323009"/>
<trkpt lat="46.509366" lon="13.323234"/>
<trkpt lat="46.509377" lon="13.323249"/>
<trkpt lat="46.509364" lon="13.323355"/>
</trkseg>
<trkseg>
<trkpt lat="46.498314" lon="13.299719"/>
<trkpt lat="46.498161" lon="13.299514"/>
<trkpt lat="46.498094" lon="13.299422"/>
<trkpt lat="46.498069" lon="13.299380"/>
<trkpt lat="46.498052" lon="13.299353"/>
<trkpt lat="46.498037" lon="13.299336"/>
</trkseg>
<trkseg>
<trkpt lat="46.498395" lon="13.299810"/>
<trkpt lat="46.498349" lon="13.299767"/>
<trkpt lat="46.498314" lon="13.299719"/>
</trkseg>
<trkseg>
<trkpt lat="46.498527" lon="13.299957"/>
<trkpt lat="46.498511" lon="13.299898"/>
<trkpt lat="46.498449" lon="13.299853"/>
<trkpt lat="46.498395" lon="13.299810"/>
</trkseg>
<trkseg>
<trkpt lat="46.498037" lon="13.299336"/>
<trkpt lat="46.497908" lon="13.299264"/>
<trkpt lat="46.497800" lon="13.299207"/>
<trkpt lat="46.497641" lon="13.299149"/>
<trkpt lat="46.497371" lon="13.299067"/>
</trkseg>
<trkseg>
<trkpt lat="46.497371" lon="13.299067"/>
<trkpt lat="46.497206" lon="13.299060"/>
<trkpt lat="46.496727" lon="13.299127"/>
<trkpt lat="46.496308" lon="13.299223"/>
<trkpt lat="46.496007" lon="13.299303"/>
<trkpt lat="46.495837" lon="13.299355"/>
<trkpt lat="46.495652" lon="13.299397"/>
<trkpt lat="46.494657" lon="13.299428"/>
<trkpt lat="46.493701" lon="13.299386"/>
<trkpt lat="46.493472" lon="13.299359"/>
<trkpt lat="46.492736" lon="13.299163"/>
<trkpt lat="46.492404" lon="13.299043"/>
<trkpt lat="46.491492" lon="13.298733"/>
</trkseg>
<trkseg>
<trkpt lat="46.491465" lon="13.298722"/>
<trkpt lat="46.491492" lon="13.298733"/>
</trkseg>
<trkseg>
<trkpt lat="46.477952" lon="13.295199"/>
<trkpt lat="46.477859" lon="13.295118"/>
</trkseg>
<trkseg>
<trkpt lat="46.477859" lon="13.295118"/>
<trkpt lat="46.477772" lon="13.295042"/>
<trkpt lat="46.477553" lon="13.294841"/>
</trkseg>
<trkseg>
<trkpt lat="46.498527" lon="13.299957"/>
<trkpt lat="46.498598" lon="13.299989"/>
</trkseg>
<trkseg>
<trkpt lat="46.508316" lon="13.314849"/>
<trkpt lat="46.508101" lon="13.312684"/>
</trkseg>
<trkseg>
<trkpt lat="46.393943" lon="13.218558"/>
<trkpt lat="46.393974" lon="13.218368"/>
</trkseg>
<trkseg>
<trkpt lat="46.366732" lon="13.134295"/>
<trkpt lat="46.366592" lon="13.134331"/>
</trkseg>
<trkseg>
<trkpt lat="46.336399" lon="13.140689"/>
<trkpt lat="46.336413" lon="13.140564"/>
<trkpt lat="46.336416" lon="13.140529"/>
<trkpt lat="46.336437" lon="13.140298"/>
</trkseg>
<trkseg>
<trkpt lat="46.507940" lon="13.533709"/>
<trkpt lat="46.508119" lon="13.533825"/>
<trkpt lat="46.508173" lon="13.533871"/>
<trkpt lat="46.508209" lon="13.533900"/>
</trkseg>
<trkseg>
<trkpt lat="46.508209" lon="13.533900"/>
<trkpt lat="46.508413" lon="13.534067"/>
<trkpt lat="46.508483" lon="13.534122"/>
<trkpt lat="46.508559" lon="13.534171"/>
<trkpt lat="46.508610" lon="13.534189"/>
<trkpt lat="46.508628" lon="13.534191"/>
<trkpt lat="46.508653" lon="13.534176"/>
<trkpt lat="46.508666" lon="13.534155"/>
<trkpt lat="46.508718" lon="13.534169"/>
</trkseg>
<trkseg>
<trkpt lat="46.508861" lon="13.463586"/>
<trkpt lat="46.508922" lon="13.464085"/>
</trkseg>
<trkseg>
<trkpt lat="46.508474" lon="13.460614"/>
<trkpt lat="46.508842" lon="13.463427"/>
<trkpt lat="46.508843" lon="13.463434"/>
<trkpt lat="46.508852" lon="13.463507"/>
<trkpt lat="46.508860" lon="13.463578"/>
<trkpt lat="46.508861" lon="13.463586"/>
</trkseg>
<trkseg>
<trkpt lat="46.501004" lon="13.501449"/>
<trkpt lat="46.501070" lon="13.501549"/>
<trkpt lat="46.501158" lon="13.501840"/>
</trkseg>
<trkseg>
<trkpt lat="46.501003" lon="13.501361"/>
<trkpt lat="46.501004" lon="13.501449"/>
</trkseg>
<trkseg>
<trkpt lat="46.501016" lon="13.501298"/>
<trkpt lat="46.501003" lon="13.501361"/>
</trkseg>
<trkseg>
<trkpt lat="46.501016" lon="13.501298"/>
<trkpt lat="46.501030" lon="13.501224"/>
</trkseg>
<trkseg>
<trkpt lat="46.501080" lon="13.499092"/>
<trkpt lat="46.501102" lon="13.498929"/>
<trkpt lat="46.501163" lon="13.498612"/>
<trkpt lat="46.501357" lon="13.498120"/>
<trkpt lat="46.501472" lon="13.497890"/>
<trkpt lat="46.501615" lon="13.497724"/>
<trkpt lat="46.501718" lon="13.497471"/>
<trkpt lat="46.501830" lon="13.497298"/>
</trkseg>
<trkseg>
<trkpt lat="46.501041" lon="13.499495"/>
<trkpt lat="46.501046" lon="13.499448"/>
<trkpt lat="46.501052" lon="13.499404"/>
<trkpt lat="46.501059" lon="13.499335"/>
<trkpt lat="46.501072" lon="13.499239"/>
<trkpt lat="46.501074" lon="13.499173"/>
<trkpt lat="46.501078" lon="13.499131"/>
<trkpt lat="46.501080" lon="13.499092"/>
</trkseg>
<trkseg>
<trkpt lat="46.508708" lon="13.534248"/>
<trkpt lat="46.508718" lon="13.534169"/>
</trkseg>
<trkseg>
<trkpt lat="46.397818" lon="13.178898"/>
<trkpt lat="46.397887" lon="13.179162"/>
</trkseg>
<trkseg>
<trkpt lat="46.396484" lon="13.194874"/>
<trkpt lat="46.396519" lon="13.194719"/>
</trkseg>
<trkseg>
<trkpt lat="46.396519" lon="13.194719"/>
<trkpt lat="46.396559" lon="13.194561"/>
</trkseg>
<trkseg>
<trkpt lat="46.393580" lon="13.221015"/>
<trkpt lat="46.393596" lon="13.220895"/>
</trkseg>
<trkseg>
<trkpt lat="46.393541" lon="13.221349"/>
<trkpt lat="46.393556" lon="13.221215"/>
<trkpt lat="46.393580" lon="13.221015"/>
</trkseg>
<trkseg>
<trkpt lat="46.506886" lon="13.532857"/>
<trkpt lat="46.506969" lon="13.532963"/>
<trkpt lat="46.507146" lon="13.533147"/>
<trkpt lat="46.507233" lon="13.533232"/>
<trkpt lat="46.507310" lon="13.533298"/>
<trkpt lat="46.507720" lon="13.533577"/>
<trkpt lat="46.507940" lon="13.533709"/>
</trkseg>
<trkseg>
<trkpt lat="46.509451" lon="13.468049"/>
<trkpt lat="46.509466" lon="13.468160"/>
<trkpt lat="46.509479" lon="13.468264"/>
</trkseg>
<trkseg>
<trkpt lat="46.508922" lon="13.464085"/>
<trkpt lat="46.509193" lon="13.466165"/>
<trkpt lat="46.509451" lon="13.468049"/>
</trkseg>
<trkseg>
<trkpt lat="46.509802" lon="13.471641"/>
<trkpt lat="46.509796" lon="13.471782"/>
<trkpt lat="46.509793" lon="13.471851"/>
<trkpt lat="46.509790" lon="13.471922"/>
<trkpt lat="46.509788" lon="13.471989"/>
</trkseg>
<trkseg>
<trkpt lat="46.509799" lon="13.471606"/>
<trkpt lat="46.509802" lon="13.471641"/>
</trkseg>
<trkseg>
<trkpt lat="46.508823" lon="13.480961"/>
<trkpt lat="46.508783" lon="13.481171"/>
<trkpt lat="46.508777" lon="13.481202"/>
</trkseg>
<trkseg>
<trkpt lat="46.508742" lon="13.481356"/>
<trkpt lat="46.508750" lon="13.481315"/>
<trkpt lat="46.508777" lon="13.481202"/>
</trkseg>
<trkseg>
<trkpt lat="46.504705" lon="13.520900"/>
<trkpt lat="46.504709" lon="13.520911"/>
<trkpt lat="46.504754" lon="13.521038"/>
<trkpt lat="46.504814" lon="13.521236"/>
</trkseg>
<trkseg>
<trkpt lat="46.504663" lon="13.520779"/>
<trkpt lat="46.504705" lon="13.520900"/>
</trkseg>
<trkseg>
<trkpt lat="46.510185" lon="13.547750"/>
<trkpt lat="46.510143" lon="13.548000"/>
<trkpt lat="46.510111" lon="13.548124"/>
<trkpt lat="46.510077" lon="13.548270"/>
<trkpt lat="46.510043" lon="13.548425"/>
<trkpt lat="46.510018" lon="13.548551"/>
<trkpt lat="46.509994" lon="13.548710"/>
<trkpt lat="46.509982" lon="13.548861"/>
<trkpt lat="46.509968" lon="13.549037"/>
<trkpt lat="46.509953" lon="13.549223"/>
<trkpt lat="46.509950" lon="13.549284"/>
<trkpt lat="46.509946" lon="13.549355"/>
</trkseg>
<trkseg>
<trkpt lat="46.509946" lon="13.549355"/>
<trkpt lat="46.509939" lon="13.549478"/>
</trkseg>
<trkseg>
<trkpt lat="46.508912" lon="13.560348"/>
<trkpt lat="46.508953" lon="13.560165"/>
<trkpt lat="46.508962" lon="13.560116"/>
<trkpt lat="46.508994" lon="13.559961"/>
<trkpt lat="46.509024" lon="13.559814"/>
<trkpt lat="46.509049" lon="13.559708"/>
<trkpt lat="46.509068" lon="13.559578"/>
<trkpt lat="46.509081" lon="13.559454"/>
<trkpt lat="46.509102" lon="13.559299"/>
</trkseg>
<trkseg>
<trkpt lat="46.508893" lon="13.560461"/>
<trkpt lat="46.508912" lon="13.560348"/>
</trkseg>
<trkseg>
<trkpt lat="46.504816" lon="13.580096"/>
<trkpt lat="46.504810" lon="13.580044"/>
<trkpt lat="46.504796" lon="13.579944"/>
<trkpt lat="46.504784" lon="13.579878"/>
<trkpt lat="46.504770" lon="13.579805"/>
<trkpt lat="46.504740" lon="13.579655"/>
<trkpt lat="46.504667" lon="13.579288"/>
</trkseg>
<trkseg>
<trkpt lat="46.504827" lon="13.580206"/>
<trkpt lat="46.504816" lon="13.580096"/>
</trkseg>
<trkseg>
<trkpt lat="46.504903" lon="13.574703"/>
<trkpt lat="46.504914" lon="13.574593"/>
<trkpt lat="46.504937" lon="13.574378"/>
<trkpt lat="46.504951" lon="13.574268"/>
<trkpt lat="46.504967" lon="13.574151"/>
<trkpt lat="46.504987" lon="13.574051"/>
<trkpt lat="46.505009" lon="13.573936"/>
<trkpt lat="46.505029" lon="13.573849"/>
<trkpt lat="46.505057" lon="13.573746"/>
<trkpt lat="46.505081" lon="13.573663"/>
<trkpt lat="46.505110" lon="13.573564"/>
<trkpt lat="46.505147" lon="13.573449"/>
<trkpt lat="46.505161" lon="13.573412"/>
</trkseg>
<trkseg>
<trkpt lat="46.505598" lon="13.572578"/>
<trkpt lat="46.505663" lon="13.572499"/>
</trkseg>
<trkseg>
<trkpt lat="46.505542" lon="13.572651"/>
<trkpt lat="46.505598" lon="13.572578"/>
</trkseg>
<trkseg>
<trkpt lat="46.505187" lon="13.573335"/>
<trkpt lat="46.505199" lon="13.573297"/>
<trkpt lat="46.505240" lon="13.573198"/>
<trkpt lat="46.505337" lon="13.572992"/>
<trkpt lat="46.505430" lon="13.572827"/>
<trkpt lat="46.505515" lon="13.572687"/>
<trkpt lat="46.505542" lon="13.572651"/>
</trkseg>
<trkseg>
<trkpt lat="46.505161" lon="13.573412"/>
<trkpt lat="46.505187" lon="13.573335"/>
</trkseg>
<trkseg>
<trkpt lat="46.504817" lon="13.575532"/>
<trkpt lat="46.504823" lon="13.575476"/>
<trkpt lat="46.504847" lon="13.575231"/>
<trkpt lat="46.504869" lon="13.575017"/>
<trkpt lat="46.504891" lon="13.574807"/>
</trkseg>
<trkseg>
<trkpt lat="46.504891" lon="13.574807"/>
<trkpt lat="46.504903" lon="13.574703"/>
</trkseg>
<trkseg>
<trkpt lat="46.398509" lon="13.181526"/>
<trkpt lat="46.398340" lon="13.180896"/>
</trkseg>
<trkseg>
<trkpt lat="46.475636" lon="13.293336"/>
<trkpt lat="46.475592" lon="13.293308"/>
</trkseg>
<trkseg>
<trkpt lat="46.475721" lon="13.293397"/>
<trkpt lat="46.475636" lon="13.293336"/>
</trkseg>
<trkseg>
<trkpt lat="46.505610" lon="13.305013"/>
<trkpt lat="46.505655" lon="13.305074"/>
</trkseg>
<trkseg>
<trkpt lat="46.354216" lon="13.139350"/>
<trkpt lat="46.354033" lon="13.139401"/>
</trkseg>
<trkseg>
<trkpt lat="46.357979" lon="13.137603"/>
<trkpt lat="46.358470" lon="13.137363"/>
<trkpt lat="46.358531" lon="13.137333"/>
<trkpt lat="46.358976" lon="13.137141"/>
</trkseg>
<trkseg>
<trkpt lat="46.395275" lon="13.208616"/>
<trkpt lat="46.395269" lon="13.208837"/>
</trkseg>
<trkseg>
<trkpt lat="46.335504" lon="13.140143"/>
<trkpt lat="46.335625" lon="13.140156"/>
<trkpt lat="46.335745" lon="13.140170"/>
</trkseg>
<trkseg>
<trkpt lat="46.510625" lon="13.545507"/>
<trkpt lat="46.510603" lon="13.545719"/>
<trkpt lat="46.510568" lon="13.545971"/>
<trkpt lat="46.510536" lon="13.546179"/>
<trkpt lat="46.510480" lon="13.546425"/>
<trkpt lat="46.510428" lon="13.546616"/>
<trkpt lat="46.510285" lon="13.547271"/>
<trkpt lat="46.510247" lon="13.547469"/>
<trkpt lat="46.510185" lon="13.547750"/>
</trkseg>
<trkseg>
<trkpt lat="46.504842" lon="13.580376"/>
<trkpt lat="46.504833" lon="13.580270"/>
<trkpt lat="46.504827" lon="13.580206"/>
</trkseg>
<trkseg>
<trkpt lat="46.447222" lon="13.318126"/>
<trkpt lat="46.447667" lon="13.318337"/>
<trkpt lat="46.448018" lon="13.318429"/>
<trkpt lat="46.448214" lon="13.318467"/>
</trkseg>
<trkseg>
<trkpt lat="46.500934" lon="13.391846"/>
<trkpt lat="46.500926" lon="13.391889"/>
<trkpt lat="46.500918" lon="13.391946"/>
<trkpt lat="46.500818" lon="13.392596"/>
<trkpt lat="46.500581" lon="13.394276"/>
<trkpt lat="46.500339" lon="13.395867"/>
<trkpt lat="46.500175" lon="13.397220"/>
<trkpt lat="46.500089" lon="13.398061"/>
</trkseg>
<trkseg>
<trkpt lat="46.500953" lon="13.391732"/>
<trkpt lat="46.500934" lon="13.391846"/>
</trkseg>
<trkseg>
<trkpt lat="46.379646" lon="13.136530"/>
<trkpt lat="46.379476" lon="13.136260"/>
</trkseg>
<trkseg>
<trkpt lat="46.498675" lon="13.300025"/>
<trkpt lat="46.498806" lon="13.300082"/>
<trkpt lat="46.498948" lon="13.300129"/>
<trkpt lat="46.499191" lon="13.300220"/>
</trkseg>
<trkseg>
<trkpt lat="46.386786" lon="13.156688"/>
<trkpt lat="46.386919" lon="13.154831"/>
<trkpt lat="46.386976" lon="13.154084"/>
<trkpt lat="46.387003" lon="13.153597"/>
</trkseg>
<trkseg>
<trkpt lat="46.387040" lon="13.152327"/>
<trkpt lat="46.387022" lon="13.152100"/>
</trkseg>
<trkseg>
<trkpt lat="46.393581" lon="13.166683"/>
<trkpt lat="46.394003" lon="13.167397"/>
<trkpt lat="46.394633" lon="13.168556"/>
<trkpt lat="46.394978" lon="13.169308"/>
<trkpt lat="46.395525" lon="13.170618"/>
</trkseg>
<trkseg>
<trkpt lat="46.393528" lon="13.166594"/>
<trkpt lat="46.393581" lon="13.166683"/>
</trkseg>
<trkseg>
<trkpt lat="46.505659" lon="13.525683"/>
<trkpt lat="46.505665" lon="13.526050"/>
<trkpt lat="46.505674" lon="13.526366"/>
<trkpt lat="46.505694" lon="13.526636"/>
</trkseg>
<trkseg>
<trkpt lat="46.505663" lon="13.525581"/>
<trkpt lat="46.505659" lon="13.525683"/>
</trkseg>
<trkseg>
<trkpt lat="46.508072" lon="13.312310"/>
<trkpt lat="46.507993" lon="13.311491"/>
</trkseg>
<trkseg>
<trkpt lat="46.508084" lon="13.312461"/>
<trkpt lat="46.508072" lon="13.312310"/>
</trkseg>
<trkseg>
<trkpt lat="46.380715" lon="13.135084"/>
<trkpt lat="46.380637" lon="13.135062"/>
<trkpt lat="46.380578" lon="13.135035"/>
<trkpt lat="46.380528" lon="13.135039"/>
<trkpt lat="46.380483" lon="13.135070"/>
<trkpt lat="46.380431" lon="13.135121"/>
<trkpt lat="46.380404" lon="13.135173"/>
<trkpt lat="46.380363" lon="13.135250"/>
<trkpt lat="46.380310" lon="13.135370"/>
<trkpt lat="46.380210" lon="13.135608"/>
<trkpt lat="46.380100" lon="13.135778"/>
<trkpt lat="46.379914" lon="13.136026"/>
<trkpt lat="46.379784" lon="13.136242"/>
<trkpt lat="46.379742" lon="13.136321"/>
<trkpt lat="46.379701" lon="13.136441"/>
<trkpt lat="46.379674" lon="13.136485"/>
<trkpt lat="46.379646" lon="13.136530"/>
</trkseg>
<trkseg>
<trkpt lat="46.397660" lon="13.178302"/>
<trkpt lat="46.397714" lon="13.178508"/>
<trkpt lat="46.397818" lon="13.178898"/>
</trkseg>
<trkseg>
<trkpt lat="46.387003" lon="13.153597"/>
<trkpt lat="46.387043" lon="13.152883"/>
<trkpt lat="46.387047" lon="13.152648"/>
</trkseg>
<trkseg>
<trkpt lat="46.387047" lon="13.152648"/>
<trkpt lat="46.387040" lon="13.152327"/>
</trkseg>
<trkseg>
<trkpt lat="46.502993" lon="13.380498"/>
<trkpt lat="46.502714" lon="13.381144"/>
</trkseg>
<trkseg>
<trkpt lat="46.396200" lon="13.266867"/>
<trkpt lat="46.396161" lon="13.266636"/>
</trkseg>
<trkseg>
<trkpt lat="46.510876" lon="13.351709"/>
<trkpt lat="46.510821" lon="13.352103"/>
<trkpt lat="46.510611" lon="13.352950"/>
<trkpt lat="46.510523" lon="13.353421"/>
</trkseg>
<trkseg>
<trkpt lat="46.510301" lon="13.354559"/>
<trkpt lat="46.510208" lon="13.354836"/>
</trkseg>
<trkseg>
<trkpt lat="46.510391" lon="13.354172"/>
<trkpt lat="46.510301" lon="13.354559"/>
</trkseg>
<trkseg>
<trkpt lat="46.510523" lon="13.353421"/>
<trkpt lat="46.510488" lon="13.353653"/>
<trkpt lat="46.510391" lon="13.354172"/>
</trkseg>
<trkseg>
<trkpt lat="46.476956" lon="13.294293"/>
<trkpt lat="46.477136" lon="13.294458"/>
</trkseg>
<trkseg>
<trkpt lat="46.477351" lon="13.294655"/>
<trkpt lat="46.477553" lon="13.294841"/>
</trkseg>
<trkseg>
<trkpt lat="46.466018" lon="13.294129"/>
<trkpt lat="46.466185" lon="13.293914"/>
<trkpt lat="46.466326" lon="13.293760"/>
</trkseg>
<trkseg>
<trkpt lat="46.465232" lon="13.295137"/>
<trkpt lat="46.465363" lon="13.294997"/>
<trkpt lat="46.465504" lon="13.294827"/>
</trkseg>
<trkseg>
<trkpt lat="46.419073" lon="13.319501"/>
<trkpt lat="46.419270" lon="13.319709"/>
</trkseg>
<trkseg>
<trkpt lat="46.419270" lon="13.319709"/>
<trkpt lat="46.419413" lon="13.319877"/>
</trkseg>
<trkseg>
<trkpt lat="46.335287" lon="13.140114"/>
<trkpt lat="46.335050" lon="13.140064"/>
<trkpt lat="46.334752" lon="13.139992"/>
<trkpt lat="46.334581" lon="13.139932"/>
</trkseg>
<trkseg>
<trkpt lat="46.512078" lon="13.332325"/>
<trkpt lat="46.511983" lon="13.332120"/>
</trkseg>
<trkseg>
<trkpt lat="46.512266" lon="13.335766"/>
<trkpt lat="46.512285" lon="13.336444"/>
<trkpt lat="46.512270" lon="13.337090"/>
<trkpt lat="46.512269" lon="13.337103"/>
</trkseg>
<trkseg>
<trkpt lat="46.512269" lon="13.337103"/>
<trkpt lat="46.512262" lon="13.337219"/>
</trkseg>
<trkseg>
<trkpt lat="46.512262" lon="13.337219"/>
<trkpt lat="46.512261" lon="13.337230"/>
<trkpt lat="46.512098" lon="13.338665"/>
<trkpt lat="46.512090" lon="13.338725"/>
</trkseg>
<trkseg>
<trkpt lat="46.512090" lon="13.338725"/>
<trkpt lat="46.512071" lon="13.338855"/>
</trkseg>
</trk>
<trk><name>CAAR7 Venzone → Udine</name>
<trkseg>
<trkpt lat="46.181551" lon="13.145931"/>
<trkpt lat="46.181575" lon="13.145926"/>
<trkpt lat="46.181697" lon="13.145877"/>
<trkpt lat="46.183214" lon="13.144760"/>
<trkpt lat="46.184306" lon="13.143869"/>
<trkpt lat="46.184874" lon="13.143484"/>
<trkpt lat="46.185179" lon="13.143212"/>
<trkpt lat="46.185840" lon="13.142885"/>
<trkpt lat="46.186055" lon="13.142787"/>
<trkpt lat="46.186156" lon="13.142769"/>
</trkseg>
<trkseg>
<trkpt lat="46.333820" lon="13.137283"/>
<trkpt lat="46.333843" lon="13.137381"/>
<trkpt lat="46.333880" lon="13.137500"/>
</trkseg>
<trkseg>
<trkpt lat="46.333969" lon="13.136893"/>
<trkpt lat="46.333926" lon="13.136959"/>
<trkpt lat="46.333897" lon="13.136990"/>
<trkpt lat="46.333866" lon="13.137018"/>
<trkpt lat="46.333829" lon="13.137046"/>
<trkpt lat="46.333786" lon="13.137071"/>
<trkpt lat="46.333736" lon="13.137092"/>
<trkpt lat="46.333680" lon="13.137109"/>
<trkpt lat="46.333566" lon="13.137130"/>
<trkpt lat="46.333225" lon="13.137194"/>
<trkpt lat="46.333138" lon="13.137210"/>
<trkpt lat="46.333100" lon="13.137226"/>
<trkpt lat="46.333070" lon="13.137246"/>
<trkpt lat="46.333040" lon="13.137277"/>
<trkpt lat="46.333024" lon="13.137296"/>
</trkseg>
<trkseg>
<trkpt lat="46.251976" lon="13.115601"/>
<trkpt lat="46.251942" lon="13.115658"/>
<trkpt lat="46.251925" lon="13.115682"/>
<trkpt lat="46.251901" lon="13.115706"/>
<trkpt lat="46.251765" lon="13.115753"/>
</trkseg>
<trkseg>
<trkpt lat="46.271942" lon="13.130925"/>
<trkpt lat="46.272593" lon="13.130620"/>
<trkpt lat="46.272678" lon="13.130577"/>
<trkpt lat="46.272832" lon="13.130501"/>
<trkpt lat="46.273258" lon="13.130308"/>
<trkpt lat="46.273444" lon="13.130208"/>
<trkpt lat="46.273537" lon="13.130136"/>
</trkseg>
<trkseg>
<trkpt lat="46.333706" lon="13.139421"/>
<trkpt lat="46.333655" lon="13.139348"/>
</trkseg>
<trkseg>
<trkpt lat="46.127389" lon="13.214273"/>
<trkpt lat="46.127343" lon="13.214381"/>
<trkpt lat="46.127289" lon="13.214461"/>
<trkpt lat="46.127213" lon="13.214523"/>
<trkpt lat="46.126897" lon="13.214636"/>
<trkpt lat="46.126649" lon="13.214754"/>
<trkpt lat="46.126349" lon="13.214918"/>
</trkseg>
<trkseg>
<trkpt lat="46.127458" lon="13.214260"/>
<trkpt lat="46.127524" lon="13.214365"/>
<trkpt lat="46.127596" lon="13.214473"/>
<trkpt lat="46.127658" lon="13.214550"/>
<trkpt lat="46.127718" lon="13.214596"/>
<trkpt lat="46.127774" lon="13.214622"/>
<trkpt lat="46.127838" lon="13.214635"/>
<trkpt lat="46.127882" lon="13.214640"/>
</trkseg>
<trkseg>
<trkpt lat="46.127882" lon="13.214640"/>
<trkpt lat="46.127966" lon="13.214711"/>
</trkseg>
<trkseg>
<trkpt lat="46.101101" lon="13.211558"/>
<trkpt lat="46.101115" lon="13.211544"/>
<trkpt lat="46.101126" lon="13.211528"/>
<trkpt lat="46.101134" lon="13.211510"/>
<trkpt lat="46.101140" lon="13.211490"/>
<trkpt lat="46.101143" lon="13.211468"/>
<trkpt lat="46.101144" lon="13.211447"/>
<trkpt lat="46.101142" lon="13.211425"/>
<trkpt lat="46.101134" lon="13.211393"/>
</trkseg>
<trkseg>
<trkpt lat="46.101076" lon="13.211806"/>
<trkpt lat="46.101082" lon="13.212037"/>
<trkpt lat="46.101087" lon="13.212219"/>
<trkpt lat="46.101109" lon="13.213020"/>
</trkseg>
<trkseg>
<trkpt lat="46.101004" lon="13.211548"/>
<trkpt lat="46.101047" lon="13.211700"/>
<trkpt lat="46.101076" lon="13.211806"/>
</trkseg>
<trkseg>
<trkpt lat="46.101076" lon="13.211806"/>
<trkpt lat="46.101089" lon="13.211680"/>
<trkpt lat="46.101101" lon="13.211558"/>
</trkseg>
<trkseg>
<trkpt lat="46.067986" lon="13.230087"/>
<trkpt lat="46.067931" lon="13.230105"/>
<trkpt lat="46.067793" lon="13.230151"/>
<trkpt lat="46.067660" lon="13.230232"/>
<trkpt lat="46.067518" lon="13.230327"/>
</trkseg>
<trkseg>
<trkpt lat="46.094825" lon="13.202987"/>
<trkpt lat="46.094622" lon="13.203053"/>
<trkpt lat="46.094024" lon="13.203246"/>
<trkpt lat="46.093869" lon="13.203277"/>
<trkpt lat="46.093712" lon="13.203234"/>
<trkpt lat="46.093451" lon="13.203057"/>
<trkpt lat="46.093228" lon="13.202895"/>
<trkpt lat="46.093162" lon="13.202862"/>
<trkpt lat="46.093034" lon="13.202827"/>
</trkseg>
<trkseg>
<trkpt lat="46.093034" lon="13.202827"/>
<trkpt lat="46.092927" lon="13.202827"/>
<trkpt lat="46.092629" lon="13.202909"/>
<trkpt lat="46.092282" lon="13.203032"/>
<trkpt lat="46.091817" lon="13.203216"/>
<trkpt lat="46.091547" lon="13.203295"/>
<trkpt lat="46.091428" lon="13.203282"/>
</trkseg>
<trkseg>
<trkpt lat="46.091050" lon="13.202133"/>
<trkpt lat="46.090950" lon="13.202152"/>
</trkseg>
<trkseg>
<trkpt lat="46.091009" lon="13.203499"/>
<trkpt lat="46.091428" lon="13.203282"/>
</trkseg>
<trkseg>
<trkpt lat="46.333969" lon="13.136893"/>
<trkpt lat="46.334049" lon="13.136751"/>
</trkseg>
<trkseg>
<trkpt lat="46.334049" lon="13.136751"/>
<trkpt lat="46.334327" lon="13.136232"/>
</trkseg>
<trkseg>
<trkpt lat="46.070938" lon="13.227422"/>
<trkpt lat="46.070544" lon="13.227964"/>
<trkpt lat="46.070444" lon="13.228028"/>
<trkpt lat="46.070379" lon="13.228060"/>
<trkpt lat="46.070334" lon="13.228073"/>
<trkpt lat="46.070322" lon="13.228077"/>
<trkpt lat="46.070288" lon="13.228077"/>
<trkpt lat="46.070269" lon="13.228074"/>
<trkpt lat="46.070250" lon="13.228072"/>
</trkseg>
<trkseg>
<trkpt lat="46.083370" lon="13.195444"/>
<trkpt lat="46.083382" lon="13.195427"/>
<trkpt lat="46.083479" lon="13.195303"/>
<trkpt lat="46.083514" lon="13.195249"/>
<trkpt lat="46.083527" lon="13.195211"/>
<trkpt lat="46.083532" lon="13.195172"/>
<trkpt lat="46.083538" lon="13.194446"/>
<trkpt lat="46.083540" lon="13.194366"/>
<trkpt lat="46.083550" lon="13.194296"/>
<trkpt lat="46.083565" lon="13.194235"/>
<trkpt lat="46.083587" lon="13.194172"/>
<trkpt lat="46.084049" lon="13.192894"/>
<trkpt lat="46.084070" lon="13.192813"/>
<trkpt lat="46.084073" lon="13.192750"/>
<trkpt lat="46.084069" lon="13.192698"/>
<trkpt lat="46.084055" lon="13.192634"/>
<trkpt lat="46.084029" lon="13.192577"/>
<trkpt lat="46.083993" lon="13.192526"/>
<trkpt lat="46.083950" lon="13.192487"/>
<trkpt lat="46.083890" lon="13.192440"/>
<trkpt lat="46.083827" lon="13.192402"/>
<trkpt lat="46.083766" lon="13.192376"/>
<trkpt lat="46.083643" lon="13.192332"/>
<trkpt lat="46.083429" lon="13.192296"/>
<trkpt lat="46.083236" lon="13.192264"/>
<trkpt lat="46.083156" lon="13.192248"/>
<trkpt lat="46.083098" lon="13.192224"/>
<trkpt lat="46.083076" lon="13.192204"/>
</trkseg>
<trkseg>
<trkpt lat="46.083142" lon="13.191078"/>
<trkpt lat="46.083172" lon="13.190843"/>
<trkpt lat="46.083231" lon="13.190150"/>
<trkpt lat="46.083256" lon="13.189676"/>
</trkseg>
<trkseg>
<trkpt lat="46.083040" lon="13.191896"/>
<trkpt lat="46.083142" lon="13.191078"/>
</trkseg>
<trkseg>
<trkpt lat="46.083589" lon="13.199705"/>
<trkpt lat="46.083567" lon="13.199545"/>
<trkpt lat="46.083513" lon="13.199182"/>
<trkpt lat="46.083498" lon="13.199076"/>
<trkpt lat="46.083520" lon="13.198991"/>
<trkpt lat="46.083539" lon="13.198937"/>
</trkseg>
<trkseg>
<trkpt lat="46.072570" lon="13.223799"/>
<trkpt lat="46.072721" lon="13.224124"/>
</trkseg>
<trkseg>
<trkpt lat="46.072721" lon="13.224124"/>
<trkpt lat="46.072681" lon="13.224228"/>
<trkpt lat="46.072396" lon="13.224887"/>
<trkpt lat="46.072337" lon="13.225024"/>
<trkpt lat="46.072014" lon="13.225709"/>
<trkpt lat="46.071396" lon="13.226715"/>
<trkpt lat="46.070938" lon="13.227422"/>
</trkseg>
<trkseg>
<trkpt lat="46.070791" lon="13.221196"/>
<trkpt lat="46.071054" lon="13.220602"/>
<trkpt lat="46.071101" lon="13.220495"/>
</trkseg>
<trkseg>
<trkpt lat="46.071604" lon="13.221994"/>
<trkpt lat="46.071588" lon="13.221966"/>
<trkpt lat="46.071567" lon="13.221933"/>
<trkpt lat="46.071548" lon="13.221910"/>
<trkpt lat="46.071525" lon="13.221885"/>
<trkpt lat="46.070791" lon="13.221196"/>
</trkseg>
<trkseg>
<trkpt lat="46.170613" lon="13.169343"/>
<trkpt lat="46.170653" lon="13.169243"/>
</trkseg>
<trkseg>
<trkpt lat="46.170653" lon="13.169243"/>
<trkpt lat="46.170764" lon="13.168958"/>
<trkpt lat="46.170995" lon="13.168376"/>
<trkpt lat="46.171113" lon="13.168100"/>
<trkpt lat="46.171170" lon="13.167911"/>
<trkpt lat="46.171232" lon="13.167709"/>
</trkseg>
<trkseg>
<trkpt lat="46.101087" lon="13.214585"/>
<trkpt lat="46.101124" lon="13.214326"/>
</trkseg>
<trkseg>
<trkpt lat="46.120408" lon="13.211445"/>
<trkpt lat="46.121105" lon="13.211316"/>
<trkpt lat="46.121327" lon="13.211272"/>
<trkpt lat="46.121568" lon="13.211208"/>
<trkpt lat="46.121827" lon="13.211108"/>
<trkpt lat="46.122037" lon="13.211001"/>
<trkpt lat="46.122218" lon="13.210853"/>
<trkpt lat="46.122406" lon="13.210671"/>
<trkpt lat="46.122619" lon="13.210432"/>
<trkpt lat="46.122879" lon="13.210088"/>
<trkpt lat="46.123358" lon="13.209474"/>
<trkpt lat="46.123525" lon="13.209243"/>
<trkpt lat="46.123578" lon="13.209199"/>
<trkpt lat="46.123669" lon="13.209150"/>
<trkpt lat="46.123863" lon="13.209079"/>
<trkpt lat="46.124291" lon="13.208977"/>
<trkpt lat="46.124905" lon="13.208820"/>
</trkseg>
<trkseg>
<trkpt lat="46.147603" lon="13.196256"/>
<trkpt lat="46.147711" lon="13.196292"/>
</trkseg>
<trkseg>
<trkpt lat="46.164804" lon="13.174413"/>
<trkpt lat="46.164558" lon="13.174570"/>
<trkpt lat="46.164185" lon="13.174794"/>
<trkpt lat="46.163542" lon="13.175180"/>
<trkpt lat="46.162607" lon="13.175679"/>
<trkpt lat="46.162343" lon="13.175835"/>
<trkpt lat="46.162224" lon="13.175944"/>
<trkpt lat="46.162121" lon="13.176095"/>
<trkpt lat="46.161715" lon="13.176804"/>
</trkseg>
<trkseg>
<trkpt lat="46.167754" lon="13.173927"/>
<trkpt lat="46.167566" lon="13.173788"/>
</trkseg>
<trkseg>
<trkpt lat="46.167566" lon="13.173788"/>
<trkpt lat="46.167454" lon="13.173729"/>
<trkpt lat="46.167164" lon="13.173577"/>
<trkpt lat="46.166761" lon="13.173516"/>
<trkpt lat="46.166568" lon="13.173540"/>
<trkpt lat="46.166366" lon="13.173565"/>
<trkpt lat="46.165970" lon="13.173744"/>
<trkpt lat="46.165582" lon="13.173958"/>
<trkpt lat="46.164804" lon="13.174413"/>
</trkseg>
<trkseg>
<trkpt lat="46.298111" lon="13.119055"/>
<trkpt lat="46.298037" lon="13.119054"/>
<trkpt lat="46.297907" lon="13.119058"/>
</trkseg>
<trkseg>
<trkpt lat="46.299076" lon="13.120370"/>
<trkpt lat="46.299130" lon="13.120410"/>
<trkpt lat="46.299150" lon="13.120427"/>
<trkpt lat="46.299167" lon="13.120444"/>
<trkpt lat="46.299183" lon="13.120467"/>
<trkpt lat="46.299196" lon="13.120497"/>
<trkpt lat="46.299204" lon="13.120519"/>
<trkpt lat="46.299214" lon="13.120553"/>
<trkpt lat="46.299233" lon="13.120672"/>
<trkpt lat="46.299241" lon="13.120707"/>
<trkpt lat="46.299252" lon="13.120739"/>
<trkpt lat="46.299262" lon="13.120761"/>
<trkpt lat="46.299277" lon="13.120780"/>
<trkpt lat="46.299305" lon="13.120809"/>
<trkpt lat="46.299368" lon="13.120872"/>
<trkpt lat="46.299391" lon="13.120904"/>
<trkpt lat="46.299420" lon="13.120947"/>
</trkseg>
<trkseg>
<trkpt lat="46.228387" lon="13.108228"/>
<trkpt lat="46.228460" lon="13.108268"/>
<trkpt lat="46.228633" lon="13.108361"/>
<trkpt lat="46.231390" lon="13.110254"/>
<trkpt lat="46.232219" lon="13.110841"/>
<trkpt lat="46.232470" lon="13.111045"/>
<trkpt lat="46.232991" lon="13.111570"/>
<trkpt lat="46.233781" lon="13.112373"/>
<trkpt lat="46.234114" lon="13.112758"/>
<trkpt lat="46.234399" lon="13.113171"/>
<trkpt lat="46.234519" lon="13.113293"/>
<trkpt lat="46.234653" lon="13.113370"/>
<trkpt lat="46.234841" lon="13.113458"/>
<trkpt lat="46.234945" lon="13.113483"/>
<trkpt lat="46.235062" lon="13.113494"/>
<trkpt lat="46.235121" lon="13.113491"/>
<trkpt lat="46.235187" lon="13.113480"/>
<trkpt lat="46.235255" lon="13.113465"/>
<trkpt lat="46.235383" lon="13.113418"/>
<trkpt lat="46.235515" lon="13.113364"/>
<trkpt lat="46.236198" lon="13.113002"/>
<trkpt lat="46.236311" lon="13.112952"/>
<trkpt lat="46.236379" lon="13.112931"/>
<trkpt lat="46.236453" lon="13.112918"/>
<trkpt lat="46.236554" lon="13.112914"/>
<trkpt lat="46.237501" lon="13.112994"/>
<trkpt lat="46.237616" lon="13.112998"/>
</trkseg>
<trkseg>
<trkpt lat="46.237151" lon="13.115727"/>
<trkpt lat="46.237198" lon="13.115735"/>
<trkpt lat="46.237562" lon="13.115793"/>
<trkpt lat="46.240716" lon="13.116153"/>
<trkpt lat="46.240899" lon="13.116184"/>
</trkseg>
<trkseg>
<trkpt lat="46.243562" lon="13.116537"/>
<trkpt lat="46.243710" lon="13.116532"/>
<trkpt lat="46.243912" lon="13.116526"/>
<trkpt lat="46.244715" lon="13.116501"/>
<trkpt lat="46.245180" lon="13.116487"/>
<trkpt lat="46.245427" lon="13.116480"/>
<trkpt lat="46.246204" lon="13.116404"/>
<trkpt lat="46.246252" lon="13.116399"/>
<trkpt lat="46.247132" lon="13.116302"/>
<trkpt lat="46.248124" lon="13.116188"/>
<trkpt lat="46.248455" lon="13.116151"/>
<trkpt lat="46.249369" lon="13.116075"/>
</trkseg>
<trkseg>
<trkpt lat="46.252263" lon="13.116028"/>
<trkpt lat="46.253140" lon="13.116948"/>
<trkpt lat="46.253226" lon="13.117031"/>
<trkpt lat="46.253311" lon="13.117115"/>
<trkpt lat="46.253912" lon="13.117687"/>
<trkpt lat="46.254269" lon="13.118028"/>
<trkpt lat="46.254720" lon="13.118436"/>
<trkpt lat="46.255607" lon="13.119262"/>
<trkpt lat="46.256100" lon="13.119717"/>
<trkpt lat="46.256666" lon="13.120599"/>
<trkpt lat="46.258298" lon="13.123139"/>
<trkpt lat="46.258631" lon="13.123593"/>
<trkpt lat="46.258872" lon="13.123911"/>
<trkpt lat="46.260017" lon="13.125174"/>
<trkpt lat="46.260951" lon="13.126285"/>
<trkpt lat="46.261539" lon="13.126962"/>
<trkpt lat="46.262133" lon="13.127651"/>
<trkpt lat="46.262185" lon="13.127707"/>
<trkpt lat="46.262267" lon="13.127794"/>
<trkpt lat="46.262342" lon="13.127864"/>
<trkpt lat="46.263541" lon="13.128782"/>
<trkpt lat="46.263621" lon="13.128843"/>
<trkpt lat="46.263682" lon="13.128900"/>
<trkpt lat="46.263738" lon="13.128968"/>
<trkpt lat="46.263778" lon="13.129027"/>
<trkpt lat="46.263859" lon="13.129146"/>
<trkpt lat="46.263909" lon="13.129236"/>
<trkpt lat="46.263942" lon="13.129309"/>
<trkpt lat="46.264070" lon="13.129641"/>
<trkpt lat="46.264092" lon="13.129688"/>
<trkpt lat="46.264120" lon="13.129730"/>
</trkseg>
<trkseg>
<trkpt lat="46.228099" lon="13.108149"/>
<trkpt lat="46.228387" lon="13.108228"/>
</trkseg>
<trkseg>
<trkpt lat="46.249369" lon="13.116075"/>
<trkpt lat="46.249947" lon="13.116012"/>
<trkpt lat="46.250704" lon="13.115922"/>
<trkpt lat="46.250989" lon="13.115886"/>
<trkpt lat="46.251381" lon="13.115836"/>
</trkseg>
<trkseg>
<trkpt lat="46.330858" lon="13.139656"/>
<trkpt lat="46.330799" lon="13.139651"/>
<trkpt lat="46.330714" lon="13.139628"/>
<trkpt lat="46.330636" lon="13.139597"/>
<trkpt lat="46.330541" lon="13.139538"/>
<trkpt lat="46.330439" lon="13.139484"/>
<trkpt lat="46.330304" lon="13.139399"/>
<trkpt lat="46.330260" lon="13.139366"/>
<trkpt lat="46.330225" lon="13.139327"/>
<trkpt lat="46.330195" lon="13.139285"/>
<trkpt lat="46.330168" lon="13.139233"/>
<trkpt lat="46.330135" lon="13.139153"/>
<trkpt lat="46.330124" lon="13.139122"/>
<trkpt lat="46.330114" lon="13.139084"/>
<trkpt lat="46.330106" lon="13.139034"/>
<trkpt lat="46.330100" lon="13.138971"/>
<trkpt lat="46.330092" lon="13.138894"/>
<trkpt lat="46.330084" lon="13.138839"/>
<trkpt lat="46.330076" lon="13.138799"/>
<trkpt lat="46.330065" lon="13.138765"/>
<trkpt lat="46.330036" lon="13.138700"/>
<trkpt lat="46.329671" lon="13.138026"/>
<trkpt lat="46.329589" lon="13.137872"/>
<trkpt lat="46.329237" lon="13.137151"/>
</trkseg>
<trkseg>
<trkpt lat="46.331905" lon="13.138753"/>
<trkpt lat="46.331790" lon="13.138877"/>
<trkpt lat="46.331749" lon="13.138935"/>
<trkpt lat="46.331702" lon="13.139017"/>
<trkpt lat="46.331670" lon="13.139089"/>
<trkpt lat="46.331628" lon="13.139246"/>
<trkpt lat="46.331603" lon="13.139408"/>
<trkpt lat="46.331589" lon="13.139547"/>
<trkpt lat="46.331586" lon="13.139651"/>
</trkseg>
<trkseg>
<trkpt lat="46.264120" lon="13.129730"/>
<trkpt lat="46.264180" lon="13.129781"/>
<trkpt lat="46.264236" lon="13.129795"/>
<trkpt lat="46.264384" lon="13.129799"/>
<trkpt lat="46.264705" lon="13.129774"/>
<trkpt lat="46.265341" lon="13.129718"/>
<trkpt lat="46.265410" lon="13.129714"/>
<trkpt lat="46.265730" lon="13.129696"/>
<trkpt lat="46.266122" lon="13.129709"/>
<trkpt lat="46.266914" lon="13.129740"/>
<trkpt lat="46.268098" lon="13.129806"/>
<trkpt lat="46.268508" lon="13.129829"/>
<trkpt lat="46.268817" lon="13.129894"/>
<trkpt lat="46.269150" lon="13.130005"/>
<trkpt lat="46.269915" lon="13.130264"/>
<trkpt lat="46.271752" lon="13.130905"/>
<trkpt lat="46.271831" lon="13.130925"/>
<trkpt lat="46.271873" lon="13.130931"/>
<trkpt lat="46.271942" lon="13.130925"/>
</trkseg>
<trkseg>
<trkpt lat="46.275186" lon="13.130875"/>
<trkpt lat="46.275235" lon="13.131007"/>
</trkseg>
<trkseg>
<trkpt lat="46.274318" lon="13.130380"/>
<trkpt lat="46.274428" lon="13.130311"/>
<trkpt lat="46.274831" lon="13.130059"/>
<trkpt lat="46.274851" lon="13.130043"/>
<trkpt lat="46.274871" lon="13.130027"/>
</trkseg>
<trkseg>
<trkpt lat="46.273537" lon="13.130136"/>
<trkpt lat="46.273563" lon="13.130122"/>
<trkpt lat="46.273848" lon="13.129970"/>
<trkpt lat="46.273871" lon="13.130051"/>
<trkpt lat="46.273972" lon="13.130093"/>
<trkpt lat="46.274002" lon="13.130109"/>
</trkseg>
<trkseg>
<trkpt lat="46.272590" lon="13.133864"/>
<trkpt lat="46.272621" lon="13.133936"/>
</trkseg>
<trkseg>
<trkpt lat="46.210472" lon="13.101442"/>
<trkpt lat="46.210401" lon="13.101390"/>
</trkseg>
<trkseg>
<trkpt lat="46.210401" lon="13.101390"/>
<trkpt lat="46.210371" lon="13.101373"/>
<trkpt lat="46.210342" lon="13.101388"/>
<trkpt lat="46.210172" lon="13.101843"/>
<trkpt lat="46.209913" lon="13.102313"/>
<trkpt lat="46.209388" lon="13.103454"/>
<trkpt lat="46.209282" lon="13.103690"/>
<trkpt lat="46.209094" lon="13.104120"/>
<trkpt lat="46.208922" lon="13.104502"/>
<trkpt lat="46.208707" lon="13.105042"/>
<trkpt lat="46.208540" lon="13.105488"/>
<trkpt lat="46.208514" lon="13.105536"/>
<trkpt lat="46.208482" lon="13.105550"/>
<trkpt lat="46.208448" lon="13.105546"/>
<trkpt lat="46.208014" lon="13.105355"/>
<trkpt lat="46.207936" lon="13.105338"/>
<trkpt lat="46.207890" lon="13.105346"/>
<trkpt lat="46.207868" lon="13.105378"/>
<trkpt lat="46.207864" lon="13.105419"/>
<trkpt lat="46.207868" lon="13.105511"/>
<trkpt lat="46.207857" lon="13.105582"/>
<trkpt lat="46.207820" lon="13.105624"/>
<trkpt lat="46.207762" lon="13.105659"/>
<trkpt lat="46.207728" lon="13.105694"/>
<trkpt lat="46.207701" lon="13.105728"/>
<trkpt lat="46.207653" lon="13.105739"/>
<trkpt lat="46.207548" lon="13.105723"/>
<trkpt lat="46.207277" lon="13.105813"/>
<trkpt lat="46.207480" lon="13.107200"/>
<trkpt lat="46.207496" lon="13.107255"/>
<trkpt lat="46.207515" lon="13.107302"/>
<trkpt lat="46.207542" lon="13.107335"/>
<trkpt lat="46.207547" lon="13.107373"/>
</trkseg>
<trkseg>
<trkpt lat="46.091967" lon="13.193617"/>
<trkpt lat="46.091912" lon="13.193693"/>
<trkpt lat="46.091905" lon="13.193708"/>
<trkpt lat="46.091900" lon="13.193729"/>
<trkpt lat="46.091899" lon="13.193748"/>
<trkpt lat="46.091905" lon="13.193772"/>
<trkpt lat="46.091932" lon="13.193810"/>
</trkseg>
<trkseg>
<trkpt lat="46.126191" lon="13.215003"/>
<trkpt lat="46.126165" lon="13.214915"/>
<trkpt lat="46.126095" lon="13.214939"/>
<trkpt lat="46.125973" lon="13.214965"/>
<trkpt lat="46.125843" lon="13.214975"/>
<trkpt lat="46.125705" lon="13.214967"/>
<trkpt lat="46.125689" lon="13.214962"/>
<trkpt lat="46.125539" lon="13.214915"/>
<trkpt lat="46.125190" lon="13.214802"/>
<trkpt lat="46.125153" lon="13.214783"/>
<trkpt lat="46.125068" lon="13.214741"/>
<trkpt lat="46.125052" lon="13.214664"/>
<trkpt lat="46.125038" lon="13.214661"/>
<trkpt lat="46.125024" lon="13.214664"/>
<trkpt lat="46.124992" lon="13.214702"/>
<trkpt lat="46.124915" lon="13.214704"/>
<trkpt lat="46.124691" lon="13.214618"/>
<trkpt lat="46.124356" lon="13.214498"/>
<trkpt lat="46.124028" lon="13.214385"/>
<trkpt lat="46.123669" lon="13.214261"/>
<trkpt lat="46.123086" lon="13.214056"/>
<trkpt lat="46.122398" lon="13.213819"/>
<trkpt lat="46.121971" lon="13.213655"/>
<trkpt lat="46.121724" lon="13.213565"/>
<trkpt lat="46.121574" lon="13.213480"/>
<trkpt lat="46.121368" lon="13.213318"/>
<trkpt lat="46.121210" lon="13.213124"/>
<trkpt lat="46.121073" lon="13.212910"/>
<trkpt lat="46.120930" lon="13.212657"/>
<trkpt lat="46.120792" lon="13.212371"/>
<trkpt lat="46.120666" lon="13.212115"/>
</trkseg>
<trkseg>
<trkpt lat="46.132885" lon="13.216063"/>
<trkpt lat="46.132758" lon="13.216088"/>
<trkpt lat="46.132285" lon="13.216041"/>
<trkpt lat="46.132164" lon="13.216029"/>
<trkpt lat="46.132106" lon="13.215983"/>
<trkpt lat="46.132086" lon="13.215982"/>
<trkpt lat="46.132067" lon="13.215981"/>
<trkpt lat="46.132001" lon="13.216002"/>
<trkpt lat="46.131651" lon="13.215931"/>
<trkpt lat="46.131530" lon="13.215913"/>
<trkpt lat="46.131294" lon="13.215855"/>
<trkpt lat="46.131067" lon="13.215782"/>
<trkpt lat="46.130856" lon="13.215692"/>
<trkpt lat="46.130480" lon="13.215512"/>
</trkseg>
<trkseg>
<trkpt lat="46.149198" lon="13.215433"/>
<trkpt lat="46.149197" lon="13.215338"/>
</trkseg>
<trkseg>
<trkpt lat="46.183146" lon="13.162636"/>
<trkpt lat="46.182876" lon="13.162659"/>
<trkpt lat="46.182650" lon="13.162742"/>
<trkpt lat="46.182380" lon="13.162863"/>
<trkpt lat="46.181704" lon="13.162888"/>
<trkpt lat="46.181394" lon="13.162917"/>
<trkpt lat="46.181098" lon="13.162912"/>
<trkpt lat="46.180804" lon="13.162886"/>
<trkpt lat="46.180545" lon="13.162954"/>
<trkpt lat="46.179953" lon="13.163179"/>
<trkpt lat="46.179840" lon="13.163199"/>
<trkpt lat="46.179339" lon="13.163193"/>
<trkpt lat="46.179226" lon="13.163212"/>
<trkpt lat="46.179141" lon="13.163284"/>
<trkpt lat="46.179106" lon="13.163394"/>
<trkpt lat="46.179065" lon="13.164331"/>
<trkpt lat="46.179034" lon="13.164571"/>
<trkpt lat="46.179014" lon="13.164680"/>
<trkpt lat="46.178980" lon="13.164765"/>
</trkseg>
<trkseg>
<trkpt lat="46.147603" lon="13.196256"/>
<trkpt lat="46.147462" lon="13.195721"/>
<trkpt lat="46.147363" lon="13.195084"/>
<trkpt lat="46.147303" lon="13.194432"/>
<trkpt lat="46.147304" lon="13.194218"/>
</trkseg>
<trkseg>
<trkpt lat="46.156622" lon="13.185520"/>
<trkpt lat="46.156421" lon="13.185675"/>
<trkpt lat="46.156206" lon="13.185870"/>
<trkpt lat="46.156097" lon="13.186072"/>
<trkpt lat="46.156031" lon="13.186255"/>
<trkpt lat="46.155921" lon="13.186599"/>
<trkpt lat="46.155840" lon="13.186950"/>
<trkpt lat="46.155788" lon="13.187195"/>
<trkpt lat="46.155747" lon="13.187393"/>
<trkpt lat="46.155723" lon="13.187503"/>
<trkpt lat="46.155656" lon="13.187804"/>
<trkpt lat="46.155575" lon="13.188151"/>
<trkpt lat="46.155536" lon="13.188277"/>
<trkpt lat="46.155522" lon="13.188322"/>
<trkpt lat="46.155422" lon="13.188529"/>
<trkpt lat="46.155146" lon="13.189125"/>
<trkpt lat="46.155033" lon="13.189342"/>
<trkpt lat="46.154881" lon="13.189617"/>
<trkpt lat="46.154766" lon="13.189784"/>
<trkpt lat="46.154563" lon="13.190048"/>
<trkpt lat="46.154440" lon="13.190227"/>
<trkpt lat="46.154248" lon="13.190556"/>
<trkpt lat="46.154172" lon="13.190687"/>
<trkpt lat="46.154027" lon="13.190857"/>
<trkpt lat="46.153864" lon="13.190952"/>
<trkpt lat="46.153714" lon="13.190965"/>
<trkpt lat="46.153033" lon="13.190955"/>
<trkpt lat="46.152901" lon="13.190964"/>
<trkpt lat="46.152728" lon="13.191019"/>
<trkpt lat="46.152702" lon="13.191027"/>
<trkpt lat="46.152549" lon="13.191079"/>
<trkpt lat="46.152417" lon="13.191078"/>
<trkpt lat="46.152287" lon="13.191021"/>
<trkpt lat="46.152117" lon="13.190986"/>
<trkpt lat="46.151974" lon="13.190983"/>
<trkpt lat="46.151865" lon="13.191025"/>
<trkpt lat="46.151784" lon="13.191098"/>
<trkpt lat="46.151679" lon="13.191268"/>
<trkpt lat="46.151483" lon="13.191611"/>
<trkpt lat="46.151392" lon="13.191760"/>
<trkpt lat="46.151344" lon="13.191814"/>
<trkpt lat="46.151199" lon="13.191960"/>
<trkpt lat="46.151016" lon="13.192111"/>
<trkpt lat="46.150780" lon="13.192310"/>
<trkpt lat="46.150635" lon="13.192373"/>
<trkpt lat="46.150510" lon="13.192362"/>
<trkpt lat="46.150309" lon="13.192289"/>
<trkpt lat="46.150052" lon="13.192247"/>
<trkpt lat="46.149337" lon="13.192311"/>
<trkpt lat="46.149090" lon="13.192343"/>
<trkpt lat="46.148853" lon="13.192414"/>
</trkseg>
<trkseg>
<trkpt lat="46.127842" lon="13.211032"/>
<trkpt lat="46.128049" lon="13.210932"/>
</trkseg>
<trkseg>
<trkpt lat="46.129496" lon="13.215084"/>
<trkpt lat="46.129504" lon="13.215049"/>
<trkpt lat="46.129503" lon="13.215037"/>
<trkpt lat="46.129498" lon="13.215026"/>
<trkpt lat="46.129438" lon="13.215005"/>
<trkpt lat="46.129419" lon="13.214986"/>
<trkpt lat="46.129397" lon="13.214961"/>
<trkpt lat="46.129381" lon="13.214933"/>
<trkpt lat="46.129372" lon="13.214901"/>
<trkpt lat="46.129371" lon="13.214867"/>
<trkpt lat="46.129375" lon="13.214834"/>
<trkpt lat="46.129428" lon="13.214712"/>
<trkpt lat="46.129439" lon="13.214668"/>
<trkpt lat="46.129443" lon="13.214613"/>
<trkpt lat="46.129407" lon="13.214220"/>
<trkpt lat="46.129400" lon="13.214085"/>
<trkpt lat="46.129402" lon="13.214051"/>
<trkpt lat="46.129408" lon="13.214025"/>
<trkpt lat="46.129421" lon="13.214006"/>
<trkpt lat="46.129433" lon="13.213982"/>
<trkpt lat="46.129438" lon="13.213948"/>
<trkpt lat="46.129432" lon="13.213895"/>
<trkpt lat="46.129327" lon="13.213584"/>
<trkpt lat="46.129313" lon="13.213527"/>
<trkpt lat="46.129287" lon="13.212497"/>
<trkpt lat="46.129277" lon="13.211922"/>
<trkpt lat="46.129267" lon="13.211611"/>
<trkpt lat="46.129263" lon="13.211536"/>
<trkpt lat="46.129049" lon="13.211325"/>
<trkpt lat="46.128818" lon="13.211104"/>
<trkpt lat="46.128717" lon="13.211014"/>
<trkpt lat="46.128625" lon="13.210952"/>
<trkpt lat="46.128286" lon="13.210849"/>
<trkpt lat="46.128083" lon="13.210848"/>
<trkpt lat="46.128049" lon="13.210932"/>
</trkseg>
<trkseg>
<trkpt lat="46.127624" lon="13.211285"/>
<trkpt lat="46.127517" lon="13.211054"/>
<trkpt lat="46.127381" lon="13.210812"/>
<trkpt lat="46.127296" lon="13.210663"/>
<trkpt lat="46.127142" lon="13.210466"/>
<trkpt lat="46.126941" lon="13.210192"/>
<trkpt lat="46.126792" lon="13.209938"/>
<trkpt lat="46.126680" lon="13.209738"/>
<trkpt lat="46.126576" lon="13.209579"/>
<trkpt lat="46.126397" lon="13.209395"/>
<trkpt lat="46.126286" lon="13.209282"/>
<trkpt lat="46.126209" lon="13.209164"/>
<trkpt lat="46.126074" lon="13.208900"/>
<trkpt lat="46.125969" lon="13.208715"/>
</trkseg>
<trkseg>
<trkpt lat="46.125969" lon="13.208715"/>
<trkpt lat="46.125844" lon="13.208603"/>
<trkpt lat="46.125770" lon="13.208539"/>
<trkpt lat="46.125344" lon="13.208644"/>
<trkpt lat="46.124905" lon="13.208820"/>
</trkseg>
<trkseg>
<trkpt lat="46.112176" lon="13.212172"/>
<trkpt lat="46.112249" lon="13.212112"/>
<trkpt lat="46.112276" lon="13.212099"/>
<trkpt lat="46.112295" lon="13.212103"/>
<trkpt lat="46.112308" lon="13.212111"/>
<trkpt lat="46.112316" lon="13.212123"/>
<trkpt lat="46.112322" lon="13.212141"/>
<trkpt lat="46.112325" lon="13.212163"/>
<trkpt lat="46.112325" lon="13.212185"/>
<trkpt lat="46.112325" lon="13.212210"/>
<trkpt lat="46.112330" lon="13.212239"/>
<trkpt lat="46.112338" lon="13.212263"/>
<trkpt lat="46.112345" lon="13.212277"/>
<trkpt lat="46.112367" lon="13.212301"/>
<trkpt lat="46.112388" lon="13.212315"/>
<trkpt lat="46.112408" lon="13.212323"/>
<trkpt lat="46.112432" lon="13.212324"/>
<trkpt lat="46.112458" lon="13.212315"/>
<trkpt lat="46.112489" lon="13.212278"/>
<trkpt lat="46.112504" lon="13.212232"/>
<trkpt lat="46.112535" lon="13.212058"/>
<trkpt lat="46.112630" lon="13.211840"/>
</trkseg>
<trkseg>
<trkpt lat="46.111918" lon="13.212395"/>
<trkpt lat="46.112176" lon="13.212172"/>
</trkseg>
<trkseg>
<trkpt lat="46.101840" lon="13.204970"/>
<trkpt lat="46.101598" lon="13.205132"/>
<trkpt lat="46.101521" lon="13.205222"/>
<trkpt lat="46.101441" lon="13.205333"/>
<trkpt lat="46.101296" lon="13.205653"/>
<trkpt lat="46.101240" lon="13.205954"/>
<trkpt lat="46.101198" lon="13.206470"/>
<trkpt lat="46.101194" lon="13.206796"/>
<trkpt lat="46.101199" lon="13.207283"/>
<trkpt lat="46.101187" lon="13.208105"/>
<trkpt lat="46.101174" lon="13.208284"/>
<trkpt lat="46.101165" lon="13.208982"/>
<trkpt lat="46.101160" lon="13.209091"/>
<trkpt lat="46.101153" lon="13.209134"/>
</trkseg>
<trkseg>
<trkpt lat="46.088161" lon="13.191114"/>
<trkpt lat="46.088092" lon="13.191118"/>
<trkpt lat="46.088019" lon="13.191147"/>
<trkpt lat="46.087903" lon="13.191223"/>
<trkpt lat="46.087861" lon="13.191230"/>
<trkpt lat="46.087809" lon="13.191218"/>
<trkpt lat="46.087685" lon="13.191151"/>
<trkpt lat="46.087439" lon="13.190959"/>
<trkpt lat="46.087374" lon="13.190900"/>
</trkseg>
<trkseg>
<trkpt lat="46.090002" lon="13.192533"/>
<trkpt lat="46.089964" lon="13.192521"/>
<trkpt lat="46.089923" lon="13.192512"/>
<trkpt lat="46.089867" lon="13.192509"/>
<trkpt lat="46.089821" lon="13.192531"/>
<trkpt lat="46.089776" lon="13.192571"/>
<trkpt lat="46.089746" lon="13.192615"/>
<trkpt lat="46.089724" lon="13.192697"/>
<trkpt lat="46.089712" lon="13.192739"/>
<trkpt lat="46.089707" lon="13.192780"/>
</trkseg>
<trkseg>
<trkpt lat="46.091936" lon="13.193579"/>
<trkpt lat="46.091906" lon="13.193554"/>
<trkpt lat="46.091831" lon="13.193495"/>
<trkpt lat="46.090941" lon="13.193038"/>
<trkpt lat="46.090002" lon="13.192533"/>
</trkseg>
<trkseg>
<trkpt lat="46.088271" lon="13.191151"/>
<trkpt lat="46.088161" lon="13.191114"/>
</trkseg>
<trkseg>
<trkpt lat="46.085873" lon="13.188693"/>
<trkpt lat="46.085765" lon="13.188560"/>
<trkpt lat="46.085696" lon="13.188479"/>
<trkpt lat="46.085631" lon="13.188412"/>
<trkpt lat="46.085469" lon="13.188272"/>
<trkpt lat="46.085430" lon="13.188243"/>
<trkpt lat="46.085401" lon="13.188220"/>
<trkpt lat="46.085369" lon="13.188197"/>
<trkpt lat="46.085319" lon="13.188167"/>
<trkpt lat="46.085285" lon="13.188160"/>
<trkpt lat="46.085257" lon="13.188161"/>
<trkpt lat="46.085232" lon="13.188166"/>
<trkpt lat="46.085214" lon="13.188173"/>
<trkpt lat="46.085199" lon="13.188183"/>
<trkpt lat="46.085179" lon="13.188205"/>
<trkpt lat="46.085140" lon="13.188271"/>
</trkseg>
<trkseg>
<trkpt lat="46.086011" lon="13.188811"/>
<trkpt lat="46.085999" lon="13.188801"/>
<trkpt lat="46.085873" lon="13.188693"/>
</trkseg>
<trkseg>
<trkpt lat="46.201858" lon="13.117197"/>
<trkpt lat="46.202221" lon="13.116796"/>
<trkpt lat="46.202365" lon="13.116706"/>
<trkpt lat="46.202547" lon="13.116631"/>
<trkpt lat="46.203526" lon="13.116563"/>
<trkpt lat="46.203656" lon="13.116516"/>
<trkpt lat="46.203759" lon="13.116441"/>
<trkpt lat="46.203846" lon="13.115694"/>
<trkpt lat="46.203872" lon="13.115178"/>
<trkpt lat="46.203907" lon="13.114582"/>
<trkpt lat="46.203930" lon="13.112848"/>
<trkpt lat="46.204052" lon="13.112060"/>
<trkpt lat="46.204148" lon="13.111676"/>
<trkpt lat="46.204225" lon="13.111368"/>
<trkpt lat="46.204459" lon="13.110600"/>
<trkpt lat="46.204502" lon="13.110204"/>
<trkpt lat="46.204483" lon="13.109928"/>
<trkpt lat="46.204489" lon="13.109907"/>
<trkpt lat="46.204494" lon="13.109886"/>
<trkpt lat="46.204899" lon="13.109624"/>
</trkseg>
<trkseg>
<trkpt lat="46.204017" lon="13.122442"/>
<trkpt lat="46.203835" lon="13.122303"/>
<trkpt lat="46.202518" lon="13.121505"/>
<trkpt lat="46.202406" lon="13.121439"/>
<trkpt lat="46.202351" lon="13.121392"/>
<trkpt lat="46.202298" lon="13.121341"/>
<trkpt lat="46.202242" lon="13.121265"/>
<trkpt lat="46.201978" lon="13.120903"/>
</trkseg>
<trkseg>
<trkpt lat="46.181271" lon="13.148031"/>
<trkpt lat="46.181298" lon="13.147898"/>
<trkpt lat="46.181399" lon="13.147187"/>
<trkpt lat="46.181531" lon="13.146149"/>
</trkseg>
<trkseg>
<trkpt lat="46.180601" lon="13.149994"/>
<trkpt lat="46.180726" lon="13.149974"/>
</trkseg>
<trkseg>
<trkpt lat="46.180481" lon="13.149654"/>
<trkpt lat="46.180487" lon="13.149829"/>
</trkseg>
<trkseg>
<trkpt lat="46.181827" lon="13.157649"/>
<trkpt lat="46.181842" lon="13.157498"/>
<trkpt lat="46.181921" lon="13.157232"/>
<trkpt lat="46.182022" lon="13.157003"/>
<trkpt lat="46.182188" lon="13.156715"/>
<trkpt lat="46.182496" lon="13.156180"/>
<trkpt lat="46.182561" lon="13.156056"/>
<trkpt lat="46.182678" lon="13.155738"/>
<trkpt lat="46.182720" lon="13.155578"/>
<trkpt lat="46.182734" lon="13.155453"/>
<trkpt lat="46.182730" lon="13.155337"/>
<trkpt lat="46.182686" lon="13.155138"/>
<trkpt lat="46.182560" lon="13.154743"/>
<trkpt lat="46.182525" lon="13.154642"/>
<trkpt lat="46.182424" lon="13.154356"/>
<trkpt lat="46.182360" lon="13.154064"/>
<trkpt lat="46.182336" lon="13.153821"/>
<trkpt lat="46.182371" lon="13.153203"/>
<trkpt lat="46.182392" lon="13.152863"/>
<trkpt lat="46.182427" lon="13.152755"/>
</trkseg>
<trkseg>
<trkpt lat="46.170920" lon="13.175819"/>
<trkpt lat="46.170924" lon="13.175766"/>
<trkpt lat="46.170920" lon="13.175698"/>
<trkpt lat="46.170884" lon="13.175470"/>
<trkpt lat="46.170801" lon="13.175100"/>
<trkpt lat="46.170697" lon="13.174328"/>
<trkpt lat="46.170595" lon="13.173773"/>
<trkpt lat="46.170510" lon="13.173390"/>
<trkpt lat="46.170467" lon="13.173012"/>
<trkpt lat="46.170481" lon="13.172461"/>
<trkpt lat="46.170420" lon="13.171301"/>
<trkpt lat="46.170382" lon="13.170611"/>
<trkpt lat="46.170369" lon="13.170211"/>
<trkpt lat="46.170380" lon="13.170002"/>
<trkpt lat="46.170409" lon="13.169848"/>
<trkpt lat="46.170468" lon="13.169667"/>
<trkpt lat="46.170613" lon="13.169343"/>
</trkseg>
<trkseg>
<trkpt lat="46.161715" lon="13.176804"/>
<trkpt lat="46.161651" lon="13.176908"/>
<trkpt lat="46.161558" lon="13.176995"/>
<trkpt lat="46.161386" lon="13.177186"/>
<trkpt lat="46.161162" lon="13.177604"/>
<trkpt lat="46.160977" lon="13.177895"/>
<trkpt lat="46.160796" lon="13.178133"/>
<trkpt lat="46.160526" lon="13.178354"/>
<trkpt lat="46.160369" lon="13.178458"/>
<trkpt lat="46.160244" lon="13.178508"/>
<trkpt lat="46.159736" lon="13.178551"/>
<trkpt lat="46.159654" lon="13.178598"/>
</trkseg>
<trkseg>
<trkpt lat="46.159654" lon="13.178598"/>
<trkpt lat="46.159604" lon="13.178663"/>
<trkpt lat="46.158207" lon="13.180097"/>
<trkpt lat="46.158063" lon="13.180293"/>
<trkpt lat="46.157942" lon="13.180562"/>
<trkpt lat="46.157831" lon="13.180792"/>
<trkpt lat="46.157665" lon="13.180967"/>
<trkpt lat="46.157505" lon="13.181099"/>
<trkpt lat="46.157203" lon="13.181317"/>
<trkpt lat="46.156648" lon="13.181746"/>
<trkpt lat="46.156528" lon="13.181838"/>
<trkpt lat="46.156209" lon="13.182105"/>
<trkpt lat="46.156086" lon="13.182224"/>
</trkseg>
<trkseg>
<trkpt lat="46.203164" lon="13.125690"/>
<trkpt lat="46.203062" lon="13.125801"/>
</trkseg>
<trkseg>
<trkpt lat="46.072596" lon="13.216198"/>
<trkpt lat="46.072579" lon="13.216134"/>
<trkpt lat="46.072550" lon="13.216019"/>
<trkpt lat="46.072544" lon="13.215991"/>
<trkpt lat="46.072545" lon="13.215962"/>
<trkpt lat="46.072549" lon="13.215937"/>
<trkpt lat="46.072555" lon="13.215918"/>
<trkpt lat="46.073012" lon="13.214911"/>
<trkpt lat="46.073035" lon="13.214880"/>
<trkpt lat="46.073058" lon="13.214857"/>
<trkpt lat="46.073083" lon="13.214835"/>
<trkpt lat="46.073173" lon="13.214788"/>
<trkpt lat="46.073585" lon="13.214576"/>
</trkseg>
<trkseg>
<trkpt lat="46.072298" lon="13.216802"/>
<trkpt lat="46.072321" lon="13.216753"/>
<trkpt lat="46.072366" lon="13.216658"/>
</trkseg>
<trkseg>
<trkpt lat="46.071267" lon="13.220246"/>
<trkpt lat="46.071804" lon="13.219068"/>
<trkpt lat="46.071974" lon="13.218695"/>
<trkpt lat="46.072260" lon="13.218068"/>
<trkpt lat="46.072612" lon="13.217296"/>
<trkpt lat="46.072607" lon="13.217211"/>
</trkseg>
<trkseg>
<trkpt lat="46.190616" lon="13.137891"/>
<trkpt lat="46.190403" lon="13.138039"/>
<trkpt lat="46.190241" lon="13.138178"/>
<trkpt lat="46.189908" lon="13.138782"/>
<trkpt lat="46.189796" lon="13.138912"/>
<trkpt lat="46.189634" lon="13.139049"/>
<trkpt lat="46.189154" lon="13.139378"/>
<trkpt lat="46.188625" lon="13.139803"/>
<trkpt lat="46.188511" lon="13.139879"/>
<trkpt lat="46.188336" lon="13.139966"/>
<trkpt lat="46.188190" lon="13.140010"/>
<trkpt lat="46.188076" lon="13.140038"/>
<trkpt lat="46.187894" lon="13.140042"/>
<trkpt lat="46.187740" lon="13.140015"/>
<trkpt lat="46.187572" lon="13.139964"/>
<trkpt lat="46.187358" lon="13.139832"/>
<trkpt lat="46.187227" lon="13.139759"/>
<trkpt lat="46.187065" lon="13.139720"/>
<trkpt lat="46.186910" lon="13.139742"/>
<trkpt lat="46.186787" lon="13.139787"/>
<trkpt lat="46.186731" lon="13.139841"/>
<trkpt lat="46.186661" lon="13.139931"/>
<trkpt lat="46.186603" lon="13.140020"/>
<trkpt lat="46.186476" lon="13.140376"/>
<trkpt lat="46.186564" lon="13.140961"/>
<trkpt lat="46.186571" lon="13.141256"/>
<trkpt lat="46.186557" lon="13.141554"/>
<trkpt lat="46.186523" lon="13.142023"/>
<trkpt lat="46.186456" lon="13.142565"/>
<trkpt lat="46.186458" lon="13.142720"/>
</trkseg>
<trkseg>
<trkpt lat="46.203164" lon="13.125690"/>
<trkpt lat="46.203249" lon="13.125582"/>
</trkseg>
<trkseg>
<trkpt lat="46.203521" lon="13.124584"/>
<trkpt lat="46.203763" lon="13.124028"/>
<trkpt lat="46.203802" lon="13.123909"/>
<trkpt lat="46.203818" lon="13.123837"/>
<trkpt lat="46.203824" lon="13.123774"/>
<trkpt lat="46.203828" lon="13.123715"/>
<trkpt lat="46.203826" lon="13.123647"/>
<trkpt lat="46.203820" lon="13.123567"/>
<trkpt lat="46.203798" lon="13.123447"/>
<trkpt lat="46.203762" lon="13.123272"/>
<trkpt lat="46.203729" lon="13.123115"/>
<trkpt lat="46.203731" lon="13.123008"/>
<trkpt lat="46.203744" lon="13.122902"/>
<trkpt lat="46.203776" lon="13.122783"/>
<trkpt lat="46.203816" lon="13.122678"/>
<trkpt lat="46.203862" lon="13.122608"/>
<trkpt lat="46.203908" lon="13.122556"/>
<trkpt lat="46.204017" lon="13.122442"/>
</trkseg>
<trkseg>
<trkpt lat="46.334327" lon="13.136232"/>
<trkpt lat="46.334305" lon="13.136194"/>
<trkpt lat="46.334123" lon="13.135881"/>
<trkpt lat="46.333949" lon="13.135560"/>
<trkpt lat="46.333930" lon="13.135518"/>
<trkpt lat="46.333909" lon="13.135491"/>
<trkpt lat="46.333882" lon="13.135468"/>
</trkseg>
<trkseg>
<trkpt lat="46.206134" lon="13.109721"/>
<trkpt lat="46.206257" lon="13.109680"/>
<trkpt lat="46.206590" lon="13.109597"/>
</trkseg>
<trkseg>
<trkpt lat="46.207547" lon="13.107373"/>
<trkpt lat="46.207554" lon="13.107423"/>
<trkpt lat="46.207555" lon="13.107501"/>
<trkpt lat="46.207547" lon="13.107510"/>
<trkpt lat="46.207517" lon="13.107516"/>
<trkpt lat="46.207472" lon="13.107492"/>
<trkpt lat="46.207362" lon="13.107441"/>
<trkpt lat="46.207242" lon="13.107441"/>
<trkpt lat="46.207133" lon="13.107450"/>
<trkpt lat="46.207111" lon="13.107457"/>
<trkpt lat="46.207090" lon="13.107473"/>
<trkpt lat="46.207075" lon="13.107487"/>
<trkpt lat="46.207053" lon="13.107516"/>
<trkpt lat="46.207030" lon="13.107559"/>
<trkpt lat="46.207002" lon="13.107641"/>
<trkpt lat="46.206967" lon="13.107796"/>
<trkpt lat="46.206934" lon="13.107935"/>
<trkpt lat="46.206903" lon="13.108032"/>
</trkseg>
<trkseg>
<trkpt lat="46.215009" lon="13.102244"/>
<trkpt lat="46.215238" lon="13.102408"/>
<trkpt lat="46.215468" lon="13.102604"/>
<trkpt lat="46.215961" lon="13.103146"/>
<trkpt lat="46.216446" lon="13.103692"/>
<trkpt lat="46.216834" lon="13.104026"/>
<trkpt lat="46.217850" lon="13.104786"/>
<trkpt lat="46.218960" lon="13.105640"/>
<trkpt lat="46.219437" lon="13.105996"/>
<trkpt lat="46.219829" lon="13.106279"/>
<trkpt lat="46.219889" lon="13.106325"/>
<trkpt lat="46.219964" lon="13.106369"/>
<trkpt lat="46.221317" lon="13.106734"/>
<trkpt lat="46.221496" lon="13.106901"/>
<trkpt lat="46.222610" lon="13.108169"/>
<trkpt lat="46.222809" lon="13.108379"/>
<trkpt lat="46.222915" lon="13.108472"/>
<trkpt lat="46.222976" lon="13.108501"/>
<trkpt lat="46.223093" lon="13.108558"/>
<trkpt lat="46.223193" lon="13.108552"/>
<trkpt lat="46.223424" lon="13.108529"/>
<trkpt lat="46.224319" lon="13.108339"/>
<trkpt lat="46.224495" lon="13.108335"/>
<trkpt lat="46.224667" lon="13.108370"/>
<trkpt lat="46.224941" lon="13.108555"/>
<trkpt lat="46.225293" lon="13.108836"/>
<trkpt lat="46.226207" lon="13.109554"/>
</trkseg>
<trkseg>
<trkpt lat="46.101021" lon="13.209103"/>
<trkpt lat="46.100930" lon="13.209073"/>
<trkpt lat="46.100660" lon="13.208926"/>
</trkseg>
<trkseg>
<trkpt lat="46.093741" lon="13.198313"/>
<trkpt lat="46.093739" lon="13.197896"/>
<trkpt lat="46.093735" lon="13.197537"/>
<trkpt lat="46.093742" lon="13.197383"/>
<trkpt lat="46.093754" lon="13.197233"/>
<trkpt lat="46.093772" lon="13.197095"/>
<trkpt lat="46.093781" lon="13.197041"/>
<trkpt lat="46.093777" lon="13.197012"/>
<trkpt lat="46.093759" lon="13.196990"/>
<trkpt lat="46.093686" lon="13.196946"/>
<trkpt lat="46.092968" lon="13.196611"/>
<trkpt lat="46.091438" lon="13.195926"/>
<trkpt lat="46.091254" lon="13.195881"/>
<trkpt lat="46.091228" lon="13.195884"/>
<trkpt lat="46.091212" lon="13.195891"/>
<trkpt lat="46.091195" lon="13.195961"/>
<trkpt lat="46.091189" lon="13.195979"/>
<trkpt lat="46.091169" lon="13.195993"/>
<trkpt lat="46.091127" lon="13.195978"/>
</trkseg>
<trkseg>
<trkpt lat="46.083931" lon="13.203597"/>
<trkpt lat="46.083664" lon="13.203970"/>
<trkpt lat="46.083420" lon="13.204312"/>
<trkpt lat="46.083033" lon="13.204610"/>
<trkpt lat="46.082941" lon="13.204676"/>
<trkpt lat="46.082523" lon="13.204977"/>
<trkpt lat="46.082409" lon="13.205017"/>
<trkpt lat="46.082378" lon="13.205027"/>
<trkpt lat="46.082240" lon="13.205075"/>
</trkseg>
<trkseg>
<trkpt lat="46.084250" lon="13.202960"/>
<trkpt lat="46.084199" lon="13.202844"/>
<trkpt lat="46.084138" lon="13.202704"/>
</trkseg>
<trkseg>
<trkpt lat="46.082081" lon="13.205089"/>
<trkpt lat="46.081934" lon="13.205059"/>
<trkpt lat="46.081845" lon="13.205028"/>
<trkpt lat="46.081803" lon="13.205013"/>
</trkseg>
<trkseg>
<trkpt lat="46.081661" lon="13.204966"/>
<trkpt lat="46.081521" lon="13.205049"/>
<trkpt lat="46.081397" lon="13.205123"/>
<trkpt lat="46.081072" lon="13.205274"/>
<trkpt lat="46.080949" lon="13.205370"/>
<trkpt lat="46.080753" lon="13.205561"/>
<trkpt lat="46.080736" lon="13.205578"/>
<trkpt lat="46.080796" lon="13.205922"/>
<trkpt lat="46.080784" lon="13.205954"/>
<trkpt lat="46.080118" lon="13.207223"/>
<trkpt lat="46.080098" lon="13.207260"/>
</trkseg>
<trkseg>
<trkpt lat="46.328336" lon="13.135354"/>
<trkpt lat="46.328398" lon="13.135295"/>
<trkpt lat="46.328454" lon="13.135214"/>
<trkpt lat="46.328506" lon="13.135052"/>
</trkseg>
<trkseg>
<trkpt lat="46.333882" lon="13.135468"/>
<trkpt lat="46.333898" lon="13.135340"/>
<trkpt lat="46.333918" lon="13.135226"/>
<trkpt lat="46.333938" lon="13.135146"/>
<trkpt lat="46.333963" lon="13.135062"/>
<trkpt lat="46.333977" lon="13.134993"/>
<trkpt lat="46.334000" lon="13.134815"/>
<trkpt lat="46.334050" lon="13.134517"/>
<trkpt lat="46.334066" lon="13.134442"/>
<trkpt lat="46.334088" lon="13.134357"/>
<trkpt lat="46.334099" lon="13.134302"/>
<trkpt lat="46.334105" lon="13.134248"/>
<trkpt lat="46.334099" lon="13.134200"/>
<trkpt lat="46.334090" lon="13.134168"/>
<trkpt lat="46.334079" lon="13.134136"/>
<trkpt lat="46.333929" lon="13.133853"/>
<trkpt lat="46.333870" lon="13.133714"/>
<trkpt lat="46.333845" lon="13.133635"/>
<trkpt lat="46.333826" lon="13.133594"/>
<trkpt lat="46.333802" lon="13.133540"/>
<trkpt lat="46.333776" lon="13.133502"/>
<trkpt lat="46.333744" lon="13.133459"/>
<trkpt lat="46.333714" lon="13.133427"/>
<trkpt lat="46.333659" lon="13.133358"/>
<trkpt lat="46.333614" lon="13.133296"/>
<trkpt lat="46.333289" lon="13.132825"/>
<trkpt lat="46.333220" lon="13.132731"/>
<trkpt lat="46.333160" lon="13.132678"/>
<trkpt lat="46.333062" lon="13.132545"/>
<trkpt lat="46.332921" lon="13.132310"/>
<trkpt lat="46.332888" lon="13.132259"/>
<trkpt lat="46.332841" lon="13.132206"/>
<trkpt lat="46.332814" lon="13.132180"/>
<trkpt lat="46.332786" lon="13.132161"/>
<trkpt lat="46.332734" lon="13.132135"/>
<trkpt lat="46.332692" lon="13.132118"/>
<trkpt lat="46.332486" lon="13.132028"/>
<trkpt lat="46.332452" lon="13.132012"/>
<trkpt lat="46.332424" lon="13.131993"/>
<trkpt lat="46.332319" lon="13.131892"/>
<trkpt lat="46.332121" lon="13.131700"/>
<trkpt lat="46.332010" lon="13.131606"/>
<trkpt lat="46.331950" lon="13.131562"/>
<trkpt lat="46.331907" lon="13.131547"/>
<trkpt lat="46.331849" lon="13.131538"/>
<trkpt lat="46.331750" lon="13.131527"/>
<trkpt lat="46.331687" lon="13.131527"/>
<trkpt lat="46.331654" lon="13.131532"/>
<trkpt lat="46.331627" lon="13.131536"/>
<trkpt lat="46.331595" lon="13.131544"/>
<trkpt lat="46.331561" lon="13.131556"/>
<trkpt lat="46.331258" lon="13.131697"/>
<trkpt lat="46.331117" lon="13.131774"/>
<trkpt lat="46.330944" lon="13.131879"/>
<trkpt lat="46.330888" lon="13.131917"/>
<trkpt lat="46.330672" lon="13.132122"/>
<trkpt lat="46.330623" lon="13.132167"/>
<trkpt lat="46.330563" lon="13.132218"/>
<trkpt lat="46.330517" lon="13.132244"/>
<trkpt lat="46.330351" lon="13.132324"/>
<trkpt lat="46.330309" lon="13.132350"/>
<trkpt lat="46.330254" lon="13.132384"/>
<trkpt lat="46.330211" lon="13.132407"/>
<trkpt lat="46.330145" lon="13.132439"/>
<trkpt lat="46.329901" lon="13.132508"/>
<trkpt lat="46.329583" lon="13.132523"/>
<trkpt lat="46.329329" lon="13.132514"/>
<trkpt lat="46.329284" lon="13.132509"/>
</trkseg>
<trkseg>
<trkpt lat="46.147711" lon="13.196292"/>
<trkpt lat="46.147577" lon="13.196781"/>
<trkpt lat="46.147582" lon="13.197537"/>
<trkpt lat="46.147529" lon="13.197809"/>
<trkpt lat="46.147295" lon="13.198503"/>
<trkpt lat="46.147260" lon="13.198735"/>
<trkpt lat="46.147343" lon="13.199023"/>
<trkpt lat="46.147432" lon="13.199362"/>
<trkpt lat="46.147437" lon="13.199536"/>
</trkseg>
<trkseg>
<trkpt lat="46.150446" lon="13.210835"/>
<trkpt lat="46.151632" lon="13.210883"/>
<trkpt lat="46.152329" lon="13.210919"/>
</trkseg>
<trkseg>
<trkpt lat="46.147046" lon="13.206149"/>
<trkpt lat="46.147048" lon="13.206211"/>
<trkpt lat="46.146937" lon="13.206822"/>
<trkpt lat="46.146689" lon="13.207398"/>
</trkseg>
<trkseg>
<trkpt lat="46.101760" lon="13.202910"/>
<trkpt lat="46.100417" lon="13.202651"/>
<trkpt lat="46.099708" lon="13.202801"/>
<trkpt lat="46.098548" lon="13.202441"/>
<trkpt lat="46.098412" lon="13.202326"/>
<trkpt lat="46.098149" lon="13.202033"/>
<trkpt lat="46.098127" lon="13.202010"/>
<trkpt lat="46.097554" lon="13.201559"/>
<trkpt lat="46.097301" lon="13.201464"/>
<trkpt lat="46.096741" lon="13.201509"/>
<trkpt lat="46.096543" lon="13.201439"/>
<trkpt lat="46.096331" lon="13.201113"/>
<trkpt lat="46.096106" lon="13.200938"/>
<trkpt lat="46.095817" lon="13.200888"/>
<trkpt lat="46.095585" lon="13.200712"/>
<trkpt lat="46.095421" lon="13.200322"/>
<trkpt lat="46.093996" lon="13.199926"/>
<trkpt lat="46.093910" lon="13.199955"/>
</trkseg>
<trkseg>
<trkpt lat="46.101840" lon="13.204970"/>
<trkpt lat="46.101740" lon="13.204735"/>
</trkseg>
<trkseg>
<trkpt lat="46.101740" lon="13.204735"/>
<trkpt lat="46.101707" lon="13.204678"/>
<trkpt lat="46.101652" lon="13.204581"/>
</trkseg>
<trkseg>
<trkpt lat="46.101559" lon="13.204367"/>
<trkpt lat="46.101557" lon="13.204307"/>
<trkpt lat="46.101565" lon="13.204206"/>
<trkpt lat="46.101760" lon="13.202910"/>
</trkseg>
<trkseg>
<trkpt lat="46.297723" lon="13.119359"/>
<trkpt lat="46.297858" lon="13.119244"/>
<trkpt lat="46.297889" lon="13.119217"/>
</trkseg>
<trkseg>
<trkpt lat="46.333835" lon="13.138843"/>
<trkpt lat="46.333706" lon="13.139421"/>
</trkseg>
<trkseg>
<trkpt lat="46.333035" lon="13.139059"/>
<trkpt lat="46.332959" lon="13.139125"/>
<trkpt lat="46.332722" lon="13.139332"/>
</trkseg>
<trkseg>
<trkpt lat="46.333655" lon="13.139348"/>
<trkpt lat="46.333604" lon="13.139303"/>
<trkpt lat="46.333463" lon="13.139158"/>
<trkpt lat="46.333376" lon="13.139086"/>
<trkpt lat="46.333291" lon="13.139046"/>
<trkpt lat="46.333169" lon="13.139036"/>
<trkpt lat="46.333035" lon="13.139059"/>
</trkseg>
<trkseg>
<trkpt lat="46.332722" lon="13.139332"/>
<trkpt lat="46.332694" lon="13.139351"/>
<trkpt lat="46.332554" lon="13.139359"/>
<trkpt lat="46.332393" lon="13.139342"/>
<trkpt lat="46.332309" lon="13.139324"/>
<trkpt lat="46.332265" lon="13.139300"/>
<trkpt lat="46.332205" lon="13.139238"/>
<trkpt lat="46.332111" lon="13.139110"/>
</trkseg>
<trkseg>
<trkpt lat="46.329051" lon="13.133797"/>
<trkpt lat="46.329084" lon="13.133739"/>
<trkpt lat="46.329111" lon="13.133721"/>
<trkpt lat="46.329148" lon="13.133711"/>
<trkpt lat="46.329218" lon="13.133686"/>
<trkpt lat="46.329264" lon="13.133635"/>
<trkpt lat="46.329294" lon="13.133550"/>
<trkpt lat="46.329307" lon="13.133384"/>
<trkpt lat="46.329311" lon="13.133126"/>
<trkpt lat="46.329295" lon="13.132756"/>
<trkpt lat="46.329284" lon="13.132509"/>
</trkseg>
<trkseg>
<trkpt lat="46.329010" lon="13.133943"/>
<trkpt lat="46.329051" lon="13.133797"/>
</trkseg>
<trkseg>
<trkpt lat="46.333893" lon="13.137548"/>
<trkpt lat="46.333911" lon="13.137625"/>
</trkseg>
<trkseg>
<trkpt lat="46.333911" lon="13.137625"/>
<trkpt lat="46.333974" lon="13.137927"/>
<trkpt lat="46.333982" lon="13.138027"/>
<trkpt lat="46.333972" lon="13.138096"/>
<trkpt lat="46.333967" lon="13.138131"/>
<trkpt lat="46.333900" lon="13.138477"/>
<trkpt lat="46.333835" lon="13.138843"/>
</trkseg>
<trkseg>
<trkpt lat="46.333024" lon="13.137296"/>
<trkpt lat="46.332995" lon="13.137337"/>
<trkpt lat="46.332976" lon="13.137378"/>
<trkpt lat="46.332965" lon="13.137412"/>
<trkpt lat="46.332958" lon="13.137452"/>
<trkpt lat="46.332954" lon="13.137492"/>
<trkpt lat="46.332953" lon="13.137540"/>
</trkseg>
<trkseg>
<trkpt lat="46.214825" lon="13.102099"/>
<trkpt lat="46.214445" lon="13.101922"/>
<trkpt lat="46.214048" lon="13.101727"/>
<trkpt lat="46.213300" lon="13.101424"/>
<trkpt lat="46.213203" lon="13.101408"/>
<trkpt lat="46.213089" lon="13.101429"/>
<trkpt lat="46.212929" lon="13.101495"/>
<trkpt lat="46.212908" lon="13.101507"/>
<trkpt lat="46.212821" lon="13.101557"/>
<trkpt lat="46.212718" lon="13.101642"/>
<trkpt lat="46.212538" lon="13.101883"/>
<trkpt lat="46.212473" lon="13.101978"/>
<trkpt lat="46.212145" lon="13.102483"/>
<trkpt lat="46.212103" lon="13.102502"/>
<trkpt lat="46.212066" lon="13.102484"/>
<trkpt lat="46.211471" lon="13.102110"/>
<trkpt lat="46.210472" lon="13.101442"/>
</trkseg>
<trkseg>
<trkpt lat="46.073755" lon="13.214249"/>
<trkpt lat="46.073714" lon="13.214353"/>
<trkpt lat="46.073701" lon="13.214430"/>
<trkpt lat="46.073695" lon="13.214510"/>
</trkseg>
<trkseg>
<trkpt lat="46.148969" lon="13.210566"/>
<trkpt lat="46.148913" lon="13.210486"/>
<trkpt lat="46.148615" lon="13.210226"/>
<trkpt lat="46.148226" lon="13.209986"/>
<trkpt lat="46.147688" lon="13.209726"/>
<trkpt lat="46.147633" lon="13.209675"/>
<trkpt lat="46.147278" lon="13.209515"/>
<trkpt lat="46.147101" lon="13.209381"/>
<trkpt lat="46.146929" lon="13.209179"/>
<trkpt lat="46.146867" lon="13.209008"/>
<trkpt lat="46.146956" lon="13.208616"/>
<trkpt lat="46.147086" lon="13.208259"/>
<trkpt lat="46.147123" lon="13.207945"/>
<trkpt lat="46.147103" lon="13.207857"/>
<trkpt lat="46.147036" lon="13.207776"/>
<trkpt lat="46.146904" lon="13.207667"/>
</trkseg>
<trkseg>
<trkpt lat="46.201560" lon="13.120390"/>
<trkpt lat="46.201465" lon="13.120240"/>
</trkseg>
<trkseg>
<trkpt lat="46.201465" lon="13.120240"/>
<trkpt lat="46.201216" lon="13.119915"/>
<trkpt lat="46.201088" lon="13.119835"/>
<trkpt lat="46.200896" lon="13.119687"/>
<trkpt lat="46.200822" lon="13.119604"/>
</trkseg>
<trkseg>
<trkpt lat="46.091031" lon="13.199491"/>
<trkpt lat="46.091003" lon="13.199366"/>
<trkpt lat="46.090983" lon="13.199293"/>
<trkpt lat="46.090937" lon="13.199120"/>
<trkpt lat="46.090904" lon="13.198998"/>
<trkpt lat="46.090860" lon="13.198833"/>
<trkpt lat="46.090836" lon="13.198745"/>
<trkpt lat="46.090823" lon="13.198664"/>
<trkpt lat="46.090795" lon="13.198406"/>
<trkpt lat="46.090790" lon="13.198326"/>
<trkpt lat="46.090789" lon="13.198246"/>
<trkpt lat="46.090793" lon="13.197895"/>
<trkpt lat="46.090792" lon="13.197558"/>
</trkseg>
<trkseg>
<trkpt lat="46.091107" lon="13.200325"/>
<trkpt lat="46.091116" lon="13.200348"/>
<trkpt lat="46.091129" lon="13.200365"/>
<trkpt lat="46.091144" lon="13.200377"/>
<trkpt lat="46.091162" lon="13.200392"/>
<trkpt lat="46.091177" lon="13.200405"/>
<trkpt lat="46.091190" lon="13.200420"/>
<trkpt lat="46.091205" lon="13.200439"/>
<trkpt lat="46.091220" lon="13.200461"/>
<trkpt lat="46.091235" lon="13.200485"/>
<trkpt lat="46.091246" lon="13.200510"/>
<trkpt lat="46.091253" lon="13.200532"/>
<trkpt lat="46.091255" lon="13.200548"/>
<trkpt lat="46.091260" lon="13.200563"/>
</trkseg>
<trkseg>
<trkpt lat="46.315181" lon="13.127957"/>
<trkpt lat="46.314963" lon="13.127856"/>
<trkpt lat="46.314591" lon="13.127690"/>
<trkpt lat="46.314405" lon="13.127618"/>
<trkpt lat="46.314213" lon="13.127573"/>
<trkpt lat="46.314043" lon="13.127543"/>
<trkpt lat="46.313722" lon="13.127499"/>
<trkpt lat="46.313574" lon="13.127489"/>
<trkpt lat="46.313322" lon="13.127493"/>
<trkpt lat="46.311825" lon="13.127593"/>
<trkpt lat="46.310480" lon="13.127694"/>
<trkpt lat="46.310065" lon="13.127751"/>
<trkpt lat="46.309737" lon="13.127761"/>
<trkpt lat="46.309496" lon="13.127754"/>
<trkpt lat="46.309225" lon="13.127727"/>
<trkpt lat="46.309010" lon="13.127689"/>
<trkpt lat="46.308806" lon="13.127632"/>
<trkpt lat="46.308585" lon="13.127561"/>
<trkpt lat="46.308379" lon="13.127481"/>
<trkpt lat="46.308120" lon="13.127364"/>
</trkseg>
<trkseg>
<trkpt lat="46.320948" lon="13.130080"/>
<trkpt lat="46.320912" lon="13.130245"/>
</trkseg>
<trkseg>
<trkpt lat="46.320912" lon="13.130245"/>
<trkpt lat="46.320905" lon="13.130281"/>
<trkpt lat="46.320906" lon="13.130365"/>
</trkseg>
<trkseg>
<trkpt lat="46.101127" lon="13.214146"/>
<trkpt lat="46.101126" lon="13.213763"/>
</trkseg>
<trkseg>
<trkpt lat="46.306695" lon="13.126127"/>
<trkpt lat="46.306961" lon="13.126442"/>
<trkpt lat="46.307112" lon="13.126618"/>
<trkpt lat="46.307256" lon="13.126758"/>
</trkseg>
<trkseg>
<trkpt lat="46.329284" lon="13.132509"/>
<trkpt lat="46.329280" lon="13.132389"/>
</trkseg>
<trkseg>
<trkpt lat="46.084378" lon="13.189375"/>
<trkpt lat="46.084228" lon="13.189367"/>
<trkpt lat="46.083265" lon="13.189317"/>
</trkseg>
<trkseg>
<trkpt lat="46.085140" lon="13.188271"/>
<trkpt lat="46.085074" lon="13.188397"/>
<trkpt lat="46.084787" lon="13.188795"/>
<trkpt lat="46.084587" lon="13.189071"/>
<trkpt lat="46.084546" lon="13.189129"/>
<trkpt lat="46.084473" lon="13.189228"/>
<trkpt lat="46.084378" lon="13.189375"/>
</trkseg>
<trkseg>
<trkpt lat="46.077711" lon="13.207910"/>
<trkpt lat="46.077558" lon="13.208191"/>
<trkpt lat="46.077188" lon="13.208874"/>
<trkpt lat="46.077095" lon="13.209045"/>
<trkpt lat="46.076698" lon="13.209779"/>
</trkseg>
<trkseg>
<trkpt lat="46.083796" lon="13.201962"/>
<trkpt lat="46.083802" lon="13.202069"/>
<trkpt lat="46.083814" lon="13.202285"/>
<trkpt lat="46.083812" lon="13.202600"/>
<trkpt lat="46.083806" lon="13.203053"/>
<trkpt lat="46.083800" lon="13.203107"/>
<trkpt lat="46.083792" lon="13.203160"/>
<trkpt lat="46.083778" lon="13.203222"/>
<trkpt lat="46.083768" lon="13.203262"/>
<trkpt lat="46.083764" lon="13.203306"/>
</trkseg>
<trkseg>
<trkpt lat="46.206449" lon="13.108502"/>
<trkpt lat="46.206436" lon="13.108541"/>
<trkpt lat="46.206432" lon="13.108567"/>
<trkpt lat="46.206432" lon="13.108596"/>
<trkpt lat="46.206442" lon="13.108677"/>
<trkpt lat="46.206451" lon="13.108756"/>
<trkpt lat="46.206491" lon="13.108985"/>
<trkpt lat="46.206590" lon="13.109597"/>
</trkseg>
<trkseg>
<trkpt lat="46.069966" lon="13.228594"/>
<trkpt lat="46.070021" lon="13.228728"/>
<trkpt lat="46.070024" lon="13.228757"/>
<trkpt lat="46.070019" lon="13.228776"/>
<trkpt lat="46.070012" lon="13.228788"/>
<trkpt lat="46.069980" lon="13.228818"/>
</trkseg>
<trkseg>
<trkpt lat="46.070251" lon="13.228117"/>
<trkpt lat="46.070253" lon="13.228163"/>
<trkpt lat="46.070243" lon="13.228186"/>
</trkseg>
<trkseg>
<trkpt lat="46.328906" lon="13.134240"/>
<trkpt lat="46.329010" lon="13.133943"/>
</trkseg>
<trkseg>
<trkpt lat="46.111918" lon="13.212395"/>
<trkpt lat="46.111868" lon="13.212422"/>
<trkpt lat="46.111813" lon="13.212433"/>
<trkpt lat="46.111762" lon="13.212428"/>
<trkpt lat="46.111668" lon="13.212439"/>
<trkpt lat="46.111195" lon="13.212539"/>
<trkpt lat="46.111130" lon="13.212558"/>
<trkpt lat="46.110424" lon="13.212896"/>
<trkpt lat="46.109897" lon="13.213152"/>
<trkpt lat="46.109431" lon="13.213360"/>
<trkpt lat="46.109096" lon="13.213511"/>
<trkpt lat="46.109063" lon="13.213527"/>
<trkpt lat="46.109047" lon="13.213446"/>
<trkpt lat="46.109037" lon="13.213387"/>
<trkpt lat="46.108981" lon="13.213409"/>
<trkpt lat="46.108934" lon="13.213426"/>
<trkpt lat="46.108945" lon="13.213482"/>
<trkpt lat="46.108945" lon="13.213507"/>
<trkpt lat="46.108941" lon="13.213529"/>
<trkpt lat="46.108928" lon="13.213550"/>
<trkpt lat="46.108856" lon="13.213587"/>
<trkpt lat="46.108379" lon="13.213834"/>
<trkpt lat="46.107839" lon="13.214122"/>
<trkpt lat="46.107796" lon="13.214127"/>
<trkpt lat="46.107768" lon="13.214111"/>
<trkpt lat="46.107761" lon="13.214089"/>
<trkpt lat="46.107722" lon="13.214109"/>
<trkpt lat="46.107685" lon="13.214130"/>
<trkpt lat="46.107686" lon="13.214152"/>
<trkpt lat="46.107675" lon="13.214204"/>
<trkpt lat="46.107661" lon="13.214220"/>
<trkpt lat="46.105793" lon="13.215192"/>
</trkseg>
<trkseg>
<trkpt lat="46.328197" lon="13.136359"/>
<trkpt lat="46.328184" lon="13.136325"/>
<trkpt lat="46.328179" lon="13.136299"/>
<trkpt lat="46.328176" lon="13.136272"/>
<trkpt lat="46.328178" lon="13.136242"/>
<trkpt lat="46.328187" lon="13.136211"/>
<trkpt lat="46.328198" lon="13.136185"/>
<trkpt lat="46.328209" lon="13.136152"/>
<trkpt lat="46.328212" lon="13.136124"/>
<trkpt lat="46.328210" lon="13.136089"/>
<trkpt lat="46.328201" lon="13.136056"/>
<trkpt lat="46.328189" lon="13.136036"/>
<trkpt lat="46.328170" lon="13.136018"/>
<trkpt lat="46.327821" lon="13.135670"/>
</trkseg>
<trkseg>
<trkpt lat="46.120666" lon="13.212115"/>
<trkpt lat="46.120575" lon="13.212256"/>
<trkpt lat="46.120548" lon="13.212284"/>
<trkpt lat="46.120407" lon="13.212125"/>
<trkpt lat="46.120216" lon="13.211919"/>
<trkpt lat="46.120045" lon="13.211777"/>
<trkpt lat="46.119988" lon="13.211731"/>
<trkpt lat="46.119613" lon="13.211506"/>
<trkpt lat="46.119259" lon="13.211336"/>
<trkpt lat="46.118916" lon="13.211206"/>
<trkpt lat="46.118805" lon="13.211164"/>
<trkpt lat="46.118426" lon="13.211023"/>
<trkpt lat="46.117907" lon="13.210888"/>
<trkpt lat="46.117115" lon="13.210906"/>
</trkseg>
<trkseg>
<trkpt lat="46.237616" lon="13.112998"/>
<trkpt lat="46.237533" lon="13.113374"/>
</trkseg>
<trkseg>
<trkpt lat="46.203062" lon="13.125801"/>
<trkpt lat="46.202896" lon="13.126018"/>
<trkpt lat="46.202619" lon="13.126534"/>
<trkpt lat="46.202375" lon="13.126908"/>
<trkpt lat="46.202268" lon="13.127066"/>
<trkpt lat="46.202075" lon="13.127491"/>
<trkpt lat="46.201717" lon="13.128406"/>
<trkpt lat="46.201635" lon="13.128595"/>
<trkpt lat="46.201520" lon="13.128754"/>
<trkpt lat="46.201175" lon="13.129065"/>
<trkpt lat="46.200653" lon="13.129525"/>
<trkpt lat="46.200398" lon="13.129648"/>
<trkpt lat="46.199951" lon="13.129795"/>
<trkpt lat="46.199268" lon="13.130019"/>
<trkpt lat="46.199059" lon="13.130052"/>
<trkpt lat="46.198720" lon="13.130153"/>
<trkpt lat="46.198131" lon="13.130300"/>
<trkpt lat="46.197924" lon="13.130354"/>
<trkpt lat="46.197750" lon="13.130427"/>
<trkpt lat="46.197567" lon="13.130558"/>
<trkpt lat="46.197378" lon="13.130783"/>
<trkpt lat="46.197271" lon="13.131028"/>
<trkpt lat="46.197199" lon="13.131309"/>
<trkpt lat="46.197110" lon="13.131920"/>
<trkpt lat="46.197037" lon="13.132295"/>
<trkpt lat="46.196986" lon="13.132460"/>
<trkpt lat="46.196925" lon="13.132619"/>
<trkpt lat="46.196732" lon="13.132853"/>
<trkpt lat="46.196080" lon="13.133546"/>
<trkpt lat="46.195883" lon="13.133803"/>
<trkpt lat="46.195532" lon="13.134306"/>
<trkpt lat="46.195282" lon="13.134552"/>
<trkpt lat="46.194993" lon="13.134791"/>
<trkpt lat="46.194681" lon="13.134969"/>
<trkpt lat="46.194464" lon="13.135074"/>
<trkpt lat="46.194248" lon="13.135140"/>
<trkpt lat="46.193917" lon="13.135170"/>
<trkpt lat="46.193791" lon="13.135173"/>
<trkpt lat="46.193633" lon="13.135202"/>
<trkpt lat="46.193432" lon="13.135298"/>
<trkpt lat="46.193106" lon="13.135618"/>
<trkpt lat="46.192279" lon="13.136560"/>
<trkpt lat="46.191727" lon="13.137128"/>
<trkpt lat="46.191213" lon="13.137505"/>
<trkpt lat="46.190616" lon="13.137891"/>
</trkseg>
<trkseg>
<trkpt lat="46.203401" lon="13.125345"/>
<trkpt lat="46.203476" lon="13.124782"/>
<trkpt lat="46.203521" lon="13.124584"/>
</trkseg>
<trkseg>
<trkpt lat="46.203249" lon="13.125582"/>
<trkpt lat="46.203276" lon="13.125547"/>
<trkpt lat="46.203351" lon="13.125450"/>
<trkpt lat="46.203401" lon="13.125345"/>
</trkseg>
<trkseg>
<trkpt lat="46.072366" lon="13.216658"/>
<trkpt lat="46.072562" lon="13.216237"/>
<trkpt lat="46.072579" lon="13.216213"/>
<trkpt lat="46.072596" lon="13.216198"/>
</trkseg>
<trkseg>
<trkpt lat="46.070001" lon="13.228867"/>
<trkpt lat="46.069874" lon="13.228983"/>
<trkpt lat="46.069741" lon="13.229116"/>
<trkpt lat="46.069646" lon="13.229206"/>
<trkpt lat="46.069551" lon="13.229279"/>
<trkpt lat="46.069342" lon="13.229418"/>
<trkpt lat="46.069142" lon="13.229535"/>
<trkpt lat="46.068790" lon="13.229732"/>
<trkpt lat="46.068637" lon="13.229814"/>
<trkpt lat="46.068581" lon="13.229842"/>
</trkseg>
<trkseg>
<trkpt lat="46.149614" lon="13.206312"/>
<trkpt lat="46.149515" lon="13.207429"/>
</trkseg>
<trkseg>
<trkpt lat="46.093439" lon="13.199338"/>
<trkpt lat="46.093506" lon="13.199253"/>
<trkpt lat="46.093566" lon="13.199135"/>
<trkpt lat="46.093618" lon="13.199017"/>
<trkpt lat="46.093663" lon="13.198902"/>
<trkpt lat="46.093700" lon="13.198768"/>
<trkpt lat="46.093725" lon="13.198585"/>
<trkpt lat="46.093741" lon="13.198313"/>
</trkseg>
<trkseg>
<trkpt lat="46.093538" lon="13.199781"/>
<trkpt lat="46.093468" lon="13.199697"/>
<trkpt lat="46.093438" lon="13.199637"/>
<trkpt lat="46.093418" lon="13.199538"/>
<trkpt lat="46.093418" lon="13.199443"/>
<trkpt lat="46.093439" lon="13.199338"/>
</trkseg>
<trkseg>
<trkpt lat="46.297659" lon="13.119412"/>
<trkpt lat="46.297635" lon="13.119424"/>
<trkpt lat="46.297603" lon="13.119436"/>
<trkpt lat="46.297574" lon="13.119442"/>
<trkpt lat="46.297537" lon="13.119445"/>
<trkpt lat="46.297384" lon="13.119458"/>
<trkpt lat="46.297301" lon="13.119465"/>
<trkpt lat="46.297147" lon="13.119478"/>
<trkpt lat="46.297008" lon="13.119502"/>
<trkpt lat="46.296798" lon="13.119547"/>
<trkpt lat="46.296741" lon="13.119562"/>
<trkpt lat="46.296692" lon="13.119577"/>
<trkpt lat="46.296582" lon="13.119618"/>
<trkpt lat="46.296403" lon="13.119693"/>
<trkpt lat="46.296254" lon="13.119765"/>
<trkpt lat="46.295966" lon="13.119918"/>
</trkseg>
<trkseg>
<trkpt lat="46.297816" lon="13.119148"/>
<trkpt lat="46.297781" lon="13.119246"/>
<trkpt lat="46.297723" lon="13.119359"/>
</trkseg>
<trkseg>
<trkpt lat="46.297931" lon="13.119168"/>
<trkpt lat="46.298041" lon="13.119090"/>
<trkpt lat="46.298111" lon="13.119055"/>
</trkseg>
<trkseg>
<trkpt lat="46.298111" lon="13.119055"/>
<trkpt lat="46.298339" lon="13.119044"/>
<trkpt lat="46.298420" lon="13.119035"/>
<trkpt lat="46.298445" lon="13.119032"/>
<trkpt lat="46.298775" lon="13.119000"/>
<trkpt lat="46.298791" lon="13.118998"/>
<trkpt lat="46.298905" lon="13.118987"/>
<trkpt lat="46.299119" lon="13.118964"/>
</trkseg>
<trkseg>
<trkpt lat="46.148853" lon="13.192414"/>
<trkpt lat="46.148709" lon="13.192520"/>
<trkpt lat="46.148591" lon="13.192616"/>
<trkpt lat="46.148425" lon="13.192834"/>
<trkpt lat="46.148271" lon="13.193108"/>
<trkpt lat="46.148124" lon="13.193350"/>
</trkseg>
<trkseg>
<trkpt lat="46.171270" lon="13.167322"/>
<trkpt lat="46.171259" lon="13.167475"/>
</trkseg>
<trkseg>
<trkpt lat="46.171259" lon="13.167475"/>
<trkpt lat="46.171250" lon="13.167620"/>
<trkpt lat="46.171232" lon="13.167709"/>
</trkseg>
<trkseg>
<trkpt lat="46.181531" lon="13.146149"/>
<trkpt lat="46.181549" lon="13.146011"/>
</trkseg>
<trkseg>
<trkpt lat="46.181549" lon="13.146011"/>
<trkpt lat="46.181553" lon="13.145972"/>
<trkpt lat="46.181551" lon="13.145931"/>
</trkseg>
<trkseg>
<trkpt lat="46.180481" lon="13.149654"/>
<trkpt lat="46.180494" lon="13.149546"/>
<trkpt lat="46.180498" lon="13.149509"/>
<trkpt lat="46.180542" lon="13.149385"/>
<trkpt lat="46.180589" lon="13.149288"/>
<trkpt lat="46.181048" lon="13.148611"/>
<trkpt lat="46.181170" lon="13.148368"/>
<trkpt lat="46.181239" lon="13.148177"/>
<trkpt lat="46.181271" lon="13.148031"/>
</trkseg>
<trkseg>
<trkpt lat="46.186156" lon="13.142769"/>
<trkpt lat="46.186458" lon="13.142720"/>
</trkseg>
<trkseg>
<trkpt lat="46.071064" lon="13.220469"/>
<trkpt lat="46.071101" lon="13.220495"/>
</trkseg>
<trkseg>
<trkpt lat="46.071191" lon="13.220403"/>
<trkpt lat="46.071086" lon="13.220421"/>
</trkseg>
<trkseg>
<trkpt lat="46.150522" lon="13.215335"/>
<trkpt lat="46.150391" lon="13.215338"/>
<trkpt lat="46.150329" lon="13.215353"/>
<trkpt lat="46.150178" lon="13.215388"/>
<trkpt lat="46.150019" lon="13.215423"/>
<trkpt lat="46.149944" lon="13.215439"/>
</trkseg>
<trkseg>
<trkpt lat="46.149944" lon="13.215439"/>
<trkpt lat="46.149739" lon="13.215438"/>
<trkpt lat="46.149198" lon="13.215433"/>
</trkseg>
<trkseg>
<trkpt lat="46.204899" lon="13.109624"/>
<trkpt lat="46.205001" lon="13.109765"/>
<trkpt lat="46.205089" lon="13.109815"/>
<trkpt lat="46.205193" lon="13.109819"/>
<trkpt lat="46.205693" lon="13.109666"/>
<trkpt lat="46.206071" lon="13.109617"/>
</trkseg>
<trkseg>
<trkpt lat="46.201978" lon="13.120903"/>
<trkpt lat="46.201823" lon="13.120720"/>
<trkpt lat="46.201678" lon="13.120544"/>
<trkpt lat="46.201560" lon="13.120390"/>
</trkseg>
<trkseg>
<trkpt lat="46.200893" lon="13.117496"/>
<trkpt lat="46.200893" lon="13.117434"/>
<trkpt lat="46.200918" lon="13.117390"/>
<trkpt lat="46.201263" lon="13.117187"/>
<trkpt lat="46.201369" lon="13.117184"/>
<trkpt lat="46.201450" lon="13.117195"/>
<trkpt lat="46.201470" lon="13.117154"/>
<trkpt lat="46.201537" lon="13.117025"/>
<trkpt lat="46.201565" lon="13.116976"/>
<trkpt lat="46.201775" lon="13.117223"/>
<trkpt lat="46.201796" lon="13.117239"/>
<trkpt lat="46.201817" lon="13.117243"/>
<trkpt lat="46.201858" lon="13.117197"/>
</trkseg>
<trkseg>
<trkpt lat="46.182427" lon="13.152755"/>
<trkpt lat="46.182399" lon="13.152503"/>
<trkpt lat="46.182383" lon="13.151480"/>
<trkpt lat="46.182367" lon="13.151350"/>
<trkpt lat="46.182309" lon="13.151124"/>
<trkpt lat="46.182221" lon="13.150902"/>
<trkpt lat="46.182129" lon="13.150777"/>
</trkseg>
<trkseg>
<trkpt lat="46.183146" lon="13.162636"/>
<trkpt lat="46.183136" lon="13.162399"/>
<trkpt lat="46.183108" lon="13.162180"/>
<trkpt lat="46.183020" lon="13.161820"/>
<trkpt lat="46.182965" lon="13.161615"/>
<trkpt lat="46.182904" lon="13.161354"/>
<trkpt lat="46.182896" lon="13.161248"/>
<trkpt lat="46.182901" lon="13.159981"/>
<trkpt lat="46.182887" lon="13.159737"/>
<trkpt lat="46.182829" lon="13.159453"/>
<trkpt lat="46.182675" lon="13.159076"/>
<trkpt lat="46.182483" lon="13.158669"/>
<trkpt lat="46.182251" lon="13.158332"/>
<trkpt lat="46.181888" lon="13.157874"/>
<trkpt lat="46.181835" lon="13.157744"/>
<trkpt lat="46.181827" lon="13.157649"/>
</trkseg>
<trkseg>
<trkpt lat="46.127842" lon="13.211032"/>
<trkpt lat="46.127624" lon="13.211285"/>
</trkseg>
<trkseg>
<trkpt lat="46.156622" lon="13.185520"/>
<trkpt lat="46.156465" lon="13.185194"/>
<trkpt lat="46.156344" lon="13.184981"/>
<trkpt lat="46.156249" lon="13.184746"/>
<trkpt lat="46.156205" lon="13.184616"/>
<trkpt lat="46.156183" lon="13.184469"/>
<trkpt lat="46.156179" lon="13.184340"/>
<trkpt lat="46.156179" lon="13.183451"/>
<trkpt lat="46.156176" lon="13.182925"/>
<trkpt lat="46.156164" lon="13.182685"/>
<trkpt lat="46.156137" lon="13.182420"/>
<trkpt lat="46.156114" lon="13.182318"/>
<trkpt lat="46.156086" lon="13.182224"/>
</trkseg>
<trkseg>
<trkpt lat="46.170920" lon="13.175819"/>
<trkpt lat="46.170848" lon="13.175839"/>
<trkpt lat="46.169866" lon="13.175854"/>
<trkpt lat="46.169677" lon="13.175862"/>
<trkpt lat="46.169563" lon="13.175839"/>
<trkpt lat="46.169476" lon="13.175776"/>
<trkpt lat="46.169068" lon="13.175450"/>
<trkpt lat="46.168737" lon="13.175157"/>
<trkpt lat="46.168421" lon="13.174751"/>
<trkpt lat="46.168269" lon="13.174551"/>
<trkpt lat="46.167939" lon="13.174106"/>
<trkpt lat="46.167754" lon="13.173927"/>
</trkseg>
<trkseg>
<trkpt lat="46.120666" lon="13.212115"/>
<trkpt lat="46.120594" lon="13.211904"/>
<trkpt lat="46.120406" lon="13.211638"/>
<trkpt lat="46.120398" lon="13.211544"/>
<trkpt lat="46.120408" lon="13.211445"/>
</trkseg>
<trkseg>
<trkpt lat="46.132885" lon="13.216063"/>
<trkpt lat="46.133292" lon="13.216128"/>
<trkpt lat="46.133628" lon="13.216164"/>
<trkpt lat="46.134566" lon="13.216285"/>
<trkpt lat="46.135443" lon="13.216431"/>
<trkpt lat="46.135743" lon="13.216483"/>
<trkpt lat="46.136660" lon="13.216612"/>
<trkpt lat="46.136785" lon="13.216633"/>
<trkpt lat="46.136930" lon="13.216646"/>
<trkpt lat="46.137118" lon="13.216675"/>
<trkpt lat="46.137240" lon="13.216683"/>
<trkpt lat="46.137667" lon="13.216554"/>
<trkpt lat="46.137913" lon="13.216451"/>
<trkpt lat="46.138159" lon="13.216329"/>
<trkpt lat="46.138275" lon="13.216262"/>
<trkpt lat="46.138389" lon="13.216167"/>
<trkpt lat="46.138508" lon="13.216026"/>
<trkpt lat="46.138620" lon="13.215859"/>
<trkpt lat="46.138664" lon="13.215756"/>
<trkpt lat="46.138698" lon="13.215698"/>
<trkpt lat="46.138744" lon="13.215678"/>
<trkpt lat="46.138797" lon="13.215688"/>
<trkpt lat="46.138927" lon="13.215680"/>
<trkpt lat="46.139065" lon="13.215650"/>
<trkpt lat="46.139206" lon="13.215648"/>
<trkpt lat="46.139490" lon="13.215671"/>
<trkpt lat="46.139837" lon="13.215684"/>
<trkpt lat="46.139969" lon="13.215656"/>
<trkpt lat="46.140144" lon="13.215616"/>
<trkpt lat="46.140622" lon="13.215459"/>
<trkpt lat="46.141022" lon="13.215386"/>
<trkpt lat="46.142186" lon="13.215192"/>
<trkpt lat="46.142429" lon="13.215146"/>
<trkpt lat="46.143029" lon="13.215096"/>
<trkpt lat="46.143688" lon="13.215100"/>
<trkpt lat="46.144440" lon="13.215107"/>
<trkpt lat="46.144637" lon="13.215105"/>
<trkpt lat="46.144706" lon="13.215104"/>
<trkpt lat="46.145120" lon="13.215104"/>
<trkpt lat="46.145772" lon="13.215126"/>
<trkpt lat="46.145918" lon="13.215138"/>
<trkpt lat="46.146378" lon="13.215128"/>
<trkpt lat="46.146648" lon="13.215144"/>
<trkpt lat="46.146928" lon="13.215176"/>
<trkpt lat="46.147491" lon="13.215225"/>
<trkpt lat="46.147656" lon="13.215227"/>
<trkpt lat="46.148042" lon="13.215257"/>
<trkpt lat="46.148644" lon="13.215306"/>
<trkpt lat="46.149197" lon="13.215338"/>
</trkseg>
<trkseg>
<trkpt lat="46.093538" lon="13.199781"/>
<trkpt lat="46.093777" lon="13.199862"/>
<trkpt lat="46.093910" lon="13.199955"/>
</trkseg>
<trkseg>
<trkpt lat="46.101106" lon="13.209280"/>
<trkpt lat="46.101118" lon="13.209350"/>
<trkpt lat="46.101117" lon="13.209456"/>
<trkpt lat="46.101115" lon="13.209547"/>
<trkpt lat="46.101081" lon="13.210055"/>
<trkpt lat="46.101075" lon="13.210159"/>
<trkpt lat="46.101079" lon="13.210279"/>
</trkseg>
<trkseg>
<trkpt lat="46.086536" lon="13.189959"/>
<trkpt lat="46.086534" lon="13.189865"/>
<trkpt lat="46.086548" lon="13.189742"/>
<trkpt lat="46.086543" lon="13.189663"/>
<trkpt lat="46.086526" lon="13.189569"/>
<trkpt lat="46.086485" lon="13.189435"/>
<trkpt lat="46.086445" lon="13.189326"/>
<trkpt lat="46.086378" lon="13.189209"/>
<trkpt lat="46.086223" lon="13.189027"/>
<trkpt lat="46.086011" lon="13.188811"/>
</trkseg>
<trkseg>
<trkpt lat="46.332953" lon="13.137540"/>
<trkpt lat="46.332980" lon="13.137625"/>
<trkpt lat="46.333012" lon="13.137690"/>
<trkpt lat="46.333032" lon="13.137721"/>
<trkpt lat="46.333053" lon="13.137747"/>
</trkseg>
<trkseg>
<trkpt lat="46.327962" lon="13.135539"/>
<trkpt lat="46.328132" lon="13.135492"/>
<trkpt lat="46.328254" lon="13.135438"/>
<trkpt lat="46.328336" lon="13.135354"/>
</trkseg>
<trkseg>
<trkpt lat="46.328506" lon="13.135052"/>
<trkpt lat="46.328846" lon="13.134379"/>
<trkpt lat="46.328906" lon="13.134240"/>
</trkseg>
<trkseg>
<trkpt lat="46.148124" lon="13.193350"/>
<trkpt lat="46.148016" lon="13.193414"/>
<trkpt lat="46.147876" lon="13.193523"/>
<trkpt lat="46.147727" lon="13.193710"/>
<trkpt lat="46.147534" lon="13.194021"/>
</trkseg>
<trkseg>
<trkpt lat="46.147534" lon="13.194021"/>
<trkpt lat="46.147406" lon="13.194133"/>
<trkpt lat="46.147304" lon="13.194218"/>
</trkseg>
<trkseg>
<trkpt lat="46.278147" lon="13.127848"/>
<trkpt lat="46.278152" lon="13.127896"/>
<trkpt lat="46.278054" lon="13.128006"/>
<trkpt lat="46.277962" lon="13.128090"/>
<trkpt lat="46.277875" lon="13.128154"/>
<trkpt lat="46.277546" lon="13.128314"/>
</trkseg>
<trkseg>
<trkpt lat="46.278142" lon="13.127796"/>
<trkpt lat="46.278147" lon="13.127848"/>
</trkseg>
<trkseg>
<trkpt lat="46.279692" lon="13.127184"/>
<trkpt lat="46.279316" lon="13.127355"/>
</trkseg>
<trkseg>
<trkpt lat="46.278998" lon="13.127493"/>
<trkpt lat="46.278960" lon="13.127496"/>
<trkpt lat="46.278950" lon="13.127496"/>
</trkseg>
<trkseg>
<trkpt lat="46.279765" lon="13.127283"/>
<trkpt lat="46.279692" lon="13.127184"/>
</trkseg>
<trkseg>
<trkpt lat="46.276526" lon="13.129031"/>
<trkpt lat="46.276560" lon="13.129086"/>
</trkseg>
<trkseg>
<trkpt lat="46.277442" lon="13.128328"/>
<trkpt lat="46.277427" lon="13.128266"/>
<trkpt lat="46.277401" lon="13.128248"/>
<trkpt lat="46.277323" lon="13.128299"/>
<trkpt lat="46.276966" lon="13.128495"/>
<trkpt lat="46.276896" lon="13.128544"/>
<trkpt lat="46.276830" lon="13.128599"/>
<trkpt lat="46.276790" lon="13.128640"/>
<trkpt lat="46.276744" lon="13.128693"/>
<trkpt lat="46.276706" lon="13.128740"/>
<trkpt lat="46.276687" lon="13.128743"/>
</trkseg>
<trkseg>
<trkpt lat="46.283019" lon="13.125888"/>
<trkpt lat="46.282978" lon="13.125881"/>
<trkpt lat="46.282945" lon="13.125879"/>
<trkpt lat="46.282918" lon="13.125882"/>
<trkpt lat="46.282877" lon="13.125899"/>
<trkpt lat="46.281870" lon="13.126361"/>
<trkpt lat="46.281744" lon="13.126418"/>
</trkseg>
<trkseg>
<trkpt lat="46.276560" lon="13.129086"/>
<trkpt lat="46.276564" lon="13.129100"/>
<trkpt lat="46.276565" lon="13.129113"/>
<trkpt lat="46.276564" lon="13.129124"/>
<trkpt lat="46.276560" lon="13.129137"/>
<trkpt lat="46.276549" lon="13.129161"/>
<trkpt lat="46.276477" lon="13.129278"/>
<trkpt lat="46.276214" lon="13.129700"/>
<trkpt lat="46.276044" lon="13.129966"/>
<trkpt lat="46.275963" lon="13.130086"/>
<trkpt lat="46.275686" lon="13.130444"/>
<trkpt lat="46.275293" lon="13.130926"/>
</trkseg>
<trkseg>
<trkpt lat="46.303289" lon="13.121434"/>
<trkpt lat="46.303340" lon="13.121461"/>
</trkseg>
<trkseg>
<trkpt lat="46.303340" lon="13.121461"/>
<trkpt lat="46.303798" lon="13.121753"/>
<trkpt lat="46.304223" lon="13.122120"/>
<trkpt lat="46.304412" lon="13.122293"/>
<trkpt lat="46.304544" lon="13.122430"/>
<trkpt lat="46.304651" lon="13.122544"/>
<trkpt lat="46.304741" lon="13.122653"/>
<trkpt lat="46.304870" lon="13.122814"/>
<trkpt lat="46.304984" lon="13.122963"/>
<trkpt lat="46.305119" lon="13.123164"/>
<trkpt lat="46.305269" lon="13.123431"/>
<trkpt lat="46.305479" lon="13.123824"/>
<trkpt lat="46.305701" lon="13.124254"/>
</trkseg>
<trkseg>
<trkpt lat="46.271942" lon="13.130925"/>
<trkpt lat="46.271933" lon="13.131100"/>
<trkpt lat="46.271934" lon="13.131191"/>
<trkpt lat="46.271935" lon="13.131259"/>
<trkpt lat="46.271941" lon="13.131317"/>
<trkpt lat="46.271950" lon="13.131372"/>
<trkpt lat="46.271965" lon="13.131453"/>
<trkpt lat="46.271975" lon="13.131509"/>
<trkpt lat="46.272057" lon="13.131871"/>
<trkpt lat="46.272118" lon="13.132109"/>
<trkpt lat="46.272233" lon="13.132521"/>
<trkpt lat="46.272398" lon="13.133185"/>
<trkpt lat="46.272419" lon="13.133283"/>
<trkpt lat="46.272436" lon="13.133385"/>
<trkpt lat="46.272458" lon="13.133500"/>
<trkpt lat="46.272477" lon="13.133579"/>
<trkpt lat="46.272520" lon="13.133708"/>
<trkpt lat="46.272590" lon="13.133864"/>
</trkseg>
<trkseg>
<trkpt lat="46.148081" lon="13.206696"/>
<trkpt lat="46.147762" lon="13.206458"/>
<trkpt lat="46.147046" lon="13.206149"/>
</trkseg>
<trkseg>
<trkpt lat="46.320948" lon="13.130080"/>
<trkpt lat="46.320958" lon="13.130041"/>
<trkpt lat="46.321031" lon="13.129906"/>
<trkpt lat="46.321056" lon="13.129815"/>
<trkpt lat="46.321067" lon="13.129735"/>
<trkpt lat="46.321102" lon="13.129548"/>
<trkpt lat="46.321173" lon="13.129258"/>
<trkpt lat="46.321187" lon="13.129169"/>
<trkpt lat="46.321177" lon="13.129079"/>
<trkpt lat="46.321153" lon="13.129000"/>
<trkpt lat="46.321044" lon="13.128745"/>
<trkpt lat="46.321002" lon="13.128593"/>
<trkpt lat="46.320992" lon="13.128477"/>
<trkpt lat="46.321010" lon="13.128404"/>
<trkpt lat="46.321049" lon="13.128351"/>
</trkseg>
<trkseg>
<trkpt lat="46.320906" lon="13.130365"/>
<trkpt lat="46.320871" lon="13.130373"/>
<trkpt lat="46.320536" lon="13.130288"/>
<trkpt lat="46.319503" lon="13.130012"/>
<trkpt lat="46.319296" lon="13.129995"/>
</trkseg>
<trkseg>
<trkpt lat="46.295966" lon="13.119918"/>
<trkpt lat="46.295705" lon="13.120015"/>
<trkpt lat="46.295489" lon="13.120109"/>
<trkpt lat="46.295293" lon="13.120204"/>
<trkpt lat="46.295128" lon="13.120317"/>
</trkseg>
<trkseg>
<trkpt lat="46.295128" lon="13.120317"/>
<trkpt lat="46.295311" lon="13.120266"/>
<trkpt lat="46.295523" lon="13.120190"/>
<trkpt lat="46.295732" lon="13.120088"/>
<trkpt lat="46.295966" lon="13.119918"/>
</trkseg>
<trkseg>
<trkpt lat="46.299528" lon="13.120659"/>
<trkpt lat="46.299521" lon="13.120654"/>
<trkpt lat="46.299515" lon="13.120649"/>
<trkpt lat="46.299498" lon="13.120628"/>
<trkpt lat="46.299450" lon="13.120575"/>
<trkpt lat="46.299416" lon="13.120539"/>
<trkpt lat="46.299397" lon="13.120519"/>
<trkpt lat="46.299380" lon="13.120499"/>
<trkpt lat="46.299369" lon="13.120492"/>
<trkpt lat="46.299357" lon="13.120487"/>
<trkpt lat="46.299343" lon="13.120484"/>
<trkpt lat="46.299327" lon="13.120487"/>
<trkpt lat="46.299314" lon="13.120498"/>
<trkpt lat="46.299301" lon="13.120513"/>
<trkpt lat="46.299290" lon="13.120533"/>
<trkpt lat="46.299282" lon="13.120556"/>
<trkpt lat="46.299278" lon="13.120573"/>
<trkpt lat="46.299275" lon="13.120597"/>
<trkpt lat="46.299278" lon="13.120624"/>
<trkpt lat="46.299285" lon="13.120658"/>
<trkpt lat="46.299301" lon="13.120690"/>
<trkpt lat="46.299327" lon="13.120726"/>
<trkpt lat="46.299360" lon="13.120761"/>
<trkpt lat="46.299394" lon="13.120797"/>
<trkpt lat="46.299421" lon="13.120842"/>
<trkpt lat="46.299432" lon="13.120864"/>
<trkpt lat="46.299437" lon="13.120878"/>
<trkpt lat="46.299441" lon="13.120893"/>
<trkpt lat="46.299442" lon="13.120912"/>
<trkpt lat="46.299440" lon="13.120926"/>
<trkpt lat="46.299433" lon="13.120937"/>
<trkpt lat="46.299420" lon="13.120947"/>
</trkseg>
<trkseg>
<trkpt lat="46.305701" lon="13.124254"/>
<trkpt lat="46.305725" lon="13.124294"/>
<trkpt lat="46.305805" lon="13.124376"/>
<trkpt lat="46.305840" lon="13.124436"/>
<trkpt lat="46.306050" lon="13.124875"/>
<trkpt lat="46.306068" lon="13.124923"/>
<trkpt lat="46.306078" lon="13.124967"/>
<trkpt lat="46.306092" lon="13.125071"/>
<trkpt lat="46.306103" lon="13.125123"/>
<trkpt lat="46.306118" lon="13.125169"/>
</trkseg>
<trkseg>
<trkpt lat="46.306118" lon="13.125169"/>
<trkpt lat="46.306568" lon="13.125921"/>
<trkpt lat="46.306695" lon="13.126127"/>
</trkseg>
<trkseg>
<trkpt lat="46.290914" lon="13.123411"/>
<trkpt lat="46.290521" lon="13.123573"/>
<trkpt lat="46.290138" lon="13.123738"/>
<trkpt lat="46.290009" lon="13.123750"/>
<trkpt lat="46.289875" lon="13.123684"/>
<trkpt lat="46.289819" lon="13.123619"/>
<trkpt lat="46.289755" lon="13.123564"/>
<trkpt lat="46.289716" lon="13.123536"/>
<trkpt lat="46.289673" lon="13.123499"/>
<trkpt lat="46.289635" lon="13.123440"/>
<trkpt lat="46.289282" lon="13.122599"/>
<trkpt lat="46.289257" lon="13.122571"/>
<trkpt lat="46.289233" lon="13.122559"/>
<trkpt lat="46.289209" lon="13.122561"/>
<trkpt lat="46.289187" lon="13.122566"/>
<trkpt lat="46.289161" lon="13.122585"/>
<trkpt lat="46.288771" lon="13.122886"/>
<trkpt lat="46.288664" lon="13.122984"/>
<trkpt lat="46.288567" lon="13.123079"/>
<trkpt lat="46.288476" lon="13.123144"/>
<trkpt lat="46.288410" lon="13.123181"/>
<trkpt lat="46.288299" lon="13.123231"/>
<trkpt lat="46.288046" lon="13.123402"/>
<trkpt lat="46.287785" lon="13.123574"/>
<trkpt lat="46.287582" lon="13.123648"/>
<trkpt lat="46.287473" lon="13.123689"/>
<trkpt lat="46.287389" lon="13.123740"/>
<trkpt lat="46.287246" lon="13.123836"/>
<trkpt lat="46.287145" lon="13.123891"/>
<trkpt lat="46.287098" lon="13.123914"/>
<trkpt lat="46.287026" lon="13.123938"/>
<trkpt lat="46.286967" lon="13.123949"/>
<trkpt lat="46.286917" lon="13.123952"/>
<trkpt lat="46.286871" lon="13.123964"/>
<trkpt lat="46.286630" lon="13.124075"/>
<trkpt lat="46.286527" lon="13.124125"/>
<trkpt lat="46.286443" lon="13.124159"/>
<trkpt lat="46.286420" lon="13.124196"/>
<trkpt lat="46.286385" lon="13.124348"/>
</trkseg>
<trkseg>
<trkpt lat="46.299637" lon="13.120682"/>
<trkpt lat="46.299693" lon="13.120692"/>
<trkpt lat="46.299828" lon="13.120715"/>
<trkpt lat="46.300508" lon="13.120799"/>
<trkpt lat="46.300662" lon="13.120825"/>
</trkseg>
<trkseg>
<trkpt lat="46.292307" lon="13.122919"/>
<trkpt lat="46.292275" lon="13.122889"/>
</trkseg>
<trkseg>
<trkpt lat="46.101078" lon="13.210448"/>
<trkpt lat="46.101090" lon="13.210448"/>
<trkpt lat="46.101108" lon="13.210438"/>
<trkpt lat="46.101123" lon="13.210420"/>
<trkpt lat="46.101133" lon="13.210397"/>
<trkpt lat="46.101137" lon="13.210370"/>
<trkpt lat="46.101136" lon="13.210343"/>
<trkpt lat="46.101134" lon="13.210336"/>
<trkpt lat="46.101128" lon="13.210317"/>
<trkpt lat="46.101115" lon="13.210297"/>
<trkpt lat="46.101098" lon="13.210284"/>
<trkpt lat="46.101079" lon="13.210279"/>
</trkseg>
<trkseg>
<trkpt lat="46.101078" lon="13.210448"/>
<trkpt lat="46.101072" lon="13.210611"/>
<trkpt lat="46.101054" lon="13.211115"/>
</trkseg>
<trkseg>
<trkpt lat="46.101054" lon="13.211115"/>
<trkpt lat="46.101035" lon="13.211250"/>
<trkpt lat="46.100994" lon="13.211369"/>
</trkseg>
<trkseg>
<trkpt lat="46.101101" lon="13.211345"/>
<trkpt lat="46.101073" lon="13.211232"/>
<trkpt lat="46.101054" lon="13.211115"/>
</trkseg>
<trkseg>
<trkpt lat="46.112630" lon="13.211840"/>
<trkpt lat="46.112692" lon="13.211771"/>
<trkpt lat="46.113477" lon="13.211186"/>
<trkpt lat="46.113531" lon="13.211167"/>
<trkpt lat="46.114165" lon="13.211111"/>
<trkpt lat="46.114379" lon="13.211095"/>
<trkpt lat="46.114472" lon="13.211085"/>
<trkpt lat="46.115057" lon="13.211021"/>
<trkpt lat="46.115764" lon="13.210973"/>
</trkseg>
<trkseg>
<trkpt lat="46.115764" lon="13.210973"/>
<trkpt lat="46.116173" lon="13.210930"/>
<trkpt lat="46.117084" lon="13.210884"/>
<trkpt lat="46.117115" lon="13.210906"/>
</trkseg>
<trkseg>
<trkpt lat="46.090879" lon="13.196793"/>
<trkpt lat="46.090898" lon="13.196739"/>
<trkpt lat="46.090912" lon="13.196687"/>
<trkpt lat="46.090972" lon="13.196434"/>
<trkpt lat="46.091019" lon="13.196235"/>
<trkpt lat="46.091085" lon="13.195960"/>
</trkseg>
<trkseg>
<trkpt lat="46.091271" lon="13.200764"/>
<trkpt lat="46.091266" lon="13.200802"/>
<trkpt lat="46.091234" lon="13.201032"/>
<trkpt lat="46.091124" lon="13.201813"/>
</trkseg>
<trkseg>
<trkpt lat="46.091260" lon="13.200563"/>
<trkpt lat="46.091266" lon="13.200611"/>
<trkpt lat="46.091269" lon="13.200641"/>
<trkpt lat="46.091271" lon="13.200677"/>
<trkpt lat="46.091271" lon="13.200718"/>
<trkpt lat="46.091271" lon="13.200764"/>
</trkseg>
<trkseg>
<trkpt lat="46.319232" lon="13.130022"/>
<trkpt lat="46.319182" lon="13.130013"/>
<trkpt lat="46.318957" lon="13.129845"/>
<trkpt lat="46.318805" lon="13.129761"/>
<trkpt lat="46.318583" lon="13.129689"/>
<trkpt lat="46.318436" lon="13.129628"/>
<trkpt lat="46.317993" lon="13.129436"/>
<trkpt lat="46.317278" lon="13.129053"/>
<trkpt lat="46.317080" lon="13.128937"/>
<trkpt lat="46.316895" lon="13.128839"/>
<trkpt lat="46.316821" lon="13.128779"/>
<trkpt lat="46.316748" lon="13.128703"/>
<trkpt lat="46.316678" lon="13.128642"/>
<trkpt lat="46.316598" lon="13.128597"/>
<trkpt lat="46.315859" lon="13.128261"/>
<trkpt lat="46.315181" lon="13.127957"/>
</trkseg>
<trkseg>
<trkpt lat="46.319296" lon="13.129995"/>
<trkpt lat="46.319232" lon="13.130022"/>
</trkseg>
<trkseg>
<trkpt lat="46.328197" lon="13.136359"/>
<trkpt lat="46.328853" lon="13.137525"/>
</trkseg>
<trkseg>
<trkpt lat="46.327788" lon="13.135598"/>
<trkpt lat="46.327821" lon="13.135670"/>
</trkseg>
<trkseg>
<trkpt lat="46.091862" lon="13.193921"/>
<trkpt lat="46.091774" lon="13.193919"/>
<trkpt lat="46.091596" lon="13.194169"/>
<trkpt lat="46.091547" lon="13.194283"/>
<trkpt lat="46.091505" lon="13.194418"/>
<trkpt lat="46.091369" lon="13.194964"/>
<trkpt lat="46.091351" lon="13.195037"/>
<trkpt lat="46.091127" lon="13.195978"/>
</trkseg>
<trkseg>
<trkpt lat="46.084138" lon="13.202704"/>
<trkpt lat="46.084062" lon="13.202528"/>
<trkpt lat="46.083932" lon="13.202251"/>
</trkseg>
<trkseg>
<trkpt lat="46.091124" lon="13.201813"/>
<trkpt lat="46.091050" lon="13.202133"/>
</trkseg>
<trkseg>
<trkpt lat="46.090950" lon="13.202152"/>
<trkpt lat="46.090923" lon="13.202165"/>
<trkpt lat="46.090894" lon="13.202184"/>
<trkpt lat="46.090872" lon="13.202215"/>
<trkpt lat="46.090851" lon="13.202271"/>
<trkpt lat="46.090832" lon="13.202346"/>
<trkpt lat="46.090818" lon="13.202416"/>
<trkpt lat="46.090812" lon="13.202474"/>
<trkpt lat="46.090810" lon="13.202526"/>
<trkpt lat="46.090811" lon="13.202584"/>
<trkpt lat="46.090817" lon="13.202659"/>
<trkpt lat="46.090828" lon="13.202733"/>
<trkpt lat="46.090848" lon="13.202818"/>
<trkpt lat="46.090915" lon="13.203041"/>
<trkpt lat="46.091009" lon="13.203499"/>
</trkseg>
<trkseg>
<trkpt lat="46.147876" lon="13.202344"/>
<trkpt lat="46.147937" lon="13.202430"/>
<trkpt lat="46.148195" lon="13.202841"/>
<trkpt lat="46.148402" lon="13.203034"/>
<trkpt lat="46.148600" lon="13.203213"/>
<trkpt lat="46.148949" lon="13.203414"/>
<trkpt lat="46.149111" lon="13.203613"/>
<trkpt lat="46.149303" lon="13.204121"/>
<trkpt lat="46.149346" lon="13.204188"/>
<trkpt lat="46.149417" lon="13.204284"/>
<trkpt lat="46.149507" lon="13.204377"/>
<trkpt lat="46.149543" lon="13.204469"/>
<trkpt lat="46.149603" lon="13.204596"/>
<trkpt lat="46.149642" lon="13.204802"/>
<trkpt lat="46.149589" lon="13.205095"/>
<trkpt lat="46.149516" lon="13.205426"/>
<trkpt lat="46.149523" lon="13.206122"/>
<trkpt lat="46.149531" lon="13.206246"/>
<trkpt lat="46.149547" lon="13.206293"/>
<trkpt lat="46.149614" lon="13.206312"/>
</trkseg>
<trkseg>
<trkpt lat="46.181153" lon="13.150281"/>
<trkpt lat="46.180726" lon="13.149974"/>
</trkseg>
<trkseg>
<trkpt lat="46.089707" lon="13.192780"/>
<trkpt lat="46.089682" lon="13.192777"/>
<trkpt lat="46.089617" lon="13.192710"/>
<trkpt lat="46.089531" lon="13.192611"/>
<trkpt lat="46.089350" lon="13.192414"/>
<trkpt lat="46.089024" lon="13.192087"/>
<trkpt lat="46.088916" lon="13.191971"/>
<trkpt lat="46.088541" lon="13.191536"/>
<trkpt lat="46.088303" lon="13.191168"/>
<trkpt lat="46.088271" lon="13.191151"/>
</trkseg>
<trkseg>
<trkpt lat="46.128041" lon="13.214785"/>
<trkpt lat="46.128076" lon="13.214783"/>
<trkpt lat="46.128109" lon="13.214764"/>
<trkpt lat="46.128135" lon="13.214731"/>
</trkseg>
<trkseg>
<trkpt lat="46.237533" lon="13.113374"/>
<trkpt lat="46.237156" lon="13.114998"/>
<trkpt lat="46.237115" lon="13.115208"/>
<trkpt lat="46.237073" lon="13.115419"/>
<trkpt lat="46.237071" lon="13.115498"/>
<trkpt lat="46.237065" lon="13.115592"/>
</trkseg>
<trkseg>
<trkpt lat="46.101652" lon="13.204581"/>
<trkpt lat="46.101594" lon="13.204470"/>
<trkpt lat="46.101573" lon="13.204421"/>
<trkpt lat="46.101559" lon="13.204367"/>
</trkseg>
<trkseg>
<trkpt lat="46.148969" lon="13.210566"/>
<trkpt lat="46.149288" lon="13.210574"/>
</trkseg>
<trkseg>
<trkpt lat="46.152150" lon="13.215389"/>
<trkpt lat="46.152021" lon="13.215398"/>
<trkpt lat="46.151381" lon="13.215442"/>
<trkpt lat="46.151361" lon="13.215444"/>
<trkpt lat="46.150973" lon="13.215438"/>
<trkpt lat="46.150748" lon="13.215388"/>
<trkpt lat="46.150695" lon="13.215376"/>
<trkpt lat="46.150554" lon="13.215343"/>
<trkpt lat="46.150522" lon="13.215335"/>
</trkseg>
<trkseg>
<trkpt lat="46.149515" lon="13.207429"/>
<trkpt lat="46.149218" lon="13.207358"/>
<trkpt lat="46.148854" lon="13.207236"/>
<trkpt lat="46.148470" lon="13.206998"/>
<trkpt lat="46.148081" lon="13.206696"/>
</trkseg>
<trkseg>
<trkpt lat="46.152420" lon="13.215120"/>
<trkpt lat="46.152417" lon="13.215042"/>
<trkpt lat="46.152418" lon="13.214883"/>
<trkpt lat="46.152416" lon="13.214585"/>
<trkpt lat="46.152405" lon="13.214020"/>
<trkpt lat="46.152349" lon="13.211849"/>
<trkpt lat="46.152342" lon="13.211471"/>
<trkpt lat="46.152334" lon="13.211011"/>
<trkpt lat="46.152329" lon="13.210919"/>
</trkseg>
<trkseg>
<trkpt lat="46.152420" lon="13.215120"/>
<trkpt lat="46.152375" lon="13.215136"/>
<trkpt lat="46.152349" lon="13.215185"/>
<trkpt lat="46.152327" lon="13.215238"/>
<trkpt lat="46.152295" lon="13.215271"/>
<trkpt lat="46.152245" lon="13.215292"/>
<trkpt lat="46.152149" lon="13.215321"/>
<trkpt lat="46.152150" lon="13.215389"/>
</trkseg>
<trkseg>
<trkpt lat="46.297907" lon="13.119058"/>
<trkpt lat="46.297888" lon="13.119047"/>
<trkpt lat="46.297867" lon="13.119046"/>
<trkpt lat="46.297844" lon="13.119058"/>
<trkpt lat="46.297827" lon="13.119081"/>
<trkpt lat="46.297817" lon="13.119113"/>
<trkpt lat="46.297816" lon="13.119148"/>
</trkseg>
<trkseg>
<trkpt lat="46.062999" lon="13.235648"/>
<trkpt lat="46.063221" lon="13.235841"/>
<trkpt lat="46.063270" lon="13.235884"/>
</trkseg>
<trkseg>
<trkpt lat="46.091134" lon="13.200211"/>
<trkpt lat="46.091124" lon="13.200220"/>
<trkpt lat="46.091116" lon="13.200233"/>
<trkpt lat="46.091108" lon="13.200254"/>
<trkpt lat="46.091103" lon="13.200276"/>
<trkpt lat="46.091103" lon="13.200304"/>
<trkpt lat="46.091107" lon="13.200325"/>
</trkseg>
<trkseg>
<trkpt lat="46.101124" lon="13.214326"/>
<trkpt lat="46.101143" lon="13.214297"/>
<trkpt lat="46.101152" lon="13.214270"/>
<trkpt lat="46.101155" lon="13.214230"/>
<trkpt lat="46.101151" lon="13.214195"/>
<trkpt lat="46.101137" lon="13.214161"/>
<trkpt lat="46.101127" lon="13.214146"/>
</trkseg>
<trkseg>
<trkpt lat="46.100994" lon="13.211369"/>
<trkpt lat="46.100983" lon="13.211391"/>
<trkpt lat="46.100976" lon="13.211416"/>
<trkpt lat="46.100973" lon="13.211459"/>
<trkpt lat="46.100975" lon="13.211482"/>
<trkpt lat="46.100988" lon="13.211521"/>
<trkpt lat="46.101004" lon="13.211548"/>
</trkseg>
<trkseg>
<trkpt lat="46.101079" lon="13.210279"/>
<trkpt lat="46.101059" lon="13.210283"/>
<trkpt lat="46.101042" lon="13.210297"/>
<trkpt lat="46.101029" lon="13.210318"/>
<trkpt lat="46.101021" lon="13.210344"/>
<trkpt lat="46.101020" lon="13.210373"/>
<trkpt lat="46.101025" lon="13.210400"/>
<trkpt lat="46.101036" lon="13.210423"/>
<trkpt lat="46.101052" lon="13.210440"/>
<trkpt lat="46.101071" lon="13.210448"/>
<trkpt lat="46.101078" lon="13.210448"/>
</trkseg>
<trkseg>
<trkpt lat="46.327788" lon="13.135598"/>
<trkpt lat="46.327962" lon="13.135539"/>
</trkseg>
<trkseg>
<trkpt lat="46.328853" lon="13.137525"/>
<trkpt lat="46.328896" lon="13.137478"/>
<trkpt lat="46.329005" lon="13.137391"/>
<trkpt lat="46.329103" lon="13.137295"/>
<trkpt lat="46.329237" lon="13.137151"/>
</trkseg>
<trkseg>
<trkpt lat="46.104326" lon="13.216100"/>
<trkpt lat="46.104257" lon="13.216145"/>
<trkpt lat="46.103065" lon="13.216926"/>
<trkpt lat="46.102109" lon="13.217563"/>
<trkpt lat="46.101659" lon="13.217964"/>
<trkpt lat="46.101614" lon="13.218006"/>
<trkpt lat="46.101594" lon="13.218025"/>
</trkseg>
<trkseg>
<trkpt lat="46.101570" lon="13.218047"/>
<trkpt lat="46.101472" lon="13.217667"/>
<trkpt lat="46.101209" lon="13.216648"/>
<trkpt lat="46.101106" lon="13.216302"/>
<trkpt lat="46.101047" lon="13.216225"/>
<trkpt lat="46.101052" lon="13.216186"/>
<trkpt lat="46.101085" lon="13.215916"/>
<trkpt lat="46.101098" lon="13.215474"/>
<trkpt lat="46.101119" lon="13.214704"/>
<trkpt lat="46.101083" lon="13.214697"/>
</trkseg>
<trkseg>
<trkpt lat="46.101594" lon="13.218025"/>
<trkpt lat="46.101570" lon="13.218047"/>
</trkseg>
<trkseg>
<trkpt lat="46.101087" lon="13.214585"/>
<trkpt lat="46.101083" lon="13.214697"/>
</trkseg>
<trkseg>
<trkpt lat="46.180487" lon="13.149829"/>
<trkpt lat="46.180472" lon="13.149905"/>
<trkpt lat="46.180499" lon="13.149986"/>
<trkpt lat="46.180532" lon="13.150012"/>
<trkpt lat="46.180565" lon="13.150015"/>
<trkpt lat="46.180601" lon="13.149994"/>
</trkseg>
<trkseg>
<trkpt lat="46.068319" lon="13.229974"/>
<trkpt lat="46.068267" lon="13.229992"/>
<trkpt lat="46.068160" lon="13.230023"/>
<trkpt lat="46.068062" lon="13.230061"/>
<trkpt lat="46.067986" lon="13.230087"/>
</trkseg>
<trkseg>
<trkpt lat="46.084068" lon="13.203212"/>
<trkpt lat="46.084143" lon="13.203109"/>
<trkpt lat="46.084250" lon="13.202960"/>
</trkseg>
<trkseg>
<trkpt lat="46.083911" lon="13.203465"/>
<trkpt lat="46.083971" lon="13.203432"/>
<trkpt lat="46.083979" lon="13.203420"/>
<trkpt lat="46.084011" lon="13.203375"/>
<trkpt lat="46.084047" lon="13.203290"/>
<trkpt lat="46.084068" lon="13.203212"/>
</trkseg>
<trkseg>
<trkpt lat="46.083764" lon="13.203306"/>
<trkpt lat="46.083766" lon="13.203349"/>
<trkpt lat="46.083782" lon="13.203436"/>
</trkseg>
<trkseg>
<trkpt lat="46.083822" lon="13.203468"/>
<trkpt lat="46.083831" lon="13.203485"/>
<trkpt lat="46.083842" lon="13.203497"/>
<trkpt lat="46.083851" lon="13.203502"/>
<trkpt lat="46.083860" lon="13.203505"/>
<trkpt lat="46.083870" lon="13.203505"/>
<trkpt lat="46.083879" lon="13.203503"/>
</trkseg>
<trkseg>
<trkpt lat="46.083879" lon="13.203503"/>
<trkpt lat="46.083889" lon="13.203497"/>
<trkpt lat="46.083898" lon="13.203489"/>
<trkpt lat="46.083906" lon="13.203478"/>
<trkpt lat="46.083911" lon="13.203465"/>
</trkseg>
<trkseg>
<trkpt lat="46.083782" lon="13.203436"/>
<trkpt lat="46.083822" lon="13.203468"/>
</trkseg>
<trkseg>
<trkpt lat="46.083879" lon="13.203503"/>
<trkpt lat="46.083931" lon="13.203597"/>
</trkseg>
<trkseg>
<trkpt lat="46.061869" lon="13.233875"/>
<trkpt lat="46.061843" lon="13.233825"/>
<trkpt lat="46.061806" lon="13.233752"/>
<trkpt lat="46.061785" lon="13.233695"/>
<trkpt lat="46.061765" lon="13.233619"/>
<trkpt lat="46.061751" lon="13.233547"/>
<trkpt lat="46.061739" lon="13.233378"/>
<trkpt lat="46.061718" lon="13.233008"/>
<trkpt lat="46.061716" lon="13.232973"/>
</trkseg>
<trkseg>
<trkpt lat="46.068581" lon="13.229842"/>
<trkpt lat="46.068437" lon="13.229916"/>
</trkseg>
<trkseg>
<trkpt lat="46.067518" lon="13.230327"/>
<trkpt lat="46.067443" lon="13.230378"/>
<trkpt lat="46.067204" lon="13.230547"/>
<trkpt lat="46.067089" lon="13.230627"/>
<trkpt lat="46.066941" lon="13.230754"/>
</trkseg>
<trkseg>
<trkpt lat="46.292340" lon="13.122949"/>
<trkpt lat="46.292384" lon="13.122844"/>
<trkpt lat="46.292491" lon="13.122582"/>
<trkpt lat="46.292635" lon="13.122241"/>
<trkpt lat="46.292726" lon="13.121996"/>
<trkpt lat="46.292809" lon="13.121802"/>
<trkpt lat="46.292899" lon="13.121619"/>
<trkpt lat="46.293009" lon="13.121463"/>
<trkpt lat="46.293115" lon="13.121344"/>
<trkpt lat="46.293247" lon="13.121247"/>
<trkpt lat="46.293394" lon="13.121164"/>
<trkpt lat="46.294272" lon="13.120743"/>
<trkpt lat="46.294913" lon="13.120493"/>
<trkpt lat="46.294894" lon="13.120419"/>
</trkseg>
<trkseg>
<trkpt lat="46.065131" lon="13.231808"/>
<trkpt lat="46.064670" lon="13.231976"/>
<trkpt lat="46.064350" lon="13.232093"/>
<trkpt lat="46.064287" lon="13.232116"/>
<trkpt lat="46.064240" lon="13.232133"/>
<trkpt lat="46.064169" lon="13.232154"/>
<trkpt lat="46.064079" lon="13.232174"/>
<trkpt lat="46.064024" lon="13.232182"/>
<trkpt lat="46.063994" lon="13.232176"/>
<trkpt lat="46.063914" lon="13.232159"/>
<trkpt lat="46.063835" lon="13.232144"/>
</trkseg>
<trkseg>
<trkpt lat="46.066466" lon="13.231321"/>
<trkpt lat="46.066448" lon="13.231296"/>
<trkpt lat="46.066282" lon="13.231310"/>
<trkpt lat="46.066224" lon="13.231334"/>
<trkpt lat="46.066200" lon="13.231357"/>
</trkseg>
<trkseg>
<trkpt lat="46.300662" lon="13.120825"/>
<trkpt lat="46.301192" lon="13.120910"/>
<trkpt lat="46.301728" lon="13.120989"/>
<trkpt lat="46.302326" lon="13.121085"/>
<trkpt lat="46.302710" lon="13.121179"/>
<trkpt lat="46.303289" lon="13.121434"/>
</trkseg>
<trkseg>
<trkpt lat="46.299528" lon="13.120659"/>
<trkpt lat="46.299533" lon="13.120662"/>
<trkpt lat="46.299546" lon="13.120665"/>
<trkpt lat="46.299591" lon="13.120675"/>
<trkpt lat="46.299637" lon="13.120682"/>
</trkseg>
<trkseg>
<trkpt lat="46.277498" lon="13.128335"/>
<trkpt lat="46.277451" lon="13.128357"/>
</trkseg>
<trkseg>
<trkpt lat="46.308120" lon="13.127364"/>
<trkpt lat="46.307643" lon="13.127048"/>
<trkpt lat="46.307256" lon="13.126758"/>
</trkseg>
<trkseg>
<trkpt lat="46.061869" lon="13.233875"/>
<trkpt lat="46.061910" lon="13.233949"/>
<trkpt lat="46.061957" lon="13.234034"/>
<trkpt lat="46.062117" lon="13.234284"/>
<trkpt lat="46.062150" lon="13.234338"/>
<trkpt lat="46.062291" lon="13.234566"/>
<trkpt lat="46.062432" lon="13.234795"/>
<trkpt lat="46.062453" lon="13.234831"/>
<trkpt lat="46.062531" lon="13.234953"/>
<trkpt lat="46.062566" lon="13.235007"/>
<trkpt lat="46.062620" lon="13.235090"/>
<trkpt lat="46.062900" lon="13.235523"/>
<trkpt lat="46.062978" lon="13.235628"/>
<trkpt lat="46.062999" lon="13.235648"/>
</trkseg>
<trkseg>
<trkpt lat="46.129472" lon="13.215141"/>
<trkpt lat="46.129481" lon="13.215095"/>
<trkpt lat="46.129496" lon="13.215084"/>
</trkseg>
<trkseg>
<trkpt lat="46.127966" lon="13.214711"/>
<trkpt lat="46.127980" lon="13.214738"/>
<trkpt lat="46.127998" lon="13.214760"/>
<trkpt lat="46.128019" lon="13.214776"/>
<trkpt lat="46.128041" lon="13.214785"/>
</trkseg>
<trkseg>
<trkpt lat="46.127389" lon="13.214273"/>
<trkpt lat="46.127408" lon="13.214288"/>
<trkpt lat="46.127427" lon="13.214289"/>
<trkpt lat="46.127443" lon="13.214281"/>
<trkpt lat="46.127458" lon="13.214260"/>
</trkseg>
<trkseg>
<trkpt lat="46.126349" lon="13.214918"/>
<trkpt lat="46.126191" lon="13.215003"/>
</trkseg>
<trkseg>
<trkpt lat="46.129472" lon="13.215141"/>
<trkpt lat="46.128994" lon="13.215006"/>
<trkpt lat="46.128618" lon="13.214907"/>
<trkpt lat="46.128397" lon="13.214846"/>
<trkpt lat="46.128310" lon="13.214820"/>
<trkpt lat="46.128255" lon="13.214799"/>
<trkpt lat="46.128209" lon="13.214785"/>
<trkpt lat="46.128152" lon="13.214744"/>
<trkpt lat="46.128135" lon="13.214731"/>
</trkseg>
<trkseg>
<trkpt lat="46.130480" lon="13.215512"/>
<trkpt lat="46.130273" lon="13.215415"/>
<trkpt lat="46.130185" lon="13.215371"/>
<trkpt lat="46.129812" lon="13.215229"/>
<trkpt lat="46.129579" lon="13.215116"/>
<trkpt lat="46.129559" lon="13.215106"/>
<trkpt lat="46.129496" lon="13.215084"/>
</trkseg>
<trkseg>
<trkpt lat="46.101109" lon="13.213020"/>
<trkpt lat="46.101124" lon="13.213690"/>
<trkpt lat="46.101126" lon="13.213763"/>
</trkseg>
<trkseg>
<trkpt lat="46.149288" lon="13.210574"/>
<trkpt lat="46.149825" lon="13.210727"/>
<trkpt lat="46.150177" lon="13.210813"/>
<trkpt lat="46.150446" lon="13.210835"/>
</trkseg>
<trkseg>
<trkpt lat="46.146904" lon="13.207667"/>
<trkpt lat="46.146844" lon="13.207625"/>
<trkpt lat="46.146689" lon="13.207398"/>
</trkseg>
<trkseg>
<trkpt lat="46.272621" lon="13.133936"/>
<trkpt lat="46.272714" lon="13.134137"/>
<trkpt lat="46.272809" lon="13.134339"/>
</trkseg>
<trkseg>
<trkpt lat="46.297889" lon="13.119217"/>
<trkpt lat="46.297907" lon="13.119207"/>
<trkpt lat="46.297921" lon="13.119190"/>
<trkpt lat="46.297931" lon="13.119168"/>
</trkseg>
<trkseg>
<trkpt lat="46.100660" lon="13.208926"/>
<trkpt lat="46.100599" lon="13.208894"/>
<trkpt lat="46.100162" lon="13.208699"/>
<trkpt lat="46.099899" lon="13.208611"/>
<trkpt lat="46.099584" lon="13.208505"/>
<trkpt lat="46.099457" lon="13.208458"/>
<trkpt lat="46.098715" lon="13.208174"/>
<trkpt lat="46.098134" lon="13.207994"/>
<trkpt lat="46.097937" lon="13.207937"/>
<trkpt lat="46.097544" lon="13.207795"/>
<trkpt lat="46.097342" lon="13.207711"/>
<trkpt lat="46.096857" lon="13.207467"/>
<trkpt lat="46.096350" lon="13.207135"/>
<trkpt lat="46.096001" lon="13.206876"/>
<trkpt lat="46.095708" lon="13.206628"/>
<trkpt lat="46.095498" lon="13.206367"/>
<trkpt lat="46.095372" lon="13.206119"/>
<trkpt lat="46.095273" lon="13.205844"/>
<trkpt lat="46.095207" lon="13.205527"/>
<trkpt lat="46.095104" lon="13.204720"/>
<trkpt lat="46.094978" lon="13.203798"/>
<trkpt lat="46.094867" lon="13.202973"/>
</trkseg>
<trkseg>
<trkpt lat="46.283925" lon="13.125615"/>
<trkpt lat="46.283935" lon="13.125723"/>
</trkseg>
<trkseg>
<trkpt lat="46.283935" lon="13.125723"/>
<trkpt lat="46.283934" lon="13.125746"/>
<trkpt lat="46.283926" lon="13.125773"/>
<trkpt lat="46.283912" lon="13.125782"/>
<trkpt lat="46.283819" lon="13.125809"/>
<trkpt lat="46.283755" lon="13.125822"/>
<trkpt lat="46.283696" lon="13.125823"/>
<trkpt lat="46.283641" lon="13.125830"/>
<trkpt lat="46.283581" lon="13.125847"/>
<trkpt lat="46.283396" lon="13.125905"/>
<trkpt lat="46.283346" lon="13.125918"/>
<trkpt lat="46.283297" lon="13.125927"/>
<trkpt lat="46.283203" lon="13.125937"/>
<trkpt lat="46.283115" lon="13.125946"/>
<trkpt lat="46.283105" lon="13.125946"/>
</trkseg>
<trkseg>
<trkpt lat="46.286240" lon="13.124400"/>
<trkpt lat="46.286229" lon="13.124403"/>
<trkpt lat="46.286192" lon="13.124423"/>
<trkpt lat="46.286058" lon="13.124536"/>
<trkpt lat="46.285757" lon="13.124760"/>
<trkpt lat="46.285677" lon="13.124803"/>
<trkpt lat="46.285637" lon="13.124820"/>
<trkpt lat="46.285598" lon="13.124832"/>
<trkpt lat="46.285545" lon="13.124838"/>
<trkpt lat="46.285492" lon="13.124840"/>
<trkpt lat="46.285386" lon="13.124844"/>
<trkpt lat="46.285257" lon="13.124867"/>
<trkpt lat="46.285217" lon="13.124879"/>
<trkpt lat="46.285168" lon="13.124897"/>
<trkpt lat="46.285083" lon="13.124940"/>
<trkpt lat="46.284839" lon="13.125083"/>
<trkpt lat="46.284700" lon="13.125150"/>
<trkpt lat="46.284565" lon="13.125207"/>
<trkpt lat="46.284370" lon="13.125276"/>
<trkpt lat="46.284298" lon="13.125305"/>
<trkpt lat="46.284233" lon="13.125347"/>
<trkpt lat="46.284152" lon="13.125402"/>
<trkpt lat="46.284078" lon="13.125431"/>
<trkpt lat="46.284003" lon="13.125462"/>
<trkpt lat="46.283952" lon="13.125496"/>
<trkpt lat="46.283927" lon="13.125545"/>
<trkpt lat="46.283925" lon="13.125615"/>
</trkseg>
<trkseg>
<trkpt lat="46.333880" lon="13.137500"/>
<trkpt lat="46.333893" lon="13.137548"/>
</trkseg>
<trkseg>
<trkpt lat="46.333053" lon="13.137747"/>
<trkpt lat="46.333245" lon="13.137619"/>
<trkpt lat="46.333439" lon="13.137493"/>
</trkseg>
<trkseg>
<trkpt lat="46.178980" lon="13.164765"/>
<trkpt lat="46.178911" lon="13.164835"/>
<trkpt lat="46.178859" lon="13.164869"/>
<trkpt lat="46.178743" lon="13.164901"/>
<trkpt lat="46.177577" lon="13.164878"/>
<trkpt lat="46.177217" lon="13.164886"/>
<trkpt lat="46.176975" lon="13.164962"/>
<trkpt lat="46.175896" lon="13.165339"/>
<trkpt lat="46.174572" lon="13.165583"/>
<trkpt lat="46.174380" lon="13.165583"/>
<trkpt lat="46.174209" lon="13.165552"/>
<trkpt lat="46.173497" lon="13.165298"/>
<trkpt lat="46.172931" lon="13.165237"/>
<trkpt lat="46.172600" lon="13.165201"/>
<trkpt lat="46.172323" lon="13.165195"/>
<trkpt lat="46.171952" lon="13.165259"/>
<trkpt lat="46.171596" lon="13.165369"/>
<trkpt lat="46.171491" lon="13.165438"/>
<trkpt lat="46.171428" lon="13.165549"/>
<trkpt lat="46.171388" lon="13.165677"/>
<trkpt lat="46.171352" lon="13.165944"/>
<trkpt lat="46.171270" lon="13.167322"/>
</trkseg>
<trkseg>
<trkpt lat="46.333439" lon="13.137493"/>
<trkpt lat="46.333474" lon="13.137466"/>
<trkpt lat="46.333493" lon="13.137453"/>
<trkpt lat="46.333669" lon="13.137357"/>
<trkpt lat="46.333751" lon="13.137311"/>
<trkpt lat="46.333820" lon="13.137283"/>
</trkseg>
<trkseg>
<trkpt lat="46.321049" lon="13.128351"/>
<trkpt lat="46.321097" lon="13.128307"/>
<trkpt lat="46.321147" lon="13.128285"/>
<trkpt lat="46.321289" lon="13.128256"/>
<trkpt lat="46.321559" lon="13.128260"/>
<trkpt lat="46.321886" lon="13.128283"/>
<trkpt lat="46.322192" lon="13.128310"/>
<trkpt lat="46.322553" lon="13.128304"/>
<trkpt lat="46.322859" lon="13.128290"/>
<trkpt lat="46.323179" lon="13.128271"/>
<trkpt lat="46.323470" lon="13.128343"/>
<trkpt lat="46.324978" lon="13.129363"/>
<trkpt lat="46.325729" lon="13.129955"/>
<trkpt lat="46.325987" lon="13.130197"/>
<trkpt lat="46.326181" lon="13.130468"/>
<trkpt lat="46.326490" lon="13.130918"/>
<trkpt lat="46.326653" lon="13.131111"/>
<trkpt lat="46.326791" lon="13.131231"/>
<trkpt lat="46.326932" lon="13.131328"/>
<trkpt lat="46.327163" lon="13.131449"/>
<trkpt lat="46.327386" lon="13.131536"/>
<trkpt lat="46.327585" lon="13.131573"/>
<trkpt lat="46.327914" lon="13.131701"/>
<trkpt lat="46.328437" lon="13.131981"/>
<trkpt lat="46.328755" lon="13.132139"/>
<trkpt lat="46.329084" lon="13.132288"/>
<trkpt lat="46.329258" lon="13.132378"/>
<trkpt lat="46.329280" lon="13.132389"/>
</trkseg>
<trkseg>
<trkpt lat="46.276687" lon="13.128743"/>
<trkpt lat="46.276625" lon="13.128834"/>
<trkpt lat="46.276542" lon="13.128972"/>
<trkpt lat="46.276528" lon="13.128996"/>
<trkpt lat="46.276524" lon="13.129010"/>
<trkpt lat="46.276524" lon="13.129020"/>
<trkpt lat="46.276526" lon="13.129031"/>
</trkseg>
<trkseg>
<trkpt lat="46.072298" lon="13.216802"/>
<trkpt lat="46.072567" lon="13.217063"/>
<trkpt lat="46.072587" lon="13.217101"/>
<trkpt lat="46.072601" lon="13.217147"/>
<trkpt lat="46.072606" lon="13.217177"/>
<trkpt lat="46.072607" lon="13.217211"/>
</trkseg>
<trkseg>
<trkpt lat="46.200822" lon="13.119604"/>
<trkpt lat="46.200843" lon="13.119495"/>
<trkpt lat="46.200902" lon="13.118603"/>
<trkpt lat="46.200949" lon="13.118068"/>
<trkpt lat="46.200949" lon="13.117960"/>
<trkpt lat="46.200940" lon="13.117807"/>
<trkpt lat="46.200893" lon="13.117496"/>
</trkseg>
<trkseg>
<trkpt lat="46.083139" lon="13.196157"/>
<trkpt lat="46.083186" lon="13.196081"/>
<trkpt lat="46.083223" lon="13.196005"/>
<trkpt lat="46.083251" lon="13.195923"/>
<trkpt lat="46.083276" lon="13.195828"/>
<trkpt lat="46.083292" lon="13.195759"/>
<trkpt lat="46.083305" lon="13.195691"/>
<trkpt lat="46.083317" lon="13.195617"/>
</trkseg>
<trkseg>
<trkpt lat="46.083589" lon="13.197973"/>
<trkpt lat="46.083597" lon="13.197915"/>
<trkpt lat="46.083600" lon="13.197855"/>
<trkpt lat="46.083599" lon="13.197810"/>
<trkpt lat="46.083589" lon="13.197761"/>
<trkpt lat="46.083574" lon="13.197725"/>
<trkpt lat="46.083552" lon="13.197685"/>
</trkseg>
<trkseg>
<trkpt lat="46.331586" lon="13.139651"/>
<trkpt lat="46.331397" lon="13.139665"/>
<trkpt lat="46.330858" lon="13.139656"/>
</trkseg>
<trkseg>
<trkpt lat="46.079086" lon="13.209079"/>
<trkpt lat="46.079061" lon="13.209096"/>
<trkpt lat="46.079040" lon="13.209103"/>
<trkpt lat="46.079021" lon="13.209109"/>
<trkpt lat="46.079010" lon="13.209111"/>
<trkpt lat="46.079000" lon="13.209110"/>
<trkpt lat="46.078984" lon="13.209104"/>
<trkpt lat="46.078968" lon="13.209095"/>
<trkpt lat="46.078959" lon="13.209086"/>
<trkpt lat="46.078948" lon="13.209076"/>
<trkpt lat="46.078917" lon="13.209043"/>
</trkseg>
<trkseg>
<trkpt lat="46.071267" lon="13.220246"/>
<trkpt lat="46.071222" lon="13.220339"/>
<trkpt lat="46.071191" lon="13.220403"/>
</trkseg>
<trkseg>
<trkpt lat="46.071086" lon="13.220421"/>
<trkpt lat="46.071064" lon="13.220469"/>
</trkseg>
<trkseg>
<trkpt lat="46.073695" lon="13.214510"/>
<trkpt lat="46.073621" lon="13.214554"/>
<trkpt lat="46.073585" lon="13.214576"/>
</trkseg>
<trkseg>
<trkpt lat="46.076460" lon="13.209668"/>
<trkpt lat="46.076434" lon="13.209699"/>
<trkpt lat="46.076180" lon="13.210003"/>
<trkpt lat="46.076088" lon="13.210113"/>
<trkpt lat="46.075829" lon="13.210423"/>
<trkpt lat="46.075550" lon="13.210705"/>
</trkseg>
<trkseg>
<trkpt lat="46.073795" lon="13.214173"/>
<trkpt lat="46.073775" lon="13.214211"/>
<trkpt lat="46.073755" lon="13.214249"/>
</trkseg>
<trkseg>
<trkpt lat="46.073957" lon="13.213848"/>
<trkpt lat="46.073848" lon="13.214069"/>
<trkpt lat="46.073795" lon="13.214173"/>
</trkseg>
<trkseg>
<trkpt lat="46.074041" lon="13.213682"/>
<trkpt lat="46.074008" lon="13.213748"/>
<trkpt lat="46.073957" lon="13.213848"/>
</trkseg>
<trkseg>
<trkpt lat="46.075550" lon="13.210705"/>
<trkpt lat="46.075470" lon="13.210786"/>
<trkpt lat="46.075432" lon="13.210865"/>
<trkpt lat="46.074041" lon="13.213682"/>
</trkseg>
<trkseg>
<trkpt lat="46.090763" lon="13.197053"/>
<trkpt lat="46.090788" lon="13.197223"/>
</trkseg>
<trkseg>
<trkpt lat="46.090879" lon="13.196793"/>
<trkpt lat="46.090814" lon="13.196881"/>
</trkseg>
<trkseg>
<trkpt lat="46.091127" lon="13.195978"/>
<trkpt lat="46.091085" lon="13.195960"/>
</trkseg>
<trkseg>
<trkpt lat="46.090792" lon="13.197558"/>
<trkpt lat="46.090790" lon="13.197406"/>
<trkpt lat="46.090788" lon="13.197292"/>
<trkpt lat="46.090788" lon="13.197223"/>
</trkseg>
<trkseg>
<trkpt lat="46.091146" lon="13.199986"/>
<trkpt lat="46.091031" lon="13.199491"/>
</trkseg>
<trkseg>
<trkpt lat="46.091171" lon="13.200107"/>
<trkpt lat="46.091146" lon="13.199986"/>
</trkseg>
<trkseg>
<trkpt lat="46.091171" lon="13.200107"/>
<trkpt lat="46.091168" lon="13.200130"/>
<trkpt lat="46.091166" lon="13.200149"/>
<trkpt lat="46.091160" lon="13.200175"/>
<trkpt lat="46.091150" lon="13.200200"/>
</trkseg>
<trkseg>
<trkpt lat="46.069980" lon="13.228818"/>
<trkpt lat="46.070001" lon="13.228867"/>
</trkseg>
<trkseg>
<trkpt lat="46.070043" lon="13.228493"/>
<trkpt lat="46.070017" lon="13.228527"/>
<trkpt lat="46.069993" lon="13.228560"/>
</trkseg>
<trkseg>
<trkpt lat="46.070148" lon="13.228340"/>
<trkpt lat="46.070043" lon="13.228493"/>
</trkseg>
<trkseg>
<trkpt lat="46.070195" lon="13.228268"/>
<trkpt lat="46.070169" lon="13.228307"/>
<trkpt lat="46.070148" lon="13.228340"/>
</trkseg>
<trkseg>
<trkpt lat="46.070222" lon="13.228227"/>
<trkpt lat="46.070210" lon="13.228246"/>
<trkpt lat="46.070195" lon="13.228268"/>
</trkseg>
<trkseg>
<trkpt lat="46.070243" lon="13.228186"/>
<trkpt lat="46.070232" lon="13.228208"/>
<trkpt lat="46.070222" lon="13.228227"/>
</trkseg>
<trkseg>
<trkpt lat="46.070250" lon="13.228072"/>
<trkpt lat="46.070251" lon="13.228117"/>
</trkseg>
<trkseg>
<trkpt lat="46.082240" lon="13.205075"/>
<trkpt lat="46.082163" lon="13.205087"/>
<trkpt lat="46.082081" lon="13.205089"/>
</trkseg>
<trkseg>
<trkpt lat="46.078917" lon="13.209043"/>
<trkpt lat="46.078845" lon="13.208966"/>
<trkpt lat="46.078209" lon="13.208260"/>
<trkpt lat="46.077776" lon="13.207779"/>
</trkseg>
<trkseg>
<trkpt lat="46.077776" lon="13.207779"/>
<trkpt lat="46.077745" lon="13.207841"/>
<trkpt lat="46.077711" lon="13.207910"/>
</trkseg>
<trkseg>
<trkpt lat="46.083599" lon="13.198759"/>
<trkpt lat="46.083601" lon="13.198738"/>
<trkpt lat="46.083596" lon="13.198711"/>
<trkpt lat="46.083583" lon="13.198669"/>
<trkpt lat="46.083563" lon="13.198615"/>
<trkpt lat="46.083545" lon="13.198536"/>
<trkpt lat="46.083528" lon="13.198459"/>
<trkpt lat="46.083521" lon="13.198378"/>
<trkpt lat="46.083522" lon="13.198285"/>
<trkpt lat="46.083526" lon="13.198219"/>
<trkpt lat="46.083539" lon="13.198155"/>
<trkpt lat="46.083560" lon="13.198097"/>
<trkpt lat="46.083578" lon="13.198036"/>
<trkpt lat="46.083589" lon="13.197973"/>
</trkseg>
<trkseg>
<trkpt lat="46.083576" lon="13.198832"/>
<trkpt lat="46.083590" lon="13.198794"/>
<trkpt lat="46.083599" lon="13.198759"/>
</trkseg>
<trkseg>
<trkpt lat="46.083796" lon="13.201962"/>
<trkpt lat="46.083816" lon="13.201912"/>
<trkpt lat="46.083826" lon="13.201886"/>
<trkpt lat="46.083745" lon="13.201271"/>
<trkpt lat="46.083702" lon="13.200949"/>
<trkpt lat="46.083645" lon="13.200519"/>
<trkpt lat="46.083594" lon="13.200209"/>
<trkpt lat="46.083580" lon="13.200123"/>
<trkpt lat="46.083576" lon="13.200085"/>
<trkpt lat="46.083576" lon="13.200054"/>
<trkpt lat="46.083582" lon="13.200020"/>
<trkpt lat="46.083598" lon="13.199974"/>
<trkpt lat="46.083618" lon="13.199931"/>
</trkseg>
<trkseg>
<trkpt lat="46.083618" lon="13.199931"/>
<trkpt lat="46.083606" lon="13.199840"/>
<trkpt lat="46.083589" lon="13.199705"/>
</trkseg>
<trkseg>
<trkpt lat="46.083552" lon="13.197685"/>
<trkpt lat="46.083523" lon="13.197639"/>
<trkpt lat="46.083301" lon="13.197402"/>
<trkpt lat="46.083276" lon="13.197358"/>
</trkseg>
<trkseg>
<trkpt lat="46.083276" lon="13.197358"/>
<trkpt lat="46.083258" lon="13.197312"/>
<trkpt lat="46.083247" lon="13.197280"/>
<trkpt lat="46.083239" lon="13.197244"/>
</trkseg>
<trkseg>
<trkpt lat="46.083239" lon="13.197244"/>
<trkpt lat="46.083233" lon="13.197149"/>
<trkpt lat="46.083248" lon="13.196927"/>
<trkpt lat="46.083253" lon="13.196833"/>
</trkseg>
<trkseg>
<trkpt lat="46.083253" lon="13.196833"/>
<trkpt lat="46.083216" lon="13.196734"/>
<trkpt lat="46.083191" lon="13.196668"/>
</trkseg>
<trkseg>
<trkpt lat="46.083191" lon="13.196668"/>
<trkpt lat="46.083157" lon="13.196575"/>
</trkseg>
<trkseg>
<trkpt lat="46.083157" lon="13.196575"/>
<trkpt lat="46.083146" lon="13.196514"/>
<trkpt lat="46.083137" lon="13.196464"/>
</trkseg>
<trkseg>
<trkpt lat="46.083137" lon="13.196464"/>
<trkpt lat="46.083138" lon="13.196282"/>
</trkseg>
<trkseg>
<trkpt lat="46.083138" lon="13.196282"/>
<trkpt lat="46.083138" lon="13.196222"/>
<trkpt lat="46.083139" lon="13.196157"/>
</trkseg>
<trkseg>
<trkpt lat="46.083317" lon="13.195617"/>
<trkpt lat="46.083347" lon="13.195519"/>
<trkpt lat="46.083370" lon="13.195444"/>
</trkseg>
<trkseg>
<trkpt lat="46.251765" lon="13.115753"/>
<trkpt lat="46.251736" lon="13.115759"/>
<trkpt lat="46.251662" lon="13.115769"/>
<trkpt lat="46.251632" lon="13.115775"/>
<trkpt lat="46.251494" lon="13.115818"/>
<trkpt lat="46.251381" lon="13.115836"/>
</trkseg>
<trkseg>
<trkpt lat="46.214818" lon="13.102150"/>
<trkpt lat="46.215009" lon="13.102244"/>
</trkseg>
<trkseg>
<trkpt lat="46.214825" lon="13.102099"/>
<trkpt lat="46.214818" lon="13.102150"/>
</trkseg>
<trkseg>
<trkpt lat="46.228099" lon="13.108149"/>
<trkpt lat="46.228019" lon="13.108135"/>
<trkpt lat="46.227951" lon="13.108131"/>
<trkpt lat="46.227887" lon="13.108136"/>
<trkpt lat="46.227832" lon="13.108156"/>
<trkpt lat="46.227769" lon="13.108192"/>
<trkpt lat="46.227686" lon="13.108269"/>
<trkpt lat="46.227604" lon="13.108385"/>
<trkpt lat="46.227303" lon="13.108944"/>
<trkpt lat="46.227196" lon="13.109118"/>
<trkpt lat="46.227044" lon="13.109287"/>
<trkpt lat="46.226757" lon="13.109510"/>
<trkpt lat="46.226654" lon="13.109594"/>
<trkpt lat="46.226476" lon="13.109714"/>
<trkpt lat="46.226300" lon="13.109856"/>
</trkseg>
<trkseg>
<trkpt lat="46.237151" lon="13.115727"/>
<trkpt lat="46.237150" lon="13.115673"/>
<trkpt lat="46.237133" lon="13.115627"/>
<trkpt lat="46.237102" lon="13.115597"/>
<trkpt lat="46.237065" lon="13.115592"/>
</trkseg>
<trkseg>
<trkpt lat="46.094867" lon="13.202973"/>
<trkpt lat="46.094825" lon="13.202987"/>
</trkseg>
<trkseg>
<trkpt lat="46.091150" lon="13.200200"/>
<trkpt lat="46.091134" lon="13.200211"/>
</trkseg>
<trkseg>
<trkpt lat="46.090814" lon="13.196881"/>
<trkpt lat="46.090792" lon="13.196880"/>
<trkpt lat="46.090770" lon="13.196891"/>
<trkpt lat="46.090753" lon="13.196911"/>
<trkpt lat="46.090743" lon="13.196932"/>
<trkpt lat="46.090737" lon="13.196956"/>
<trkpt lat="46.090736" lon="13.196982"/>
<trkpt lat="46.090740" lon="13.197009"/>
<trkpt lat="46.090750" lon="13.197034"/>
<trkpt lat="46.090763" lon="13.197053"/>
</trkseg>
<trkseg>
<trkpt lat="46.274002" lon="13.130109"/>
<trkpt lat="46.274034" lon="13.130135"/>
<trkpt lat="46.274066" lon="13.130167"/>
<trkpt lat="46.274156" lon="13.130256"/>
<trkpt lat="46.274294" lon="13.130393"/>
<trkpt lat="46.274318" lon="13.130380"/>
</trkseg>
<trkseg>
<trkpt lat="46.274871" lon="13.130027"/>
<trkpt lat="46.275186" lon="13.130875"/>
</trkseg>
<trkseg>
<trkpt lat="46.295128" lon="13.120317"/>
<trkpt lat="46.294894" lon="13.120419"/>
</trkseg>
<trkseg>
<trkpt lat="46.275205" lon="13.131051"/>
<trkpt lat="46.275161" lon="13.131111"/>
<trkpt lat="46.274836" lon="13.131549"/>
<trkpt lat="46.274761" lon="13.131698"/>
<trkpt lat="46.274385" lon="13.132208"/>
<trkpt lat="46.273883" lon="13.132883"/>
<trkpt lat="46.273755" lon="13.133055"/>
<trkpt lat="46.273697" lon="13.133119"/>
<trkpt lat="46.273659" lon="13.133118"/>
<trkpt lat="46.273633" lon="13.133138"/>
<trkpt lat="46.273477" lon="13.133345"/>
<trkpt lat="46.273415" lon="13.133429"/>
<trkpt lat="46.273392" lon="13.133467"/>
<trkpt lat="46.273382" lon="13.133551"/>
<trkpt lat="46.273071" lon="13.133989"/>
<trkpt lat="46.273008" lon="13.134092"/>
<trkpt lat="46.272939" lon="13.134185"/>
<trkpt lat="46.272901" lon="13.134234"/>
<trkpt lat="46.272871" lon="13.134264"/>
<trkpt lat="46.272837" lon="13.134304"/>
<trkpt lat="46.272809" lon="13.134339"/>
</trkseg>
<trkseg>
<trkpt lat="46.297723" lon="13.119359"/>
<trkpt lat="46.297689" lon="13.119391"/>
<trkpt lat="46.297659" lon="13.119412"/>
</trkseg>
<trkseg>
<trkpt lat="46.299036" lon="13.120347"/>
<trkpt lat="46.299061" lon="13.120360"/>
<trkpt lat="46.299076" lon="13.120370"/>
</trkseg>
<trkseg>
<trkpt lat="46.299119" lon="13.118964"/>
<trkpt lat="46.299127" lon="13.119056"/>
<trkpt lat="46.299130" lon="13.119160"/>
<trkpt lat="46.299130" lon="13.119225"/>
<trkpt lat="46.299129" lon="13.119274"/>
<trkpt lat="46.299130" lon="13.119337"/>
<trkpt lat="46.299131" lon="13.119401"/>
<trkpt lat="46.299129" lon="13.119483"/>
<trkpt lat="46.299126" lon="13.119556"/>
<trkpt lat="46.299121" lon="13.119627"/>
<trkpt lat="46.299086" lon="13.119893"/>
<trkpt lat="46.299045" lon="13.120240"/>
<trkpt lat="46.299037" lon="13.120311"/>
<trkpt lat="46.299036" lon="13.120347"/>
</trkseg>
<trkseg>
<trkpt lat="46.063835" lon="13.232144"/>
<trkpt lat="46.063402" lon="13.232163"/>
<trkpt lat="46.063205" lon="13.232175"/>
<trkpt lat="46.063186" lon="13.232175"/>
<trkpt lat="46.062855" lon="13.232210"/>
<trkpt lat="46.062537" lon="13.232253"/>
<trkpt lat="46.062416" lon="13.232296"/>
<trkpt lat="46.062141" lon="13.232418"/>
<trkpt lat="46.061953" lon="13.232527"/>
<trkpt lat="46.061920" lon="13.232552"/>
<trkpt lat="46.061892" lon="13.232572"/>
<trkpt lat="46.061825" lon="13.232642"/>
<trkpt lat="46.061790" lon="13.232697"/>
<trkpt lat="46.061769" lon="13.232753"/>
<trkpt lat="46.061752" lon="13.232819"/>
<trkpt lat="46.061716" lon="13.232973"/>
</trkseg>
<trkseg>
<trkpt lat="46.331965" lon="13.138853"/>
<trkpt lat="46.331922" lon="13.138781"/>
</trkseg>
<trkseg>
<trkpt lat="46.331922" lon="13.138781"/>
<trkpt lat="46.331905" lon="13.138753"/>
</trkseg>
<trkseg>
<trkpt lat="46.069993" lon="13.228560"/>
<trkpt lat="46.069966" lon="13.228594"/>
</trkseg>
<trkseg>
<trkpt lat="46.081803" lon="13.205013"/>
<trkpt lat="46.081661" lon="13.204966"/>
</trkseg>
<trkseg>
<trkpt lat="46.080098" lon="13.207260"/>
<trkpt lat="46.079884" lon="13.207646"/>
<trkpt lat="46.079086" lon="13.209079"/>
</trkseg>
<trkseg>
<trkpt lat="46.066200" lon="13.231357"/>
<trkpt lat="46.066159" lon="13.231377"/>
<trkpt lat="46.065676" lon="13.231582"/>
<trkpt lat="46.065226" lon="13.231772"/>
</trkseg>
<trkseg>
<trkpt lat="46.065226" lon="13.231772"/>
<trkpt lat="46.065183" lon="13.231788"/>
<trkpt lat="46.065131" lon="13.231808"/>
</trkseg>
<trkseg>
<trkpt lat="46.182129" lon="13.150777"/>
<trkpt lat="46.182043" lon="13.150660"/>
<trkpt lat="46.181921" lon="13.150548"/>
<trkpt lat="46.181693" lon="13.150356"/>
<trkpt lat="46.181566" lon="13.150338"/>
<trkpt lat="46.181153" lon="13.150281"/>
</trkseg>
<trkseg>
<trkpt lat="46.083266" lon="13.189505"/>
<trkpt lat="46.083265" lon="13.189317"/>
</trkseg>
<trkseg>
<trkpt lat="46.083076" lon="13.192204"/>
<trkpt lat="46.083052" lon="13.192175"/>
<trkpt lat="46.083035" lon="13.192135"/>
<trkpt lat="46.083027" lon="13.192088"/>
<trkpt lat="46.083026" lon="13.192033"/>
<trkpt lat="46.083028" lon="13.191987"/>
<trkpt lat="46.083040" lon="13.191896"/>
</trkseg>
<trkseg>
<trkpt lat="46.083256" lon="13.189676"/>
<trkpt lat="46.083266" lon="13.189505"/>
</trkseg>
<trkseg>
<trkpt lat="46.068437" lon="13.229916"/>
<trkpt lat="46.068319" lon="13.229974"/>
</trkseg>
<trkseg>
<trkpt lat="46.066503" lon="13.231317"/>
<trkpt lat="46.066553" lon="13.231311"/>
</trkseg>
<trkseg>
<trkpt lat="46.066466" lon="13.231321"/>
<trkpt lat="46.066503" lon="13.231317"/>
</trkseg>
<trkseg>
<trkpt lat="46.066553" lon="13.231311"/>
<trkpt lat="46.066610" lon="13.231176"/>
<trkpt lat="46.066674" lon="13.231069"/>
<trkpt lat="46.066765" lon="13.230968"/>
<trkpt lat="46.066834" lon="13.230859"/>
</trkseg>
<trkseg>
<trkpt lat="46.066941" lon="13.230754"/>
<trkpt lat="46.066834" lon="13.230859"/>
</trkseg>
<trkseg>
<trkpt lat="46.101153" lon="13.209134"/>
<trkpt lat="46.101122" lon="13.209115"/>
<trkpt lat="46.101021" lon="13.209103"/>
</trkseg>
<trkseg>
<trkpt lat="46.101153" lon="13.209134"/>
<trkpt lat="46.101141" lon="13.209199"/>
<trkpt lat="46.101106" lon="13.209280"/>
</trkseg>
<trkseg>
<trkpt lat="46.147437" lon="13.199536"/>
<trkpt lat="46.147548" lon="13.200942"/>
<trkpt lat="46.147748" lon="13.201990"/>
<trkpt lat="46.147876" lon="13.202344"/>
</trkseg>
<trkseg>
<trkpt lat="46.076698" lon="13.209779"/>
<trkpt lat="46.076644" lon="13.209878"/>
<trkpt lat="46.076460" lon="13.209668"/>
</trkseg>
<trkseg>
<trkpt lat="46.083539" lon="13.198937"/>
<trkpt lat="46.083548" lon="13.198913"/>
<trkpt lat="46.083562" lon="13.198871"/>
</trkseg>
<trkseg>
<trkpt lat="46.083562" lon="13.198871"/>
<trkpt lat="46.083576" lon="13.198832"/>
</trkseg>
<trkseg>
<trkpt lat="46.277546" lon="13.128314"/>
<trkpt lat="46.277530" lon="13.128321"/>
<trkpt lat="46.277498" lon="13.128335"/>
</trkseg>
<trkseg>
<trkpt lat="46.277451" lon="13.128357"/>
<trkpt lat="46.277442" lon="13.128328"/>
</trkseg>
<trkseg>
<trkpt lat="46.275235" lon="13.131007"/>
<trkpt lat="46.275205" lon="13.131051"/>
</trkseg>
<trkseg>
<trkpt lat="46.275293" lon="13.130926"/>
<trkpt lat="46.275271" lon="13.130957"/>
<trkpt lat="46.275235" lon="13.131007"/>
</trkseg>
<trkseg>
<trkpt lat="46.292307" lon="13.122919"/>
<trkpt lat="46.292340" lon="13.122949"/>
</trkseg>
<trkseg>
<trkpt lat="46.292275" lon="13.122889"/>
<trkpt lat="46.292262" lon="13.122895"/>
<trkpt lat="46.292031" lon="13.122991"/>
</trkseg>
<trkseg>
<trkpt lat="46.292031" lon="13.122991"/>
<trkpt lat="46.290914" lon="13.123411"/>
</trkseg>
<trkseg>
<trkpt lat="46.286326" lon="13.124369"/>
<trkpt lat="46.286257" lon="13.124394"/>
<trkpt lat="46.286240" lon="13.124400"/>
</trkseg>
<trkseg>
<trkpt lat="46.286385" lon="13.124348"/>
<trkpt lat="46.286326" lon="13.124369"/>
</trkseg>
<trkseg>
<trkpt lat="46.283105" lon="13.125946"/>
<trkpt lat="46.283059" lon="13.125913"/>
<trkpt lat="46.283028" lon="13.125894"/>
<trkpt lat="46.283019" lon="13.125888"/>
</trkseg>
<trkseg>
<trkpt lat="46.281744" lon="13.126418"/>
<trkpt lat="46.281656" lon="13.126487"/>
<trkpt lat="46.281586" lon="13.126512"/>
<trkpt lat="46.281492" lon="13.126542"/>
<trkpt lat="46.280769" lon="13.126815"/>
<trkpt lat="46.279765" lon="13.127283"/>
</trkseg>
<trkseg>
<trkpt lat="46.279316" lon="13.127355"/>
<trkpt lat="46.279307" lon="13.127383"/>
<trkpt lat="46.279177" lon="13.127443"/>
<trkpt lat="46.279057" lon="13.127489"/>
</trkseg>
<trkseg>
<trkpt lat="46.278950" lon="13.127496"/>
<trkpt lat="46.278137" lon="13.127750"/>
<trkpt lat="46.278142" lon="13.127796"/>
</trkseg>
<trkseg>
<trkpt lat="46.279057" lon="13.127489"/>
<trkpt lat="46.279042" lon="13.127490"/>
<trkpt lat="46.278998" lon="13.127493"/>
</trkseg>
<trkseg>
<trkpt lat="46.252263" lon="13.116028"/>
<trkpt lat="46.252231" lon="13.115954"/>
<trkpt lat="46.252218" lon="13.115903"/>
<trkpt lat="46.252210" lon="13.115849"/>
<trkpt lat="46.252208" lon="13.115780"/>
</trkseg>
<trkseg>
<trkpt lat="46.252103" lon="13.115885"/>
<trkpt lat="46.252196" lon="13.115979"/>
<trkpt lat="46.252263" lon="13.116028"/>
</trkseg>
<trkseg>
<trkpt lat="46.251765" lon="13.115753"/>
<trkpt lat="46.251891" lon="13.115754"/>
<trkpt lat="46.251919" lon="13.115752"/>
<trkpt lat="46.251965" lon="13.115756"/>
</trkseg>
<trkseg>
<trkpt lat="46.251967" lon="13.115767"/>
<trkpt lat="46.251984" lon="13.115809"/>
<trkpt lat="46.252007" lon="13.115844"/>
<trkpt lat="46.252035" lon="13.115869"/>
<trkpt lat="46.252054" lon="13.115879"/>
<trkpt lat="46.252076" lon="13.115885"/>
</trkseg>
<trkseg>
<trkpt lat="46.332044" lon="13.138985"/>
<trkpt lat="46.332032" lon="13.138963"/>
<trkpt lat="46.332009" lon="13.138924"/>
<trkpt lat="46.331965" lon="13.138853"/>
</trkseg>
<trkseg>
<trkpt lat="46.332111" lon="13.139110"/>
<trkpt lat="46.332044" lon="13.138985"/>
</trkseg>
<trkseg>
<trkpt lat="46.105793" lon="13.215192"/>
<trkpt lat="46.104394" lon="13.216058"/>
<trkpt lat="46.104326" lon="13.216100"/>
</trkseg>
<trkseg>
<trkpt lat="46.101134" lon="13.211393"/>
<trkpt lat="46.101125" lon="13.211375"/>
<trkpt lat="46.101115" lon="13.211359"/>
<trkpt lat="46.101101" lon="13.211345"/>
</trkseg>
<trkseg>
<trkpt lat="46.252208" lon="13.115780"/>
<trkpt lat="46.252216" lon="13.115750"/>
<trkpt lat="46.252220" lon="13.115719"/>
<trkpt lat="46.252220" lon="13.115672"/>
<trkpt lat="46.252212" lon="13.115626"/>
<trkpt lat="46.252196" lon="13.115585"/>
<trkpt lat="46.252174" lon="13.115550"/>
<trkpt lat="46.252147" lon="13.115525"/>
</trkseg>
<trkseg>
<trkpt lat="46.252147" lon="13.115525"/>
<trkpt lat="46.252116" lon="13.115510"/>
<trkpt lat="46.252083" lon="13.115506"/>
<trkpt lat="46.252051" lon="13.115514"/>
<trkpt lat="46.252021" lon="13.115534"/>
<trkpt lat="46.251995" lon="13.115564"/>
<trkpt lat="46.251976" lon="13.115601"/>
</trkseg>
<trkseg>
<trkpt lat="46.087374" lon="13.190900"/>
<trkpt lat="46.087298" lon="13.190809"/>
<trkpt lat="46.087151" lon="13.190618"/>
<trkpt lat="46.087023" lon="13.190459"/>
<trkpt lat="46.086818" lon="13.190232"/>
<trkpt lat="46.086627" lon="13.190073"/>
<trkpt lat="46.086571" lon="13.190013"/>
<trkpt lat="46.086536" lon="13.189959"/>
</trkseg>
<trkseg>
<trkpt lat="46.083932" lon="13.202251"/>
<trkpt lat="46.083837" lon="13.202049"/>
<trkpt lat="46.083796" lon="13.201962"/>
</trkseg>
<trkseg>
<trkpt lat="46.091936" lon="13.193579"/>
<trkpt lat="46.091967" lon="13.193617"/>
</trkseg>
<trkseg>
<trkpt lat="46.091932" lon="13.193810"/>
<trkpt lat="46.091911" lon="13.193844"/>
</trkseg>
<trkseg>
<trkpt lat="46.091911" lon="13.193844"/>
<trkpt lat="46.091862" lon="13.193921"/>
</trkseg>
<trkseg>
<trkpt lat="46.226207" lon="13.109554"/>
<trkpt lat="46.226256" lon="13.109668"/>
<trkpt lat="46.226285" lon="13.109808"/>
<trkpt lat="46.226300" lon="13.109856"/>
</trkseg>
<trkseg>
<trkpt lat="46.226476" lon="13.109714"/>
<trkpt lat="46.226267" lon="13.109583"/>
<trkpt lat="46.226207" lon="13.109554"/>
</trkseg>
<trkseg>
<trkpt lat="46.206071" lon="13.109617"/>
<trkpt lat="46.206134" lon="13.109721"/>
</trkseg>
<trkseg>
<trkpt lat="46.240899" lon="13.116184"/>
<trkpt lat="46.241155" lon="13.116204"/>
<trkpt lat="46.241303" lon="13.116229"/>
<trkpt lat="46.241656" lon="13.116293"/>
<trkpt lat="46.242260" lon="13.116422"/>
<trkpt lat="46.242503" lon="13.116478"/>
<trkpt lat="46.242633" lon="13.116504"/>
<trkpt lat="46.242778" lon="13.116528"/>
<trkpt lat="46.242995" lon="13.116537"/>
<trkpt lat="46.243562" lon="13.116537"/>
</trkseg>
<trkseg>
<trkpt lat="46.251965" lon="13.115756"/>
<trkpt lat="46.251967" lon="13.115767"/>
</trkseg>
<trkseg>
<trkpt lat="46.252076" lon="13.115885"/>
<trkpt lat="46.252103" lon="13.115885"/>
</trkseg>
<trkseg>
<trkpt lat="46.206903" lon="13.108032"/>
<trkpt lat="46.206888" lon="13.108078"/>
<trkpt lat="46.206894" lon="13.108135"/>
<trkpt lat="46.206904" lon="13.108204"/>
<trkpt lat="46.206906" lon="13.108234"/>
<trkpt lat="46.206898" lon="13.108262"/>
<trkpt lat="46.206848" lon="13.108304"/>
<trkpt lat="46.206808" lon="13.108335"/>
<trkpt lat="46.206646" lon="13.108391"/>
<trkpt lat="46.206532" lon="13.108434"/>
<trkpt lat="46.206449" lon="13.108502"/>
</trkseg>
<trkseg>
<trkpt lat="46.072570" lon="13.223799"/>
<trkpt lat="46.072331" lon="13.223337"/>
<trkpt lat="46.072079" lon="13.222882"/>
<trkpt lat="46.071604" lon="13.221994"/>
</trkseg>
</trk>
<trk><name>CAAR8 Udine → Grado</name>
<trkseg>
<trkpt lat="45.681330" lon="13.387493"/>
<trkpt lat="45.681310" lon="13.387546"/>
<trkpt lat="45.681283" lon="13.387599"/>
<trkpt lat="45.681253" lon="13.387643"/>
<trkpt lat="45.681231" lon="13.387671"/>
<trkpt lat="45.681210" lon="13.387700"/>
<trkpt lat="45.681199" lon="13.387716"/>
</trkseg>
<trkseg>
<trkpt lat="45.676588" lon="13.384293"/>
<trkpt lat="45.676375" lon="13.384504"/>
<trkpt lat="45.675995" lon="13.384849"/>
<trkpt lat="45.675454" lon="13.385296"/>
</trkseg>
<trkseg>
<trkpt lat="45.678295" lon="13.383895"/>
<trkpt lat="45.678227" lon="13.383715"/>
</trkseg>
<trkseg>
<trkpt lat="45.821637" lon="13.333749"/>
<trkpt lat="45.821659" lon="13.333749"/>
<trkpt lat="45.821680" lon="13.333744"/>
</trkseg>
<trkseg>
<trkpt lat="45.905666" lon="13.309225"/>
<trkpt lat="45.905372" lon="13.308941"/>
<trkpt lat="45.905082" lon="13.309160"/>
<trkpt lat="45.904778" lon="13.309382"/>
<trkpt lat="45.904761" lon="13.309883"/>
</trkseg>
<trkseg>
<trkpt lat="45.675778" lon="13.388587"/>
<trkpt lat="45.675654" lon="13.388416"/>
<trkpt lat="45.675503" lon="13.387213"/>
<trkpt lat="45.675500" lon="13.387081"/>
</trkseg>
<trkseg>
<trkpt lat="45.902445" lon="13.309691"/>
<trkpt lat="45.902552" lon="13.309700"/>
<trkpt lat="45.903103" lon="13.309745"/>
<trkpt lat="45.903208" lon="13.309754"/>
</trkseg>
<trkseg>
<trkpt lat="45.681793" lon="13.386585"/>
<trkpt lat="45.682474" lon="13.386493"/>
</trkseg>
<trkseg>
<trkpt lat="45.681480" lon="13.386470"/>
<trkpt lat="45.681442" lon="13.386429"/>
<trkpt lat="45.681398" lon="13.386400"/>
<trkpt lat="45.681352" lon="13.386384"/>
<trkpt lat="45.681304" lon="13.386382"/>
<trkpt lat="45.681257" lon="13.386393"/>
<trkpt lat="45.681212" lon="13.386418"/>
<trkpt lat="45.681171" lon="13.386454"/>
<trkpt lat="45.681137" lon="13.386502"/>
<trkpt lat="45.681110" lon="13.386559"/>
<trkpt lat="45.681091" lon="13.386622"/>
<trkpt lat="45.681082" lon="13.386689"/>
</trkseg>
<trkseg>
<trkpt lat="45.681546" lon="13.386828"/>
<trkpt lat="45.681593" lon="13.386756"/>
<trkpt lat="45.681635" lon="13.386705"/>
<trkpt lat="45.681697" lon="13.386648"/>
<trkpt lat="45.681793" lon="13.386585"/>
</trkseg>
<trkseg>
<trkpt lat="45.681264" lon="13.387054"/>
<trkpt lat="45.681306" lon="13.387137"/>
<trkpt lat="45.681331" lon="13.387208"/>
<trkpt lat="45.681342" lon="13.387285"/>
<trkpt lat="45.681344" lon="13.387343"/>
<trkpt lat="45.681330" lon="13.387493"/>
</trkseg>
<trkseg>
<trkpt lat="45.681330" lon="13.387493"/>
<trkpt lat="45.681464" lon="13.386989"/>
</trkseg>
<trkseg>
<trkpt lat="45.681793" lon="13.386585"/>
<trkpt lat="45.681706" lon="13.386572"/>
<trkpt lat="45.681561" lon="13.386525"/>
<trkpt lat="45.681480" lon="13.386470"/>
</trkseg>
<trkseg>
<trkpt lat="45.677916" lon="13.382931"/>
<trkpt lat="45.677894" lon="13.382950"/>
<trkpt lat="45.677869" lon="13.382971"/>
<trkpt lat="45.677622" lon="13.383178"/>
<trkpt lat="45.677388" lon="13.383414"/>
<trkpt lat="45.677367" lon="13.383437"/>
<trkpt lat="45.677150" lon="13.383668"/>
<trkpt lat="45.677104" lon="13.383717"/>
<trkpt lat="45.676899" lon="13.383940"/>
<trkpt lat="45.676808" lon="13.384037"/>
<trkpt lat="45.676778" lon="13.384070"/>
<trkpt lat="45.676675" lon="13.384181"/>
<trkpt lat="45.676588" lon="13.384293"/>
</trkseg>
<trkseg>
<trkpt lat="46.031131" lon="13.297378"/>
<trkpt lat="46.031090" lon="13.297392"/>
<trkpt lat="46.031053" lon="13.297417"/>
<trkpt lat="46.031011" lon="13.297457"/>
</trkseg>
<trkseg>
<trkpt lat="45.682645" lon="13.386467"/>
<trkpt lat="45.683451" lon="13.386353"/>
</trkseg>
<trkseg>
<trkpt lat="45.821285" lon="13.333213"/>
<trkpt lat="45.821267" lon="13.333250"/>
<trkpt lat="45.821193" lon="13.333370"/>
<trkpt lat="45.820673" lon="13.334217"/>
<trkpt lat="45.820573" lon="13.334391"/>
<trkpt lat="45.820422" lon="13.334628"/>
<trkpt lat="45.820150" lon="13.335019"/>
<trkpt lat="45.820068" lon="13.335143"/>
<trkpt lat="45.819844" lon="13.335460"/>
<trkpt lat="45.819372" lon="13.336134"/>
</trkseg>
<trkseg>
<trkpt lat="45.821402" lon="13.333207"/>
<trkpt lat="45.821420" lon="13.333247"/>
<trkpt lat="45.821528" lon="13.333652"/>
</trkseg>
<trkseg>
<trkpt lat="46.061428" lon="13.239921"/>
<trkpt lat="46.061257" lon="13.240185"/>
<trkpt lat="46.060971" lon="13.240600"/>
<trkpt lat="46.060820" lon="13.240819"/>
<trkpt lat="46.060775" lon="13.240885"/>
<trkpt lat="46.060343" lon="13.241475"/>
<trkpt lat="46.060139" lon="13.241721"/>
<trkpt lat="46.060102" lon="13.241767"/>
<trkpt lat="46.059835" lon="13.242092"/>
<trkpt lat="46.059587" lon="13.242457"/>
<trkpt lat="46.059525" lon="13.242545"/>
<trkpt lat="46.059188" lon="13.243026"/>
<trkpt lat="46.058776" lon="13.243560"/>
<trkpt lat="46.058458" lon="13.243979"/>
<trkpt lat="46.058329" lon="13.244149"/>
<trkpt lat="46.058260" lon="13.244239"/>
</trkseg>
<trkseg>
<trkpt lat="46.063237" lon="13.236344"/>
<trkpt lat="46.063200" lon="13.236448"/>
<trkpt lat="46.063165" lon="13.236544"/>
<trkpt lat="46.063049" lon="13.236857"/>
<trkpt lat="46.062999" lon="13.237001"/>
<trkpt lat="46.062965" lon="13.237096"/>
<trkpt lat="46.062848" lon="13.237431"/>
<trkpt lat="46.062676" lon="13.237766"/>
<trkpt lat="46.062671" lon="13.237776"/>
</trkseg>
<trkseg>
<trkpt lat="45.932627" lon="13.282495"/>
<trkpt lat="45.932693" lon="13.282469"/>
<trkpt lat="45.932813" lon="13.282377"/>
<trkpt lat="45.932932" lon="13.282271"/>
</trkseg>
<trkseg>
<trkpt lat="45.922565" lon="13.294971"/>
<trkpt lat="45.922570" lon="13.294868"/>
<trkpt lat="45.922627" lon="13.294479"/>
<trkpt lat="45.922678" lon="13.294195"/>
<trkpt lat="45.922707" lon="13.293962"/>
<trkpt lat="45.922720" lon="13.293709"/>
<trkpt lat="45.922703" lon="13.293499"/>
</trkseg>
<trkseg>
<trkpt lat="45.922703" lon="13.293499"/>
<trkpt lat="45.922683" lon="13.293370"/>
</trkseg>
<trkseg>
<trkpt lat="45.921404" lon="13.296131"/>
<trkpt lat="45.921639" lon="13.295957"/>
<trkpt lat="45.921773" lon="13.295850"/>
<trkpt lat="45.921870" lon="13.295747"/>
<trkpt lat="45.921969" lon="13.295686"/>
<trkpt lat="45.922005" lon="13.295677"/>
</trkseg>
<trkseg>
<trkpt lat="45.922541" lon="13.295132"/>
<trkpt lat="45.922532" lon="13.295172"/>
<trkpt lat="45.922507" lon="13.295297"/>
<trkpt lat="45.922499" lon="13.295552"/>
</trkseg>
<trkseg>
<trkpt lat="45.922055" lon="13.295350"/>
<trkpt lat="45.922030" lon="13.295483"/>
<trkpt lat="45.922002" lon="13.295524"/>
<trkpt lat="45.922005" lon="13.295677"/>
</trkseg>
<trkseg>
<trkpt lat="45.953131" lon="13.307783"/>
<trkpt lat="45.953138" lon="13.307866"/>
<trkpt lat="45.953145" lon="13.307924"/>
</trkseg>
<trkseg>
<trkpt lat="45.954867" lon="13.286479"/>
<trkpt lat="45.954774" lon="13.286846"/>
<trkpt lat="45.954682" lon="13.287091"/>
<trkpt lat="45.954580" lon="13.287313"/>
<trkpt lat="45.954498" lon="13.287533"/>
<trkpt lat="45.954408" lon="13.287817"/>
<trkpt lat="45.954357" lon="13.288033"/>
<trkpt lat="45.954290" lon="13.288386"/>
<trkpt lat="45.954270" lon="13.288635"/>
<trkpt lat="45.954254" lon="13.288947"/>
<trkpt lat="45.954259" lon="13.289242"/>
<trkpt lat="45.954288" lon="13.289640"/>
<trkpt lat="45.954357" lon="13.290048"/>
<trkpt lat="45.954424" lon="13.290427"/>
<trkpt lat="45.954441" lon="13.290524"/>
<trkpt lat="45.954453" lon="13.290636"/>
<trkpt lat="45.954453" lon="13.291032"/>
<trkpt lat="45.954423" lon="13.291389"/>
<trkpt lat="45.954392" lon="13.291664"/>
<trkpt lat="45.954316" lon="13.292040"/>
<trkpt lat="45.954182" lon="13.292413"/>
<trkpt lat="45.954130" lon="13.292629"/>
<trkpt lat="45.954087" lon="13.293045"/>
<trkpt lat="45.954043" lon="13.293362"/>
<trkpt lat="45.953999" lon="13.293622"/>
<trkpt lat="45.953919" lon="13.293943"/>
<trkpt lat="45.953778" lon="13.294520"/>
<trkpt lat="45.953692" lon="13.294857"/>
<trkpt lat="45.953572" lon="13.295391"/>
<trkpt lat="45.953438" lon="13.295736"/>
<trkpt lat="45.953033" lon="13.296800"/>
<trkpt lat="45.952976" lon="13.296962"/>
<trkpt lat="45.952525" lon="13.298106"/>
<trkpt lat="45.952315" lon="13.298649"/>
<trkpt lat="45.952275" lon="13.298850"/>
</trkseg>
<trkseg>
<trkpt lat="45.959665" lon="13.303877"/>
<trkpt lat="45.960077" lon="13.303616"/>
<trkpt lat="45.960206" lon="13.303529"/>
<trkpt lat="45.960604" lon="13.303285"/>
<trkpt lat="45.961000" lon="13.302992"/>
<trkpt lat="45.962158" lon="13.302092"/>
<trkpt lat="45.962615" lon="13.301702"/>
<trkpt lat="45.962764" lon="13.301519"/>
<trkpt lat="45.963470" lon="13.300505"/>
</trkseg>
<trkseg>
<trkpt lat="45.902445" lon="13.309691"/>
<trkpt lat="45.901583" lon="13.309624"/>
<trkpt lat="45.901344" lon="13.309602"/>
</trkseg>
<trkseg>
<trkpt lat="45.906945" lon="13.306377"/>
<trkpt lat="45.906900" lon="13.306477"/>
<trkpt lat="45.906584" lon="13.307186"/>
<trkpt lat="45.906538" lon="13.307287"/>
<trkpt lat="45.906495" lon="13.307382"/>
<trkpt lat="45.906139" lon="13.308168"/>
<trkpt lat="45.906096" lon="13.308263"/>
</trkseg>
<trkseg>
<trkpt lat="45.907685" lon="13.304747"/>
<trkpt lat="45.907667" lon="13.304784"/>
</trkseg>
<trkseg>
<trkpt lat="45.907624" lon="13.304878"/>
<trkpt lat="45.907572" lon="13.304996"/>
</trkseg>
<trkseg>
<trkpt lat="45.907572" lon="13.304996"/>
<trkpt lat="45.907527" lon="13.305096"/>
</trkseg>
<trkseg>
<trkpt lat="45.907527" lon="13.305096"/>
<trkpt lat="45.907424" lon="13.305322"/>
<trkpt lat="45.907218" lon="13.305780"/>
<trkpt lat="45.907162" lon="13.305904"/>
<trkpt lat="45.906989" lon="13.306281"/>
<trkpt lat="45.906945" lon="13.306377"/>
</trkseg>
<trkseg>
<trkpt lat="45.901057" lon="13.309575"/>
<trkpt lat="45.900922" lon="13.309564"/>
</trkseg>
<trkseg>
<trkpt lat="45.901344" lon="13.309602"/>
<trkpt lat="45.901257" lon="13.309595"/>
</trkseg>
<trkseg>
<trkpt lat="45.901257" lon="13.309595"/>
<trkpt lat="45.901161" lon="13.309584"/>
</trkseg>
<trkseg>
<trkpt lat="45.901161" lon="13.309584"/>
<trkpt lat="45.901057" lon="13.309575"/>
</trkseg>
<trkseg>
<trkpt lat="45.906096" lon="13.308263"/>
<trkpt lat="45.906058" lon="13.308351"/>
<trkpt lat="45.905666" lon="13.309225"/>
</trkseg>
<trkseg>
<trkpt lat="45.932932" lon="13.282271"/>
<trkpt lat="45.933084" lon="13.282220"/>
<trkpt lat="45.933358" lon="13.282119"/>
<trkpt lat="45.933564" lon="13.282031"/>
<trkpt lat="45.934123" lon="13.281699"/>
<trkpt lat="45.934699" lon="13.281392"/>
<trkpt lat="45.934920" lon="13.281278"/>
</trkseg>
<trkseg>
<trkpt lat="45.934920" lon="13.281278"/>
<trkpt lat="45.935866" lon="13.280692"/>
<trkpt lat="45.936774" lon="13.280092"/>
<trkpt lat="45.937891" lon="13.279438"/>
<trkpt lat="45.938135" lon="13.279280"/>
<trkpt lat="45.938524" lon="13.279073"/>
</trkseg>
<trkseg>
<trkpt lat="45.903964" lon="13.309817"/>
<trkpt lat="45.904065" lon="13.309826"/>
<trkpt lat="45.904242" lon="13.309840"/>
<trkpt lat="45.904761" lon="13.309883"/>
</trkseg>
<trkseg>
<trkpt lat="45.681199" lon="13.387716"/>
<trkpt lat="45.681151" lon="13.387733"/>
<trkpt lat="45.681103" lon="13.387754"/>
<trkpt lat="45.681029" lon="13.387775"/>
<trkpt lat="45.680913" lon="13.387793"/>
<trkpt lat="45.680383" lon="13.387860"/>
<trkpt lat="45.679759" lon="13.387920"/>
<trkpt lat="45.679684" lon="13.387927"/>
</trkseg>
<trkseg>
<trkpt lat="45.954696" lon="13.267939"/>
<trkpt lat="45.954658" lon="13.268023"/>
<trkpt lat="45.954626" lon="13.268117"/>
<trkpt lat="45.954571" lon="13.268249"/>
<trkpt lat="45.954479" lon="13.268373"/>
<trkpt lat="45.954434" lon="13.268431"/>
</trkseg>
<trkseg>
<trkpt lat="46.056744" lon="13.245402"/>
<trkpt lat="46.056438" lon="13.245542"/>
</trkseg>
<trkseg>
<trkpt lat="46.056438" lon="13.245542"/>
<trkpt lat="46.056000" lon="13.245738"/>
<trkpt lat="46.055987" lon="13.245743"/>
</trkseg>
<trkseg>
<trkpt lat="45.965266" lon="13.296027"/>
<trkpt lat="45.965429" lon="13.296365"/>
<trkpt lat="45.965491" lon="13.296432"/>
<trkpt lat="45.965562" lon="13.296454"/>
</trkseg>
<trkseg>
<trkpt lat="46.041459" lon="13.268004"/>
<trkpt lat="46.041874" lon="13.268679"/>
<trkpt lat="46.042043" lon="13.269150"/>
<trkpt lat="46.042201" lon="13.269777"/>
<trkpt lat="46.042327" lon="13.270176"/>
<trkpt lat="46.042536" lon="13.270713"/>
<trkpt lat="46.042569" lon="13.270779"/>
<trkpt lat="46.042869" lon="13.271399"/>
<trkpt lat="46.042924" lon="13.271532"/>
<trkpt lat="46.042997" lon="13.271672"/>
<trkpt lat="46.043103" lon="13.271813"/>
<trkpt lat="46.043217" lon="13.271940"/>
<trkpt lat="46.043416" lon="13.272136"/>
<trkpt lat="46.043576" lon="13.272293"/>
</trkseg>
<trkseg>
<trkpt lat="46.045031" lon="13.275708"/>
<trkpt lat="46.045117" lon="13.275903"/>
</trkseg>
<trkseg>
<trkpt lat="46.045117" lon="13.275903"/>
<trkpt lat="46.045651" lon="13.277055"/>
<trkpt lat="46.045769" lon="13.277274"/>
<trkpt lat="46.045836" lon="13.277413"/>
</trkseg>
<trkseg>
<trkpt lat="45.991277" lon="13.304628"/>
<trkpt lat="45.991041" lon="13.304623"/>
</trkseg>
<trkseg>
<trkpt lat="45.982863" lon="13.301933"/>
<trkpt lat="45.982850" lon="13.301871"/>
</trkseg>
<trkseg>
<trkpt lat="45.982850" lon="13.301871"/>
<trkpt lat="45.981898" lon="13.296039"/>
<trkpt lat="45.981805" lon="13.295390"/>
<trkpt lat="45.981699" lon="13.294757"/>
<trkpt lat="45.981583" lon="13.294394"/>
<trkpt lat="45.981371" lon="13.293976"/>
<trkpt lat="45.981003" lon="13.293281"/>
<trkpt lat="45.980652" lon="13.292508"/>
<trkpt lat="45.980347" lon="13.291780"/>
<trkpt lat="45.980229" lon="13.291434"/>
<trkpt lat="45.980084" lon="13.290926"/>
<trkpt lat="45.979997" lon="13.290647"/>
<trkpt lat="45.979799" lon="13.290261"/>
<trkpt lat="45.979529" lon="13.289907"/>
<trkpt lat="45.979199" lon="13.289611"/>
<trkpt lat="45.978953" lon="13.289400"/>
<trkpt lat="45.978712" lon="13.289294"/>
<trkpt lat="45.978597" lon="13.289206"/>
<trkpt lat="45.978490" lon="13.289017"/>
<trkpt lat="45.978387" lon="13.288690"/>
</trkseg>
<trkseg>
<trkpt lat="45.983160" lon="13.303772"/>
<trkpt lat="45.983134" lon="13.303691"/>
<trkpt lat="45.983111" lon="13.303560"/>
<trkpt lat="45.983031" lon="13.302899"/>
</trkseg>
<trkseg>
<trkpt lat="45.984448" lon="13.303024"/>
<trkpt lat="45.983948" lon="13.303538"/>
<trkpt lat="45.983917" lon="13.303541"/>
<trkpt lat="45.983887" lon="13.303501"/>
<trkpt lat="45.983816" lon="13.303351"/>
<trkpt lat="45.983750" lon="13.303276"/>
<trkpt lat="45.983660" lon="13.303285"/>
<trkpt lat="45.983222" lon="13.303720"/>
<trkpt lat="45.983160" lon="13.303772"/>
</trkseg>
<trkseg>
<trkpt lat="45.911522" lon="13.296852"/>
<trkpt lat="45.911485" lon="13.296788"/>
</trkseg>
<trkseg>
<trkpt lat="45.911485" lon="13.296788"/>
<trkpt lat="45.911480" lon="13.296781"/>
<trkpt lat="45.911461" lon="13.296750"/>
</trkseg>
<trkseg>
<trkpt lat="45.954096" lon="13.276005"/>
<trkpt lat="45.954178" lon="13.275946"/>
</trkseg>
<trkseg>
<trkpt lat="46.051697" lon="13.253395"/>
<trkpt lat="46.051551" lon="13.253489"/>
<trkpt lat="46.051386" lon="13.253595"/>
<trkpt lat="46.051039" lon="13.253817"/>
<trkpt lat="46.050661" lon="13.254059"/>
<trkpt lat="46.050626" lon="13.254081"/>
<trkpt lat="46.050569" lon="13.254116"/>
<trkpt lat="46.049977" lon="13.254497"/>
<trkpt lat="46.049793" lon="13.254618"/>
<trkpt lat="46.049371" lon="13.254895"/>
<trkpt lat="46.049066" lon="13.255095"/>
<trkpt lat="46.048811" lon="13.255262"/>
</trkseg>
<trkseg>
<trkpt lat="45.955014" lon="13.267255"/>
<trkpt lat="45.955048" lon="13.267473"/>
<trkpt lat="45.955056" lon="13.267522"/>
</trkseg>
<trkseg>
<trkpt lat="46.036554" lon="13.292547"/>
<trkpt lat="46.036509" lon="13.292594"/>
<trkpt lat="46.036483" lon="13.292632"/>
</trkseg>
<trkseg>
<trkpt lat="46.030838" lon="13.297466"/>
<trkpt lat="46.030876" lon="13.297517"/>
<trkpt lat="46.030923" lon="13.297556"/>
<trkpt lat="46.030961" lon="13.297564"/>
</trkseg>
<trkseg>
<trkpt lat="46.031011" lon="13.297457"/>
<trkpt lat="46.030966" lon="13.297392"/>
<trkpt lat="46.030830" lon="13.297364"/>
<trkpt lat="46.030776" lon="13.297346"/>
</trkseg>
<trkseg>
<trkpt lat="46.030776" lon="13.297346"/>
<trkpt lat="46.030838" lon="13.297466"/>
</trkseg>
<trkseg>
<trkpt lat="46.028636" lon="13.298500"/>
<trkpt lat="46.028780" lon="13.298405"/>
<trkpt lat="46.029159" lon="13.297939"/>
<trkpt lat="46.029281" lon="13.297660"/>
<trkpt lat="46.029358" lon="13.297474"/>
<trkpt lat="46.029386" lon="13.297435"/>
<trkpt lat="46.029533" lon="13.297284"/>
<trkpt lat="46.029717" lon="13.297207"/>
<trkpt lat="46.029909" lon="13.297166"/>
<trkpt lat="46.030285" lon="13.297189"/>
<trkpt lat="46.030496" lon="13.297232"/>
<trkpt lat="46.030641" lon="13.297277"/>
<trkpt lat="46.030776" lon="13.297346"/>
</trkseg>
<trkseg>
<trkpt lat="45.932997" lon="13.288055"/>
<trkpt lat="45.932960" lon="13.288066"/>
<trkpt lat="45.932385" lon="13.288258"/>
<trkpt lat="45.932062" lon="13.288388"/>
<trkpt lat="45.931627" lon="13.288584"/>
<trkpt lat="45.931279" lon="13.288725"/>
<trkpt lat="45.930511" lon="13.289053"/>
<trkpt lat="45.930424" lon="13.289093"/>
<trkpt lat="45.930191" lon="13.289217"/>
<trkpt lat="45.930053" lon="13.289343"/>
<trkpt lat="45.929977" lon="13.289446"/>
<trkpt lat="45.929927" lon="13.289562"/>
<trkpt lat="45.929841" lon="13.289763"/>
</trkseg>
<trkseg>
<trkpt lat="46.031131" lon="13.297378"/>
<trkpt lat="46.031196" lon="13.297388"/>
<trkpt lat="46.031364" lon="13.297412"/>
<trkpt lat="46.031479" lon="13.297386"/>
<trkpt lat="46.031989" lon="13.297134"/>
</trkseg>
<trkseg>
<trkpt lat="46.033890" lon="13.294831"/>
<trkpt lat="46.034036" lon="13.294823"/>
<trkpt lat="46.034205" lon="13.294869"/>
<trkpt lat="46.034366" lon="13.294908"/>
<trkpt lat="46.034485" lon="13.294928"/>
<trkpt lat="46.034713" lon="13.294953"/>
<trkpt lat="46.034959" lon="13.294958"/>
<trkpt lat="46.035045" lon="13.294962"/>
<trkpt lat="46.035196" lon="13.295027"/>
<trkpt lat="46.035245" lon="13.295058"/>
<trkpt lat="46.035293" lon="13.295101"/>
<trkpt lat="46.035354" lon="13.295171"/>
<trkpt lat="46.035397" lon="13.295246"/>
</trkseg>
<trkseg>
<trkpt lat="45.824466" lon="13.334059"/>
<trkpt lat="45.824673" lon="13.334071"/>
<trkpt lat="45.824736" lon="13.334075"/>
<trkpt lat="45.824862" lon="13.334064"/>
<trkpt lat="45.825032" lon="13.334042"/>
<trkpt lat="45.825064" lon="13.334036"/>
<trkpt lat="45.825671" lon="13.333930"/>
<trkpt lat="45.825716" lon="13.333922"/>
</trkseg>
<trkseg>
<trkpt lat="45.824124" lon="13.333949"/>
<trkpt lat="45.824306" lon="13.334027"/>
</trkseg>
<trkseg>
<trkpt lat="45.885431" lon="13.318547"/>
<trkpt lat="45.885357" lon="13.318800"/>
</trkseg>
<trkseg>
<trkpt lat="45.938524" lon="13.279073"/>
<trkpt lat="45.938794" lon="13.279034"/>
<trkpt lat="45.939097" lon="13.278956"/>
<trkpt lat="45.939398" lon="13.278814"/>
<trkpt lat="45.940429" lon="13.278285"/>
<trkpt lat="45.941409" lon="13.277782"/>
<trkpt lat="45.941871" lon="13.277496"/>
<trkpt lat="45.942261" lon="13.277249"/>
<trkpt lat="45.943034" lon="13.276727"/>
<trkpt lat="45.943183" lon="13.276624"/>
<trkpt lat="45.943399" lon="13.276463"/>
<trkpt lat="45.943669" lon="13.276227"/>
<trkpt lat="45.944028" lon="13.275916"/>
<trkpt lat="45.944528" lon="13.275467"/>
<trkpt lat="45.944919" lon="13.275192"/>
<trkpt lat="45.945390" lon="13.274867"/>
<trkpt lat="45.945736" lon="13.274632"/>
<trkpt lat="45.946465" lon="13.274130"/>
<trkpt lat="45.947621" lon="13.273359"/>
<trkpt lat="45.947842" lon="13.273203"/>
<trkpt lat="45.948093" lon="13.273044"/>
<trkpt lat="45.948509" lon="13.272720"/>
<trkpt lat="45.948854" lon="13.272423"/>
<trkpt lat="45.949583" lon="13.271745"/>
<trkpt lat="45.949686" lon="13.271639"/>
<trkpt lat="45.949990" lon="13.271380"/>
<trkpt lat="45.950387" lon="13.271130"/>
<trkpt lat="45.950666" lon="13.270963"/>
<trkpt lat="45.950857" lon="13.270789"/>
<trkpt lat="45.951065" lon="13.270558"/>
<trkpt lat="45.951290" lon="13.270209"/>
<trkpt lat="45.951462" lon="13.269815"/>
<trkpt lat="45.951579" lon="13.269519"/>
<trkpt lat="45.951690" lon="13.269332"/>
<trkpt lat="45.951896" lon="13.269169"/>
<trkpt lat="45.952061" lon="13.269005"/>
<trkpt lat="45.952180" lon="13.268777"/>
<trkpt lat="45.952318" lon="13.268441"/>
<trkpt lat="45.952457" lon="13.268208"/>
<trkpt lat="45.952651" lon="13.268005"/>
<trkpt lat="45.952899" lon="13.267727"/>
</trkseg>
<trkseg>
<trkpt lat="45.952899" lon="13.267727"/>
<trkpt lat="45.953043" lon="13.267581"/>
<trkpt lat="45.953205" lon="13.267446"/>
<trkpt lat="45.953429" lon="13.267317"/>
<trkpt lat="45.953615" lon="13.267206"/>
<trkpt lat="45.953779" lon="13.267127"/>
</trkseg>
<trkseg>
<trkpt lat="45.954357" lon="13.266543"/>
<trkpt lat="45.954521" lon="13.266748"/>
</trkseg>
<trkseg>
<trkpt lat="45.953779" lon="13.267127"/>
<trkpt lat="45.953844" lon="13.267060"/>
<trkpt lat="45.954155" lon="13.266684"/>
<trkpt lat="45.954303" lon="13.266577"/>
<trkpt lat="45.954357" lon="13.266543"/>
</trkseg>
<trkseg>
<trkpt lat="46.020381" lon="13.306691"/>
<trkpt lat="46.020429" lon="13.306719"/>
</trkseg>
<trkseg>
<trkpt lat="46.020233" lon="13.306602"/>
<trkpt lat="46.020349" lon="13.306671"/>
<trkpt lat="46.020381" lon="13.306691"/>
</trkseg>
<trkseg>
<trkpt lat="45.932986" lon="13.287837"/>
<trkpt lat="45.932997" lon="13.288055"/>
</trkseg>
<trkseg>
<trkpt lat="45.932980" lon="13.287767"/>
<trkpt lat="45.932983" lon="13.287800"/>
<trkpt lat="45.932986" lon="13.287837"/>
</trkseg>
<trkseg>
<trkpt lat="45.907630" lon="13.303313"/>
<trkpt lat="45.907694" lon="13.303452"/>
<trkpt lat="45.907818" lon="13.303680"/>
<trkpt lat="45.907904" lon="13.303843"/>
<trkpt lat="45.907970" lon="13.303971"/>
</trkseg>
<trkseg>
<trkpt lat="45.907745" lon="13.302186"/>
<trkpt lat="45.907700" lon="13.302254"/>
<trkpt lat="45.907640" lon="13.302395"/>
<trkpt lat="45.907576" lon="13.302584"/>
<trkpt lat="45.907546" lon="13.302725"/>
<trkpt lat="45.907527" lon="13.302898"/>
</trkseg>
<trkseg>
<trkpt lat="45.989442" lon="13.302687"/>
<trkpt lat="45.989272" lon="13.302623"/>
<trkpt lat="45.989150" lon="13.302536"/>
<trkpt lat="45.989019" lon="13.302387"/>
<trkpt lat="45.988886" lon="13.302155"/>
<trkpt lat="45.988735" lon="13.301911"/>
<trkpt lat="45.988591" lon="13.301678"/>
<trkpt lat="45.988481" lon="13.301560"/>
<trkpt lat="45.988354" lon="13.301501"/>
<trkpt lat="45.988229" lon="13.301488"/>
<trkpt lat="45.988100" lon="13.301507"/>
<trkpt lat="45.987650" lon="13.301651"/>
<trkpt lat="45.986891" lon="13.301884"/>
</trkseg>
<trkseg>
<trkpt lat="45.966789" lon="13.296077"/>
<trkpt lat="45.966905" lon="13.295918"/>
<trkpt lat="45.966965" lon="13.295836"/>
<trkpt lat="45.967306" lon="13.295631"/>
<trkpt lat="45.967659" lon="13.295416"/>
<trkpt lat="45.969948" lon="13.293952"/>
<trkpt lat="45.970140" lon="13.293856"/>
<trkpt lat="45.970302" lon="13.293861"/>
<trkpt lat="45.970459" lon="13.293912"/>
<trkpt lat="45.970631" lon="13.293897"/>
<trkpt lat="45.970789" lon="13.293809"/>
<trkpt lat="45.972011" lon="13.293054"/>
<trkpt lat="45.973180" lon="13.292335"/>
<trkpt lat="45.973287" lon="13.292247"/>
<trkpt lat="45.973340" lon="13.292106"/>
<trkpt lat="45.973388" lon="13.291858"/>
<trkpt lat="45.973412" lon="13.291814"/>
<trkpt lat="45.973504" lon="13.291657"/>
<trkpt lat="45.973615" lon="13.291613"/>
<trkpt lat="45.973885" lon="13.291557"/>
<trkpt lat="45.974725" lon="13.291382"/>
<trkpt lat="45.975069" lon="13.291246"/>
<trkpt lat="45.975412" lon="13.290999"/>
<trkpt lat="45.975680" lon="13.290800"/>
<trkpt lat="45.975945" lon="13.290671"/>
<trkpt lat="45.976662" lon="13.290436"/>
<trkpt lat="45.976915" lon="13.290412"/>
<trkpt lat="45.977222" lon="13.290309"/>
<trkpt lat="45.977678" lon="13.290177"/>
<trkpt lat="45.977739" lon="13.290127"/>
<trkpt lat="45.977885" lon="13.289908"/>
<trkpt lat="45.978037" lon="13.289600"/>
<trkpt lat="45.978204" lon="13.289263"/>
<trkpt lat="45.978266" lon="13.289106"/>
<trkpt lat="45.978307" lon="13.288934"/>
<trkpt lat="45.978336" lon="13.288782"/>
<trkpt lat="45.978387" lon="13.288690"/>
</trkseg>
<trkseg>
<trkpt lat="45.986891" lon="13.301884"/>
<trkpt lat="45.986842" lon="13.301900"/>
</trkseg>
<trkseg>
<trkpt lat="45.986842" lon="13.301900"/>
<trkpt lat="45.986779" lon="13.301924"/>
<trkpt lat="45.986681" lon="13.301956"/>
<trkpt lat="45.986538" lon="13.301988"/>
<trkpt lat="45.986421" lon="13.301945"/>
<trkpt lat="45.986334" lon="13.301864"/>
<trkpt lat="45.986277" lon="13.301754"/>
<trkpt lat="45.986182" lon="13.301579"/>
<trkpt lat="45.986133" lon="13.301505"/>
<trkpt lat="45.986054" lon="13.301473"/>
<trkpt lat="45.985933" lon="13.301537"/>
<trkpt lat="45.985793" lon="13.301689"/>
<trkpt lat="45.985118" lon="13.302367"/>
<trkpt lat="45.984448" lon="13.303024"/>
</trkseg>
<trkseg>
<trkpt lat="45.954578" lon="13.282879"/>
<trkpt lat="45.954598" lon="13.282954"/>
<trkpt lat="45.954627" lon="13.283029"/>
<trkpt lat="45.954644" lon="13.283103"/>
<trkpt lat="45.954659" lon="13.283180"/>
<trkpt lat="45.954837" lon="13.283770"/>
<trkpt lat="45.954917" lon="13.284017"/>
<trkpt lat="45.954960" lon="13.284204"/>
<trkpt lat="45.955000" lon="13.284485"/>
<trkpt lat="45.955026" lon="13.284739"/>
<trkpt lat="45.955040" lon="13.284979"/>
<trkpt lat="45.955047" lon="13.285137"/>
<trkpt lat="45.955050" lon="13.285358"/>
<trkpt lat="45.955045" lon="13.285765"/>
<trkpt lat="45.954963" lon="13.286120"/>
<trkpt lat="45.954867" lon="13.286479"/>
</trkseg>
<trkseg>
<trkpt lat="45.952275" lon="13.298850"/>
<trkpt lat="45.952135" lon="13.300206"/>
<trkpt lat="45.951996" lon="13.301464"/>
<trkpt lat="45.951976" lon="13.301710"/>
<trkpt lat="45.951986" lon="13.301926"/>
<trkpt lat="45.952059" lon="13.302319"/>
<trkpt lat="45.952157" lon="13.302702"/>
<trkpt lat="45.952231" lon="13.302878"/>
<trkpt lat="45.952443" lon="13.303143"/>
<trkpt lat="45.952564" lon="13.303465"/>
<trkpt lat="45.952649" lon="13.303843"/>
<trkpt lat="45.952703" lon="13.304319"/>
<trkpt lat="45.952886" lon="13.306320"/>
<trkpt lat="45.953131" lon="13.307783"/>
</trkseg>
<trkseg>
<trkpt lat="45.796813" lon="13.352982"/>
<trkpt lat="45.796101" lon="13.353388"/>
<trkpt lat="45.795001" lon="13.354012"/>
<trkpt lat="45.794728" lon="13.354165"/>
<trkpt lat="45.794456" lon="13.354323"/>
<trkpt lat="45.794080" lon="13.354535"/>
<trkpt lat="45.793889" lon="13.354643"/>
<trkpt lat="45.793704" lon="13.354751"/>
<trkpt lat="45.793216" lon="13.355029"/>
</trkseg>
<trkseg>
<trkpt lat="45.796813" lon="13.352982"/>
<trkpt lat="45.796827" lon="13.352962"/>
<trkpt lat="45.796835" lon="13.352946"/>
<trkpt lat="45.796842" lon="13.352923"/>
<trkpt lat="45.796853" lon="13.352891"/>
<trkpt lat="45.796874" lon="13.352859"/>
<trkpt lat="45.796900" lon="13.352836"/>
<trkpt lat="45.796963" lon="13.352798"/>
<trkpt lat="45.797067" lon="13.352739"/>
<trkpt lat="45.797260" lon="13.352630"/>
</trkseg>
<trkseg>
<trkpt lat="45.879553" lon="13.323499"/>
<trkpt lat="45.879019" lon="13.323324"/>
<trkpt lat="45.878361" lon="13.323215"/>
<trkpt lat="45.877846" lon="13.323130"/>
<trkpt lat="45.877509" lon="13.323074"/>
<trkpt lat="45.876640" lon="13.322888"/>
<trkpt lat="45.875212" lon="13.322564"/>
</trkseg>
<trkseg>
<trkpt lat="45.896119" lon="13.310091"/>
<trkpt lat="45.896064" lon="13.310125"/>
<trkpt lat="45.893751" lon="13.309950"/>
<trkpt lat="45.892502" lon="13.309872"/>
<trkpt lat="45.892450" lon="13.309893"/>
<trkpt lat="45.892406" lon="13.309955"/>
<trkpt lat="45.892357" lon="13.310042"/>
<trkpt lat="45.892209" lon="13.310664"/>
<trkpt lat="45.891840" lon="13.312203"/>
<trkpt lat="45.891778" lon="13.312478"/>
<trkpt lat="45.891757" lon="13.312586"/>
<trkpt lat="45.891763" lon="13.312676"/>
<trkpt lat="45.891865" lon="13.312923"/>
<trkpt lat="45.891882" lon="13.312946"/>
</trkseg>
<trkseg>
<trkpt lat="45.797210" lon="13.352324"/>
<trkpt lat="45.797185" lon="13.352241"/>
<trkpt lat="45.797159" lon="13.352168"/>
<trkpt lat="45.797154" lon="13.352132"/>
<trkpt lat="45.797161" lon="13.352096"/>
<trkpt lat="45.797171" lon="13.352076"/>
<trkpt lat="45.797183" lon="13.352064"/>
<trkpt lat="45.797296" lon="13.352009"/>
<trkpt lat="45.797424" lon="13.351947"/>
<trkpt lat="45.797550" lon="13.351886"/>
<trkpt lat="45.797615" lon="13.351846"/>
<trkpt lat="45.797681" lon="13.351797"/>
<trkpt lat="45.797750" lon="13.351745"/>
<trkpt lat="45.797817" lon="13.351695"/>
<trkpt lat="45.797877" lon="13.351650"/>
<trkpt lat="45.797935" lon="13.351608"/>
<trkpt lat="45.797972" lon="13.351574"/>
<trkpt lat="45.797993" lon="13.351555"/>
<trkpt lat="45.798030" lon="13.351514"/>
<trkpt lat="45.798064" lon="13.351471"/>
</trkseg>
<trkseg>
<trkpt lat="45.806464" lon="13.343761"/>
<trkpt lat="45.806478" lon="13.343849"/>
<trkpt lat="45.806550" lon="13.343826"/>
<trkpt lat="45.806595" lon="13.343811"/>
<trkpt lat="45.806652" lon="13.343792"/>
<trkpt lat="45.806755" lon="13.343755"/>
<trkpt lat="45.806951" lon="13.343693"/>
<trkpt lat="45.807331" lon="13.343566"/>
<trkpt lat="45.807744" lon="13.343439"/>
<trkpt lat="45.807875" lon="13.343402"/>
<trkpt lat="45.808006" lon="13.343362"/>
<trkpt lat="45.808267" lon="13.343286"/>
<trkpt lat="45.808559" lon="13.343198"/>
<trkpt lat="45.808891" lon="13.343096"/>
<trkpt lat="45.808930" lon="13.343087"/>
<trkpt lat="45.809030" lon="13.343089"/>
<trkpt lat="45.809134" lon="13.343075"/>
<trkpt lat="45.809238" lon="13.343059"/>
<trkpt lat="45.809277" lon="13.343057"/>
<trkpt lat="45.809311" lon="13.343062"/>
<trkpt lat="45.809328" lon="13.343063"/>
<trkpt lat="45.809346" lon="13.343074"/>
<trkpt lat="45.809380" lon="13.343097"/>
<trkpt lat="45.809457" lon="13.343163"/>
<trkpt lat="45.809494" lon="13.343189"/>
<trkpt lat="45.809530" lon="13.343206"/>
<trkpt lat="45.809564" lon="13.343213"/>
<trkpt lat="45.809598" lon="13.343215"/>
<trkpt lat="45.809624" lon="13.343214"/>
<trkpt lat="45.809649" lon="13.343208"/>
<trkpt lat="45.809686" lon="13.343193"/>
<trkpt lat="45.809721" lon="13.343173"/>
<trkpt lat="45.809749" lon="13.343149"/>
<trkpt lat="45.809768" lon="13.343125"/>
<trkpt lat="45.809793" lon="13.343093"/>
<trkpt lat="45.809813" lon="13.343063"/>
<trkpt lat="45.809841" lon="13.343016"/>
<trkpt lat="45.809864" lon="13.342957"/>
<trkpt lat="45.809887" lon="13.342908"/>
<trkpt lat="45.809904" lon="13.342890"/>
<trkpt lat="45.809922" lon="13.342877"/>
<trkpt lat="45.809977" lon="13.342844"/>
<trkpt lat="45.810034" lon="13.342809"/>
<trkpt lat="45.810149" lon="13.342740"/>
<trkpt lat="45.810292" lon="13.342668"/>
<trkpt lat="45.810404" lon="13.342605"/>
<trkpt lat="45.810539" lon="13.342535"/>
<trkpt lat="45.810589" lon="13.342505"/>
<trkpt lat="45.814333" lon="13.340323"/>
<trkpt lat="45.814459" lon="13.340253"/>
<trkpt lat="45.814593" lon="13.340184"/>
<trkpt lat="45.816103" lon="13.339308"/>
<trkpt lat="45.816716" lon="13.338944"/>
<trkpt lat="45.817581" lon="13.338428"/>
<trkpt lat="45.817736" lon="13.338320"/>
<trkpt lat="45.817850" lon="13.338233"/>
<trkpt lat="45.817931" lon="13.338162"/>
<trkpt lat="45.818066" lon="13.338030"/>
<trkpt lat="45.818356" lon="13.337716"/>
<trkpt lat="45.818406" lon="13.337645"/>
<trkpt lat="45.818496" lon="13.337519"/>
<trkpt lat="45.818570" lon="13.337413"/>
<trkpt lat="45.818721" lon="13.337196"/>
<trkpt lat="45.818776" lon="13.337115"/>
<trkpt lat="45.819031" lon="13.336721"/>
<trkpt lat="45.819061" lon="13.336707"/>
<trkpt lat="45.819089" lon="13.336699"/>
<trkpt lat="45.819116" lon="13.336705"/>
<trkpt lat="45.819146" lon="13.336715"/>
<trkpt lat="45.819178" lon="13.336725"/>
<trkpt lat="45.819222" lon="13.336722"/>
<trkpt lat="45.819253" lon="13.336704"/>
<trkpt lat="45.819281" lon="13.336669"/>
<trkpt lat="45.819308" lon="13.336626"/>
<trkpt lat="45.819339" lon="13.336592"/>
<trkpt lat="45.819358" lon="13.336576"/>
<trkpt lat="45.819356" lon="13.336510"/>
<trkpt lat="45.819314" lon="13.336421"/>
<trkpt lat="45.819304" lon="13.336397"/>
<trkpt lat="45.819311" lon="13.336353"/>
<trkpt lat="45.819330" lon="13.336312"/>
<trkpt lat="45.819348" lon="13.336267"/>
<trkpt lat="45.819408" lon="13.336173"/>
<trkpt lat="45.819372" lon="13.336134"/>
</trkseg>
<trkseg>
<trkpt lat="45.798064" lon="13.351471"/>
<trkpt lat="45.798079" lon="13.351448"/>
<trkpt lat="45.798151" lon="13.351336"/>
<trkpt lat="45.798248" lon="13.351181"/>
<trkpt lat="45.798279" lon="13.351124"/>
<trkpt lat="45.798383" lon="13.351017"/>
<trkpt lat="45.798513" lon="13.350898"/>
<trkpt lat="45.798673" lon="13.350751"/>
<trkpt lat="45.798738" lon="13.350730"/>
<trkpt lat="45.798757" lon="13.350726"/>
<trkpt lat="45.798774" lon="13.350723"/>
</trkseg>
<trkseg>
<trkpt lat="45.797291" lon="13.352585"/>
<trkpt lat="45.797278" lon="13.352534"/>
<trkpt lat="45.797255" lon="13.352460"/>
</trkseg>
<trkseg>
<trkpt lat="45.798811" lon="13.350373"/>
<trkpt lat="45.798813" lon="13.350357"/>
<trkpt lat="45.798860" lon="13.350338"/>
<trkpt lat="45.798962" lon="13.350303"/>
<trkpt lat="45.799041" lon="13.350274"/>
<trkpt lat="45.799119" lon="13.350246"/>
<trkpt lat="45.799248" lon="13.350201"/>
<trkpt lat="45.799374" lon="13.350158"/>
<trkpt lat="45.799472" lon="13.350123"/>
<trkpt lat="45.799569" lon="13.350091"/>
<trkpt lat="45.799723" lon="13.350030"/>
</trkseg>
<trkseg>
<trkpt lat="45.900566" lon="13.309539"/>
<trkpt lat="45.900507" lon="13.309535"/>
</trkseg>
<trkseg>
<trkpt lat="45.983017" lon="13.302792"/>
<trkpt lat="45.982863" lon="13.301933"/>
</trkseg>
<trkseg>
<trkpt lat="45.983031" lon="13.302899"/>
<trkpt lat="45.983017" lon="13.302792"/>
</trkseg>
<trkseg>
<trkpt lat="45.854417" lon="13.321764"/>
<trkpt lat="45.854338" lon="13.321734"/>
</trkseg>
<trkseg>
<trkpt lat="45.854338" lon="13.321734"/>
<trkpt lat="45.853811" lon="13.321541"/>
<trkpt lat="45.853450" lon="13.321408"/>
<trkpt lat="45.853077" lon="13.321271"/>
<trkpt lat="45.852782" lon="13.321161"/>
</trkseg>
<trkseg>
<trkpt lat="45.862478" lon="13.323289"/>
<trkpt lat="45.862369" lon="13.323293"/>
</trkseg>
<trkseg>
<trkpt lat="45.805425" lon="13.344023"/>
<trkpt lat="45.805481" lon="13.343976"/>
</trkseg>
<trkseg>
<trkpt lat="45.805481" lon="13.343976"/>
<trkpt lat="45.805502" lon="13.343931"/>
<trkpt lat="45.805521" lon="13.343889"/>
<trkpt lat="45.805539" lon="13.343872"/>
<trkpt lat="45.805569" lon="13.343857"/>
<trkpt lat="45.805633" lon="13.343835"/>
<trkpt lat="45.805750" lon="13.343802"/>
<trkpt lat="45.805869" lon="13.343769"/>
<trkpt lat="45.805991" lon="13.343731"/>
<trkpt lat="45.806226" lon="13.343674"/>
<trkpt lat="45.806402" lon="13.343635"/>
<trkpt lat="45.806418" lon="13.343635"/>
<trkpt lat="45.806432" lon="13.343647"/>
<trkpt lat="45.806442" lon="13.343661"/>
<trkpt lat="45.806449" lon="13.343677"/>
<trkpt lat="45.806455" lon="13.343703"/>
</trkseg>
<trkseg>
<trkpt lat="45.803762" lon="13.345228"/>
<trkpt lat="45.803739" lon="13.345247"/>
<trkpt lat="45.803681" lon="13.345295"/>
</trkseg>
<trkseg>
<trkpt lat="45.803762" lon="13.345228"/>
<trkpt lat="45.803970" lon="13.345023"/>
<trkpt lat="45.804040" lon="13.344952"/>
<trkpt lat="45.804108" lon="13.344894"/>
<trkpt lat="45.804294" lon="13.344732"/>
<trkpt lat="45.804502" lon="13.344566"/>
<trkpt lat="45.804638" lon="13.344460"/>
<trkpt lat="45.804773" lon="13.344371"/>
<trkpt lat="45.804901" lon="13.344299"/>
<trkpt lat="45.805042" lon="13.344211"/>
<trkpt lat="45.805131" lon="13.344163"/>
<trkpt lat="45.805220" lon="13.344118"/>
<trkpt lat="45.805399" lon="13.344036"/>
<trkpt lat="45.805425" lon="13.344023"/>
</trkseg>
<trkseg>
<trkpt lat="45.791281" lon="13.356117"/>
<trkpt lat="45.791195" lon="13.356173"/>
</trkseg>
<trkseg>
<trkpt lat="45.791195" lon="13.356173"/>
<trkpt lat="45.790966" lon="13.356299"/>
<trkpt lat="45.789377" lon="13.357202"/>
<trkpt lat="45.788809" lon="13.357529"/>
<trkpt lat="45.787775" lon="13.358098"/>
</trkseg>
<trkseg>
<trkpt lat="45.787577" lon="13.358201"/>
<trkpt lat="45.787088" lon="13.358471"/>
<trkpt lat="45.786845" lon="13.358604"/>
<trkpt lat="45.786599" lon="13.358728"/>
<trkpt lat="45.786311" lon="13.358885"/>
<trkpt lat="45.784627" lon="13.359839"/>
<trkpt lat="45.784596" lon="13.359857"/>
<trkpt lat="45.782983" lon="13.360768"/>
<trkpt lat="45.782185" lon="13.361225"/>
<trkpt lat="45.782067" lon="13.361292"/>
<trkpt lat="45.781785" lon="13.361452"/>
<trkpt lat="45.781651" lon="13.361530"/>
<trkpt lat="45.781587" lon="13.361567"/>
<trkpt lat="45.781486" lon="13.361624"/>
<trkpt lat="45.781388" lon="13.361680"/>
<trkpt lat="45.780476" lon="13.362199"/>
</trkseg>
<trkseg>
<trkpt lat="45.787775" lon="13.358098"/>
<trkpt lat="45.787690" lon="13.358145"/>
</trkseg>
<trkseg>
<trkpt lat="46.044600" lon="13.274774"/>
<trkpt lat="46.045031" lon="13.275708"/>
</trkseg>
<trkseg>
<trkpt lat="45.963824" lon="13.300066"/>
<trkpt lat="45.963926" lon="13.299963"/>
<trkpt lat="45.964374" lon="13.299537"/>
<trkpt lat="45.964519" lon="13.299452"/>
<trkpt lat="45.964684" lon="13.299432"/>
<trkpt lat="45.964817" lon="13.299442"/>
<trkpt lat="45.965161" lon="13.299489"/>
<trkpt lat="45.965447" lon="13.299480"/>
<trkpt lat="45.965544" lon="13.299456"/>
<trkpt lat="45.965660" lon="13.299380"/>
<trkpt lat="45.965757" lon="13.299240"/>
</trkseg>
<trkseg>
<trkpt lat="45.715887" lon="13.384817"/>
<trkpt lat="45.715446" lon="13.384710"/>
</trkseg>
<trkseg>
<trkpt lat="45.772869" lon="13.367222"/>
<trkpt lat="45.772822" lon="13.367275"/>
<trkpt lat="45.772752" lon="13.367380"/>
<trkpt lat="45.772680" lon="13.367502"/>
<trkpt lat="45.772540" lon="13.367761"/>
<trkpt lat="45.772497" lon="13.367851"/>
<trkpt lat="45.772433" lon="13.367976"/>
<trkpt lat="45.772253" lon="13.368372"/>
<trkpt lat="45.772156" lon="13.368596"/>
<trkpt lat="45.772098" lon="13.368727"/>
<trkpt lat="45.772034" lon="13.368874"/>
<trkpt lat="45.771971" lon="13.369012"/>
<trkpt lat="45.771715" lon="13.369520"/>
<trkpt lat="45.771459" lon="13.370031"/>
<trkpt lat="45.771318" lon="13.370314"/>
<trkpt lat="45.771175" lon="13.370590"/>
<trkpt lat="45.770860" lon="13.371146"/>
</trkseg>
<trkseg>
<trkpt lat="45.780476" lon="13.362199"/>
<trkpt lat="45.780413" lon="13.362234"/>
</trkseg>
<trkseg>
<trkpt lat="45.768930" lon="13.372743"/>
<trkpt lat="45.768834" lon="13.372725"/>
</trkseg>
<trkseg>
<trkpt lat="45.763238" lon="13.372210"/>
<trkpt lat="45.762238" lon="13.372675"/>
<trkpt lat="45.762113" lon="13.372733"/>
<trkpt lat="45.761989" lon="13.372796"/>
<trkpt lat="45.761787" lon="13.372893"/>
<trkpt lat="45.761465" lon="13.373075"/>
<trkpt lat="45.760940" lon="13.373388"/>
<trkpt lat="45.760636" lon="13.373563"/>
<trkpt lat="45.759265" lon="13.374377"/>
<trkpt lat="45.759237" lon="13.374395"/>
<trkpt lat="45.759189" lon="13.374422"/>
<trkpt lat="45.758985" lon="13.374544"/>
<trkpt lat="45.758557" lon="13.374798"/>
<trkpt lat="45.758344" lon="13.374926"/>
<trkpt lat="45.758116" lon="13.375063"/>
</trkseg>
<trkseg>
<trkpt lat="45.754198" lon="13.377338"/>
<trkpt lat="45.754147" lon="13.377363"/>
</trkseg>
<trkseg>
<trkpt lat="45.754147" lon="13.377363"/>
<trkpt lat="45.753794" lon="13.377532"/>
<trkpt lat="45.753440" lon="13.377704"/>
<trkpt lat="45.753096" lon="13.377869"/>
<trkpt lat="45.752668" lon="13.378077"/>
<trkpt lat="45.752511" lon="13.378153"/>
<trkpt lat="45.752378" lon="13.378216"/>
<trkpt lat="45.752352" lon="13.378229"/>
<trkpt lat="45.752240" lon="13.378293"/>
<trkpt lat="45.752052" lon="13.378387"/>
<trkpt lat="45.751862" lon="13.378477"/>
<trkpt lat="45.751393" lon="13.378700"/>
<trkpt lat="45.751162" lon="13.378813"/>
<trkpt lat="45.750928" lon="13.378925"/>
<trkpt lat="45.750899" lon="13.378939"/>
<trkpt lat="45.750877" lon="13.378950"/>
<trkpt lat="45.750449" lon="13.379156"/>
<trkpt lat="45.750025" lon="13.379376"/>
<trkpt lat="45.749366" lon="13.379723"/>
<trkpt lat="45.749039" lon="13.379899"/>
<trkpt lat="45.748709" lon="13.380072"/>
<trkpt lat="45.747586" lon="13.380676"/>
<trkpt lat="45.747240" lon="13.380857"/>
<trkpt lat="45.746852" lon="13.381063"/>
<trkpt lat="45.746454" lon="13.381276"/>
<trkpt lat="45.746419" lon="13.381294"/>
<trkpt lat="45.746386" lon="13.381312"/>
<trkpt lat="45.745923" lon="13.381548"/>
<trkpt lat="45.745466" lon="13.381794"/>
<trkpt lat="45.745022" lon="13.382032"/>
<trkpt lat="45.744799" lon="13.382153"/>
<trkpt lat="45.744576" lon="13.382274"/>
<trkpt lat="45.744331" lon="13.382404"/>
<trkpt lat="45.744081" lon="13.382539"/>
<trkpt lat="45.743499" lon="13.382857"/>
<trkpt lat="45.742925" lon="13.383161"/>
<trkpt lat="45.742638" lon="13.383312"/>
<trkpt lat="45.742350" lon="13.383461"/>
<trkpt lat="45.742117" lon="13.383575"/>
</trkseg>
<trkseg>
<trkpt lat="45.758116" lon="13.375063"/>
<trkpt lat="45.758047" lon="13.375105"/>
</trkseg>
<trkseg>
<trkpt lat="45.758047" lon="13.375105"/>
<trkpt lat="45.757379" lon="13.375502"/>
<trkpt lat="45.756967" lon="13.375747"/>
<trkpt lat="45.756701" lon="13.375905"/>
<trkpt lat="45.756375" lon="13.376099"/>
<trkpt lat="45.755993" lon="13.376328"/>
<trkpt lat="45.755800" lon="13.376442"/>
<trkpt lat="45.755609" lon="13.376552"/>
<trkpt lat="45.754744" lon="13.377052"/>
<trkpt lat="45.754719" lon="13.377067"/>
<trkpt lat="45.754683" lon="13.377086"/>
<trkpt lat="45.754570" lon="13.377147"/>
<trkpt lat="45.754441" lon="13.377216"/>
<trkpt lat="45.754311" lon="13.377281"/>
<trkpt lat="45.754198" lon="13.377338"/>
</trkseg>
<trkseg>
<trkpt lat="46.028636" lon="13.298500"/>
<trkpt lat="46.028614" lon="13.298507"/>
<trkpt lat="46.028419" lon="13.298578"/>
<trkpt lat="46.028254" lon="13.298637"/>
<trkpt lat="46.028007" lon="13.298721"/>
<trkpt lat="46.027790" lon="13.298789"/>
<trkpt lat="46.027452" lon="13.298962"/>
<trkpt lat="46.027273" lon="13.299063"/>
<trkpt lat="46.027074" lon="13.299171"/>
<trkpt lat="46.026924" lon="13.299261"/>
</trkseg>
<trkseg>
<trkpt lat="46.026251" lon="13.300065"/>
<trkpt lat="46.025915" lon="13.300306"/>
<trkpt lat="46.025741" lon="13.300450"/>
<trkpt lat="46.025575" lon="13.300588"/>
<trkpt lat="46.025540" lon="13.300616"/>
<trkpt lat="46.025399" lon="13.300728"/>
<trkpt lat="46.025257" lon="13.300808"/>
<trkpt lat="46.025111" lon="13.300859"/>
<trkpt lat="46.024958" lon="13.300912"/>
<trkpt lat="46.024785" lon="13.300951"/>
<trkpt lat="46.024590" lon="13.300993"/>
<trkpt lat="46.024504" lon="13.301013"/>
<trkpt lat="46.024371" lon="13.301077"/>
<trkpt lat="46.024259" lon="13.301151"/>
<trkpt lat="46.024145" lon="13.301254"/>
<trkpt lat="46.024052" lon="13.301376"/>
<trkpt lat="46.023947" lon="13.301522"/>
<trkpt lat="46.023874" lon="13.301619"/>
<trkpt lat="46.023823" lon="13.301683"/>
<trkpt lat="46.023780" lon="13.301737"/>
<trkpt lat="46.023632" lon="13.301929"/>
<trkpt lat="46.023513" lon="13.302093"/>
<trkpt lat="46.023396" lon="13.302244"/>
<trkpt lat="46.023314" lon="13.302355"/>
<trkpt lat="46.023204" lon="13.302495"/>
<trkpt lat="46.023166" lon="13.302520"/>
<trkpt lat="46.023092" lon="13.302566"/>
<trkpt lat="46.022945" lon="13.302629"/>
<trkpt lat="46.022837" lon="13.302677"/>
<trkpt lat="46.022601" lon="13.302755"/>
<trkpt lat="46.022464" lon="13.302811"/>
<trkpt lat="46.022309" lon="13.302893"/>
<trkpt lat="46.022221" lon="13.302984"/>
<trkpt lat="46.022170" lon="13.303050"/>
<trkpt lat="46.022065" lon="13.303189"/>
<trkpt lat="46.021969" lon="13.303333"/>
<trkpt lat="46.021853" lon="13.303525"/>
<trkpt lat="46.021621" lon="13.303939"/>
<trkpt lat="46.021479" lon="13.304186"/>
<trkpt lat="46.021323" lon="13.304495"/>
<trkpt lat="46.021199" lon="13.304737"/>
<trkpt lat="46.021113" lon="13.304938"/>
<trkpt lat="46.020940" lon="13.305324"/>
<trkpt lat="46.020834" lon="13.305585"/>
<trkpt lat="46.020701" lon="13.305922"/>
<trkpt lat="46.020558" lon="13.306371"/>
</trkseg>
<trkseg>
<trkpt lat="45.900507" lon="13.309535"/>
<trkpt lat="45.900435" lon="13.309529"/>
</trkseg>
<trkseg>
<trkpt lat="45.899830" lon="13.310967"/>
<trkpt lat="45.899808" lon="13.310981"/>
<trkpt lat="45.899791" lon="13.310983"/>
<trkpt lat="45.899765" lon="13.310956"/>
<trkpt lat="45.899757" lon="13.310895"/>
<trkpt lat="45.899749" lon="13.310749"/>
<trkpt lat="45.899737" lon="13.310634"/>
<trkpt lat="45.899729" lon="13.310550"/>
<trkpt lat="45.899695" lon="13.310475"/>
<trkpt lat="45.899644" lon="13.310401"/>
<trkpt lat="45.899620" lon="13.310365"/>
<trkpt lat="45.899501" lon="13.310196"/>
<trkpt lat="45.899467" lon="13.310124"/>
<trkpt lat="45.899446" lon="13.310059"/>
<trkpt lat="45.899393" lon="13.309973"/>
<trkpt lat="45.899349" lon="13.309898"/>
<trkpt lat="45.899253" lon="13.309780"/>
<trkpt lat="45.899200" lon="13.309730"/>
<trkpt lat="45.899166" lon="13.309718"/>
<trkpt lat="45.899116" lon="13.309757"/>
<trkpt lat="45.899088" lon="13.309805"/>
<trkpt lat="45.899053" lon="13.309873"/>
<trkpt lat="45.899031" lon="13.309862"/>
</trkseg>
<trkseg>
<trkpt lat="45.897178" lon="13.310164"/>
<trkpt lat="45.897101" lon="13.310125"/>
<trkpt lat="45.896912" lon="13.310080"/>
<trkpt lat="45.896178" lon="13.310045"/>
<trkpt lat="45.896119" lon="13.310091"/>
</trkseg>
<trkseg>
<trkpt lat="45.898619" lon="13.309647"/>
<trkpt lat="45.898601" lon="13.309636"/>
<trkpt lat="45.898185" lon="13.309722"/>
<trkpt lat="45.897953" lon="13.309722"/>
<trkpt lat="45.897932" lon="13.309751"/>
<trkpt lat="45.897881" lon="13.309906"/>
<trkpt lat="45.897831" lon="13.310068"/>
<trkpt lat="45.897801" lon="13.310139"/>
<trkpt lat="45.897753" lon="13.310190"/>
<trkpt lat="45.897711" lon="13.310213"/>
<trkpt lat="45.897665" lon="13.310215"/>
<trkpt lat="45.897178" lon="13.310164"/>
</trkseg>
<trkseg>
<trkpt lat="45.860169" lon="13.321776"/>
<trkpt lat="45.860084" lon="13.321695"/>
<trkpt lat="45.859950" lon="13.321564"/>
</trkseg>
<trkseg>
<trkpt lat="45.821939" lon="13.332267"/>
<trkpt lat="45.821887" lon="13.332292"/>
<trkpt lat="45.821842" lon="13.332332"/>
<trkpt lat="45.821652" lon="13.332602"/>
</trkseg>
<trkseg>
<trkpt lat="45.822276" lon="13.333363"/>
<trkpt lat="45.822395" lon="13.333344"/>
<trkpt lat="45.822539" lon="13.333347"/>
<trkpt lat="45.822583" lon="13.333346"/>
<trkpt lat="45.822735" lon="13.333353"/>
</trkseg>
<trkseg>
<trkpt lat="45.991407" lon="13.304931"/>
<trkpt lat="45.991387" lon="13.304851"/>
<trkpt lat="45.991370" lon="13.304755"/>
</trkseg>
<trkseg>
<trkpt lat="45.997927" lon="13.308443"/>
<trkpt lat="45.997909" lon="13.308461"/>
<trkpt lat="45.997870" lon="13.308491"/>
<trkpt lat="45.997782" lon="13.308500"/>
<trkpt lat="45.997530" lon="13.308530"/>
<trkpt lat="45.997297" lon="13.308574"/>
<trkpt lat="45.997113" lon="13.308685"/>
<trkpt lat="45.996990" lon="13.308863"/>
<trkpt lat="45.996768" lon="13.309297"/>
<trkpt lat="45.996480" lon="13.309511"/>
<trkpt lat="45.995871" lon="13.309826"/>
<trkpt lat="45.995727" lon="13.309865"/>
<trkpt lat="45.995509" lon="13.309888"/>
<trkpt lat="45.995329" lon="13.309869"/>
<trkpt lat="45.995065" lon="13.309810"/>
<trkpt lat="45.994156" lon="13.309742"/>
<trkpt lat="45.994077" lon="13.309754"/>
<trkpt lat="45.994031" lon="13.309782"/>
<trkpt lat="45.993892" lon="13.309933"/>
<trkpt lat="45.993778" lon="13.310019"/>
<trkpt lat="45.993720" lon="13.310046"/>
</trkseg>
<trkseg>
<trkpt lat="45.993039" lon="13.307519"/>
<trkpt lat="45.993099" lon="13.308248"/>
<trkpt lat="45.993145" lon="13.308492"/>
<trkpt lat="45.993235" lon="13.308703"/>
<trkpt lat="45.993329" lon="13.308782"/>
<trkpt lat="45.993447" lon="13.308859"/>
<trkpt lat="45.993580" lon="13.309192"/>
<trkpt lat="45.993691" lon="13.309618"/>
<trkpt lat="45.993711" lon="13.309924"/>
</trkseg>
<trkseg>
<trkpt lat="46.016809" lon="13.308711"/>
<trkpt lat="46.016721" lon="13.308749"/>
<trkpt lat="46.016610" lon="13.308759"/>
<trkpt lat="46.016003" lon="13.308685"/>
<trkpt lat="46.015188" lon="13.308594"/>
<trkpt lat="46.014976" lon="13.308680"/>
<trkpt lat="46.014129" lon="13.308957"/>
<trkpt lat="46.013864" lon="13.309021"/>
<trkpt lat="46.013605" lon="13.309041"/>
<trkpt lat="46.012833" lon="13.309140"/>
<trkpt lat="46.012125" lon="13.309220"/>
<trkpt lat="46.011652" lon="13.309279"/>
<trkpt lat="46.010838" lon="13.309371"/>
<trkpt lat="46.010558" lon="13.309384"/>
<trkpt lat="46.010101" lon="13.309331"/>
<trkpt lat="46.009638" lon="13.309261"/>
<trkpt lat="46.009223" lon="13.309218"/>
<trkpt lat="46.009001" lon="13.309148"/>
<trkpt lat="46.008818" lon="13.309122"/>
<trkpt lat="46.008721" lon="13.309139"/>
<trkpt lat="46.008604" lon="13.309196"/>
<trkpt lat="46.008351" lon="13.309376"/>
<trkpt lat="46.008166" lon="13.309503"/>
<trkpt lat="46.008052" lon="13.309547"/>
<trkpt lat="46.007752" lon="13.309598"/>
<trkpt lat="46.007364" lon="13.309667"/>
<trkpt lat="46.006912" lon="13.309692"/>
<trkpt lat="46.006685" lon="13.309698"/>
<trkpt lat="46.006494" lon="13.309731"/>
<trkpt lat="46.005999" lon="13.309899"/>
<trkpt lat="46.004985" lon="13.310214"/>
<trkpt lat="46.004640" lon="13.310314"/>
<trkpt lat="46.004294" lon="13.310424"/>
<trkpt lat="46.004127" lon="13.310491"/>
<trkpt lat="46.003828" lon="13.310596"/>
<trkpt lat="46.003746" lon="13.310599"/>
<trkpt lat="46.003123" lon="13.310872"/>
<trkpt lat="46.002939" lon="13.310901"/>
<trkpt lat="46.002661" lon="13.310858"/>
<trkpt lat="46.002561" lon="13.310790"/>
<trkpt lat="46.002143" lon="13.310224"/>
<trkpt lat="46.002012" lon="13.310101"/>
<trkpt lat="46.001893" lon="13.310019"/>
<trkpt lat="46.001738" lon="13.309966"/>
<trkpt lat="46.001580" lon="13.309939"/>
<trkpt lat="46.001244" lon="13.309908"/>
<trkpt lat="46.001150" lon="13.309866"/>
<trkpt lat="46.000886" lon="13.309679"/>
<trkpt lat="46.000619" lon="13.309512"/>
<trkpt lat="46.000383" lon="13.309351"/>
<trkpt lat="46.000227" lon="13.309210"/>
<trkpt lat="46.000131" lon="13.309152"/>
<trkpt lat="46.000045" lon="13.309143"/>
<trkpt lat="45.999730" lon="13.309219"/>
<trkpt lat="45.999474" lon="13.309308"/>
</trkseg>
<trkseg>
<trkpt lat="45.823958" lon="13.333796"/>
<trkpt lat="45.824080" lon="13.333354"/>
<trkpt lat="45.824099" lon="13.333259"/>
<trkpt lat="45.824102" lon="13.333212"/>
<trkpt lat="45.824108" lon="13.333111"/>
<trkpt lat="45.824120" lon="13.332879"/>
<trkpt lat="45.824131" lon="13.332532"/>
<trkpt lat="45.824084" lon="13.332405"/>
</trkseg>
<trkseg>
<trkpt lat="45.993711" lon="13.309924"/>
<trkpt lat="45.993717" lon="13.310007"/>
</trkseg>
<trkseg>
<trkpt lat="45.993717" lon="13.310007"/>
<trkpt lat="45.993720" lon="13.310046"/>
</trkseg>
<trkseg>
<trkpt lat="46.031989" lon="13.297134"/>
<trkpt lat="46.032106" lon="13.297090"/>
<trkpt lat="46.032571" lon="13.296832"/>
<trkpt lat="46.032625" lon="13.296781"/>
<trkpt lat="46.032794" lon="13.296624"/>
<trkpt lat="46.032919" lon="13.296448"/>
<trkpt lat="46.033074" lon="13.296154"/>
<trkpt lat="46.033303" lon="13.295663"/>
<trkpt lat="46.033469" lon="13.295402"/>
<trkpt lat="46.033499" lon="13.295354"/>
<trkpt lat="46.033728" lon="13.294981"/>
<trkpt lat="46.033799" lon="13.294872"/>
</trkseg>
<trkseg>
<trkpt lat="46.017221" lon="13.306552"/>
<trkpt lat="46.017173" lon="13.306765"/>
<trkpt lat="46.017072" lon="13.307409"/>
<trkpt lat="46.016857" lon="13.308592"/>
<trkpt lat="46.016838" lon="13.308656"/>
<trkpt lat="46.016809" lon="13.308711"/>
</trkseg>
<trkseg>
<trkpt lat="46.045824" lon="13.277459"/>
<trkpt lat="46.045730" lon="13.277666"/>
<trkpt lat="46.045163" lon="13.278942"/>
<trkpt lat="46.044956" lon="13.279416"/>
<trkpt lat="46.044774" lon="13.279893"/>
<trkpt lat="46.044106" lon="13.281796"/>
<trkpt lat="46.043889" lon="13.282445"/>
<trkpt lat="46.043625" lon="13.283096"/>
<trkpt lat="46.043402" lon="13.283619"/>
<trkpt lat="46.043087" lon="13.284288"/>
<trkpt lat="46.042627" lon="13.285350"/>
<trkpt lat="46.041856" lon="13.287019"/>
</trkseg>
<trkseg>
<trkpt lat="46.036483" lon="13.292632"/>
<trkpt lat="46.036571" lon="13.292773"/>
<trkpt lat="46.036602" lon="13.292867"/>
<trkpt lat="46.036613" lon="13.292963"/>
<trkpt lat="46.036608" lon="13.293097"/>
<trkpt lat="46.036591" lon="13.293225"/>
<trkpt lat="46.036584" lon="13.293397"/>
<trkpt lat="46.036581" lon="13.293551"/>
<trkpt lat="46.036540" lon="13.293677"/>
<trkpt lat="46.036461" lon="13.293804"/>
<trkpt lat="46.036397" lon="13.293879"/>
<trkpt lat="46.036287" lon="13.293998"/>
<trkpt lat="46.036188" lon="13.294136"/>
<trkpt lat="46.035745" lon="13.294784"/>
<trkpt lat="46.035454" lon="13.295189"/>
<trkpt lat="46.035424" lon="13.295224"/>
</trkseg>
<trkseg>
<trkpt lat="45.919196" lon="13.297458"/>
<trkpt lat="45.919098" lon="13.297534"/>
<trkpt lat="45.918427" lon="13.297929"/>
<trkpt lat="45.917604" lon="13.298437"/>
<trkpt lat="45.916980" lon="13.298828"/>
<trkpt lat="45.916714" lon="13.298939"/>
<trkpt lat="45.916489" lon="13.299045"/>
<trkpt lat="45.916000" lon="13.299238"/>
<trkpt lat="45.915765" lon="13.299229"/>
<trkpt lat="45.914973" lon="13.299044"/>
</trkseg>
<trkseg>
<trkpt lat="45.684795" lon="13.386183"/>
<trkpt lat="45.685052" lon="13.386152"/>
<trkpt lat="45.685335" lon="13.386117"/>
<trkpt lat="45.685538" lon="13.386087"/>
<trkpt lat="45.685631" lon="13.386035"/>
<trkpt lat="45.685741" lon="13.385967"/>
<trkpt lat="45.685901" lon="13.385829"/>
<trkpt lat="45.686521" lon="13.385211"/>
<trkpt lat="45.686604" lon="13.385128"/>
<trkpt lat="45.686658" lon="13.385078"/>
</trkseg>
<trkseg>
<trkpt lat="45.912507" lon="13.299287"/>
<trkpt lat="45.912405" lon="13.299257"/>
<trkpt lat="45.912373" lon="13.299236"/>
<trkpt lat="45.912318" lon="13.299201"/>
<trkpt lat="45.912236" lon="13.299123"/>
</trkseg>
<trkseg>
<trkpt lat="45.914973" lon="13.299044"/>
<trkpt lat="45.914686" lon="13.299051"/>
<trkpt lat="45.914653" lon="13.299055"/>
<trkpt lat="45.914547" lon="13.299066"/>
<trkpt lat="45.914346" lon="13.299101"/>
<trkpt lat="45.913976" lon="13.299171"/>
<trkpt lat="45.913508" lon="13.299299"/>
<trkpt lat="45.913179" lon="13.299326"/>
<trkpt lat="45.912633" lon="13.299302"/>
<trkpt lat="45.912507" lon="13.299287"/>
</trkseg>
<trkseg>
<trkpt lat="45.862369" lon="13.323293"/>
<trkpt lat="45.862330" lon="13.323286"/>
<trkpt lat="45.861957" lon="13.323212"/>
<trkpt lat="45.861680" lon="13.323217"/>
<trkpt lat="45.861653" lon="13.323218"/>
</trkseg>
<trkseg>
<trkpt lat="45.861653" lon="13.323218"/>
<trkpt lat="45.861626" lon="13.322806"/>
<trkpt lat="45.861620" lon="13.322645"/>
</trkseg>
<trkseg>
<trkpt lat="45.861619" lon="13.322486"/>
<trkpt lat="45.861521" lon="13.322459"/>
<trkpt lat="45.860942" lon="13.322302"/>
<trkpt lat="45.860882" lon="13.322278"/>
<trkpt lat="45.860822" lon="13.322241"/>
<trkpt lat="45.860591" lon="13.322084"/>
<trkpt lat="45.860499" lon="13.322018"/>
<trkpt lat="45.860329" lon="13.321895"/>
</trkseg>
<trkseg>
<trkpt lat="45.865675" lon="13.323319"/>
<trkpt lat="45.865597" lon="13.323330"/>
<trkpt lat="45.865529" lon="13.323303"/>
<trkpt lat="45.865411" lon="13.323255"/>
<trkpt lat="45.864789" lon="13.323238"/>
<trkpt lat="45.863248" lon="13.323195"/>
<trkpt lat="45.862806" lon="13.323255"/>
<trkpt lat="45.862729" lon="13.323264"/>
<trkpt lat="45.862503" lon="13.323282"/>
<trkpt lat="45.862478" lon="13.323289"/>
</trkseg>
<trkseg>
<trkpt lat="45.875212" lon="13.322564"/>
<trkpt lat="45.874322" lon="13.322331"/>
<trkpt lat="45.874074" lon="13.322306"/>
<trkpt lat="45.873778" lon="13.322334"/>
<trkpt lat="45.872983" lon="13.322446"/>
<trkpt lat="45.869790" lon="13.322539"/>
<trkpt lat="45.868979" lon="13.322562"/>
<trkpt lat="45.867766" lon="13.322594"/>
<trkpt lat="45.867449" lon="13.322604"/>
<trkpt lat="45.867375" lon="13.322625"/>
<trkpt lat="45.865923" lon="13.323230"/>
<trkpt lat="45.865675" lon="13.323319"/>
</trkseg>
<trkseg>
<trkpt lat="45.885235" lon="13.321614"/>
<trkpt lat="45.885095" lon="13.321834"/>
<trkpt lat="45.884952" lon="13.321967"/>
</trkseg>
<trkseg>
<trkpt lat="45.884952" lon="13.321967"/>
<trkpt lat="45.884817" lon="13.322059"/>
<trkpt lat="45.884653" lon="13.322105"/>
<trkpt lat="45.883980" lon="13.322299"/>
<trkpt lat="45.883544" lon="13.322423"/>
<trkpt lat="45.883231" lon="13.322590"/>
<trkpt lat="45.882831" lon="13.322872"/>
<trkpt lat="45.882594" lon="13.322965"/>
<trkpt lat="45.880670" lon="13.323331"/>
<trkpt lat="45.880232" lon="13.323418"/>
<trkpt lat="45.880099" lon="13.323444"/>
<trkpt lat="45.879726" lon="13.323518"/>
<trkpt lat="45.879635" lon="13.323510"/>
<trkpt lat="45.879553" lon="13.323499"/>
</trkseg>
<trkseg>
<trkpt lat="45.885357" lon="13.318800"/>
<trkpt lat="45.885194" lon="13.319306"/>
<trkpt lat="45.885136" lon="13.319513"/>
<trkpt lat="45.885114" lon="13.319652"/>
<trkpt lat="45.885092" lon="13.319787"/>
<trkpt lat="45.885079" lon="13.320046"/>
<trkpt lat="45.885109" lon="13.320368"/>
<trkpt lat="45.885207" lon="13.321432"/>
<trkpt lat="45.885235" lon="13.321614"/>
</trkseg>
<trkseg>
<trkpt lat="45.932932" lon="13.282271"/>
<trkpt lat="45.932791" lon="13.282217"/>
<trkpt lat="45.932719" lon="13.282174"/>
<trkpt lat="45.932609" lon="13.282138"/>
<trkpt lat="45.932560" lon="13.282160"/>
</trkseg>
<trkseg>
<trkpt lat="45.891473" lon="13.313288"/>
<trkpt lat="45.891262" lon="13.313199"/>
</trkseg>
<trkseg>
<trkpt lat="45.891262" lon="13.313199"/>
<trkpt lat="45.891213" lon="13.313191"/>
<trkpt lat="45.891164" lon="13.313225"/>
<trkpt lat="45.891129" lon="13.313328"/>
<trkpt lat="45.891029" lon="13.313854"/>
<trkpt lat="45.890853" lon="13.314692"/>
<trkpt lat="45.890805" lon="13.314884"/>
<trkpt lat="45.890752" lon="13.315008"/>
<trkpt lat="45.890700" lon="13.315072"/>
<trkpt lat="45.890203" lon="13.315643"/>
<trkpt lat="45.889714" lon="13.316268"/>
<trkpt lat="45.889302" lon="13.316517"/>
<trkpt lat="45.889095" lon="13.316559"/>
<trkpt lat="45.888665" lon="13.316623"/>
<trkpt lat="45.888483" lon="13.316655"/>
<trkpt lat="45.888027" lon="13.316718"/>
<trkpt lat="45.887772" lon="13.316775"/>
<trkpt lat="45.887318" lon="13.316976"/>
<trkpt lat="45.886886" lon="13.317202"/>
<trkpt lat="45.886634" lon="13.317401"/>
<trkpt lat="45.885783" lon="13.318212"/>
</trkseg>
<trkseg>
<trkpt lat="45.678113" lon="13.384234"/>
<trkpt lat="45.678120" lon="13.384223"/>
<trkpt lat="45.678129" lon="13.384214"/>
<trkpt lat="45.678138" lon="13.384206"/>
<trkpt lat="45.678147" lon="13.384201"/>
<trkpt lat="45.678156" lon="13.384194"/>
<trkpt lat="45.678164" lon="13.384184"/>
<trkpt lat="45.678171" lon="13.384174"/>
<trkpt lat="45.678178" lon="13.384162"/>
<trkpt lat="45.678233" lon="13.384011"/>
<trkpt lat="45.678263" lon="13.383948"/>
<trkpt lat="45.678279" lon="13.383920"/>
<trkpt lat="45.678295" lon="13.383895"/>
</trkseg>
<trkseg>
<trkpt lat="45.911461" lon="13.296750"/>
<trkpt lat="45.911423" lon="13.296707"/>
<trkpt lat="45.910931" lon="13.297761"/>
<trkpt lat="45.910617" lon="13.298525"/>
<trkpt lat="45.910400" lon="13.299023"/>
<trkpt lat="45.910366" lon="13.299102"/>
<trkpt lat="45.910347" lon="13.299143"/>
<trkpt lat="45.909742" lon="13.300466"/>
<trkpt lat="45.909512" lon="13.300966"/>
<trkpt lat="45.909414" lon="13.301150"/>
<trkpt lat="45.909340" lon="13.301256"/>
<trkpt lat="45.909275" lon="13.301304"/>
<trkpt lat="45.908427" lon="13.301844"/>
<trkpt lat="45.908283" lon="13.301925"/>
<trkpt lat="45.908257" lon="13.301906"/>
<trkpt lat="45.908243" lon="13.301868"/>
<trkpt lat="45.908210" lon="13.301888"/>
<trkpt lat="45.908139" lon="13.301929"/>
</trkseg>
<trkseg>
<trkpt lat="45.924834" lon="13.294739"/>
<trkpt lat="45.924703" lon="13.294583"/>
<trkpt lat="45.924383" lon="13.294241"/>
<trkpt lat="45.923981" lon="13.293813"/>
<trkpt lat="45.923613" lon="13.293573"/>
<trkpt lat="45.923256" lon="13.293394"/>
<trkpt lat="45.922927" lon="13.293353"/>
<trkpt lat="45.922710" lon="13.293368"/>
<trkpt lat="45.922683" lon="13.293370"/>
</trkseg>
<trkseg>
<trkpt lat="45.803681" lon="13.345295"/>
<trkpt lat="45.803541" lon="13.345455"/>
<trkpt lat="45.803398" lon="13.345622"/>
<trkpt lat="45.803219" lon="13.345845"/>
<trkpt lat="45.803022" lon="13.346090"/>
<trkpt lat="45.802812" lon="13.346347"/>
<trkpt lat="45.802654" lon="13.346543"/>
<trkpt lat="45.802482" lon="13.346758"/>
<trkpt lat="45.802297" lon="13.346977"/>
<trkpt lat="45.802105" lon="13.347211"/>
<trkpt lat="45.802020" lon="13.347317"/>
<trkpt lat="45.801942" lon="13.347404"/>
<trkpt lat="45.801907" lon="13.347417"/>
<trkpt lat="45.801867" lon="13.347434"/>
<trkpt lat="45.801849" lon="13.347447"/>
<trkpt lat="45.801772" lon="13.347551"/>
<trkpt lat="45.801735" lon="13.347598"/>
<trkpt lat="45.801701" lon="13.347634"/>
<trkpt lat="45.801644" lon="13.347694"/>
<trkpt lat="45.801614" lon="13.347738"/>
<trkpt lat="45.801585" lon="13.347832"/>
<trkpt lat="45.801518" lon="13.347929"/>
<trkpt lat="45.801441" lon="13.348024"/>
<trkpt lat="45.801153" lon="13.348379"/>
<trkpt lat="45.800639" lon="13.349024"/>
<trkpt lat="45.800230" lon="13.349506"/>
<trkpt lat="45.800029" lon="13.349755"/>
<trkpt lat="45.799924" lon="13.349875"/>
<trkpt lat="45.799870" lon="13.349928"/>
<trkpt lat="45.799819" lon="13.349967"/>
<trkpt lat="45.799770" lon="13.350001"/>
<trkpt lat="45.799723" lon="13.350030"/>
</trkseg>
<trkseg>
<trkpt lat="45.891882" lon="13.312946"/>
<trkpt lat="45.891724" lon="13.313243"/>
<trkpt lat="45.891657" lon="13.313303"/>
<trkpt lat="45.891569" lon="13.313317"/>
<trkpt lat="45.891473" lon="13.313288"/>
</trkseg>
<trkseg>
<trkpt lat="45.932560" lon="13.282160"/>
<trkpt lat="45.932599" lon="13.282317"/>
<trkpt lat="45.932623" lon="13.282446"/>
<trkpt lat="45.932627" lon="13.282495"/>
</trkseg>
<trkseg>
<trkpt lat="45.908083" lon="13.302058"/>
<trkpt lat="45.908014" lon="13.302083"/>
<trkpt lat="45.907902" lon="13.302131"/>
<trkpt lat="45.907802" lon="13.302166"/>
<trkpt lat="45.907745" lon="13.302186"/>
</trkseg>
<trkseg>
<trkpt lat="46.041900" lon="13.262382"/>
<trkpt lat="46.042173" lon="13.263302"/>
<trkpt lat="46.042373" lon="13.263924"/>
</trkseg>
<trkseg>
<trkpt lat="45.997927" lon="13.308443"/>
<trkpt lat="45.997993" lon="13.308556"/>
<trkpt lat="45.998068" lon="13.308641"/>
<trkpt lat="45.998248" lon="13.308774"/>
<trkpt lat="45.998871" lon="13.309151"/>
<trkpt lat="45.998978" lon="13.309251"/>
<trkpt lat="45.999048" lon="13.309336"/>
<trkpt lat="45.999097" lon="13.309325"/>
<trkpt lat="45.999181" lon="13.309334"/>
<trkpt lat="45.999349" lon="13.309329"/>
<trkpt lat="45.999474" lon="13.309308"/>
</trkseg>
<trkseg>
<trkpt lat="46.033799" lon="13.294872"/>
<trkpt lat="46.033890" lon="13.294831"/>
</trkseg>
<trkseg>
<trkpt lat="46.057333" lon="13.245354"/>
<trkpt lat="46.057297" lon="13.245338"/>
<trkpt lat="46.057264" lon="13.245324"/>
</trkseg>
<trkseg>
<trkpt lat="46.020153" lon="13.306540"/>
<trkpt lat="46.020233" lon="13.306602"/>
</trkseg>
<trkseg>
<trkpt lat="45.793216" lon="13.355029"/>
<trkpt lat="45.793178" lon="13.355050"/>
<trkpt lat="45.793160" lon="13.355061"/>
</trkseg>
<trkseg>
<trkpt lat="45.798833" lon="13.350717"/>
<trkpt lat="45.798813" lon="13.350418"/>
</trkseg>
<trkseg>
<trkpt lat="45.793132" lon="13.355076"/>
<trkpt lat="45.793093" lon="13.355099"/>
<trkpt lat="45.792955" lon="13.355176"/>
<trkpt lat="45.792815" lon="13.355256"/>
<trkpt lat="45.792184" lon="13.355614"/>
<trkpt lat="45.791870" lon="13.355793"/>
<trkpt lat="45.791552" lon="13.355965"/>
<trkpt lat="45.791281" lon="13.356117"/>
</trkseg>
<trkseg>
<trkpt lat="45.683778" lon="13.386312"/>
<trkpt lat="45.684560" lon="13.386212"/>
</trkseg>
<trkseg>
<trkpt lat="45.683451" lon="13.386353"/>
<trkpt lat="45.683778" lon="13.386312"/>
</trkseg>
<trkseg>
<trkpt lat="45.724860" lon="13.386300"/>
<trkpt lat="45.724582" lon="13.386261"/>
<trkpt lat="45.724295" lon="13.386223"/>
<trkpt lat="45.724007" lon="13.386184"/>
<trkpt lat="45.723302" lon="13.386074"/>
<trkpt lat="45.722950" lon="13.386015"/>
<trkpt lat="45.722774" lon="13.385989"/>
<trkpt lat="45.722600" lon="13.385962"/>
<trkpt lat="45.722249" lon="13.385901"/>
<trkpt lat="45.721900" lon="13.385841"/>
<trkpt lat="45.721554" lon="13.385783"/>
<trkpt lat="45.721008" lon="13.385699"/>
<trkpt lat="45.720459" lon="13.385625"/>
<trkpt lat="45.720029" lon="13.385566"/>
<trkpt lat="45.719603" lon="13.385511"/>
<trkpt lat="45.719180" lon="13.385458"/>
<trkpt lat="45.718969" lon="13.385429"/>
<trkpt lat="45.718755" lon="13.385400"/>
<trkpt lat="45.718468" lon="13.385361"/>
<trkpt lat="45.718191" lon="13.385323"/>
<trkpt lat="45.717827" lon="13.385255"/>
<trkpt lat="45.717601" lon="13.385206"/>
<trkpt lat="45.717376" lon="13.385157"/>
<trkpt lat="45.717011" lon="13.385070"/>
<trkpt lat="45.716453" lon="13.384938"/>
<trkpt lat="45.716169" lon="13.384866"/>
<trkpt lat="45.716027" lon="13.384837"/>
<trkpt lat="45.715887" lon="13.384817"/>
</trkseg>
<trkseg>
<trkpt lat="45.715446" lon="13.384710"/>
<trkpt lat="45.715286" lon="13.384657"/>
<trkpt lat="45.715200" lon="13.384630"/>
<trkpt lat="45.715112" lon="13.384611"/>
<trkpt lat="45.715001" lon="13.384604"/>
<trkpt lat="45.714935" lon="13.384616"/>
<trkpt lat="45.714894" lon="13.384621"/>
<trkpt lat="45.714872" lon="13.384618"/>
<trkpt lat="45.714833" lon="13.384607"/>
<trkpt lat="45.714799" lon="13.384591"/>
<trkpt lat="45.714744" lon="13.384542"/>
<trkpt lat="45.714685" lon="13.384503"/>
<trkpt lat="45.714600" lon="13.384481"/>
<trkpt lat="45.714014" lon="13.384337"/>
<trkpt lat="45.713724" lon="13.384265"/>
<trkpt lat="45.713433" lon="13.384194"/>
<trkpt lat="45.713066" lon="13.384101"/>
<trkpt lat="45.712694" lon="13.384013"/>
<trkpt lat="45.712152" lon="13.383878"/>
<trkpt lat="45.711884" lon="13.383809"/>
<trkpt lat="45.711613" lon="13.383744"/>
<trkpt lat="45.711151" lon="13.383628"/>
<trkpt lat="45.710686" lon="13.383513"/>
<trkpt lat="45.710633" lon="13.383501"/>
<trkpt lat="45.710575" lon="13.383501"/>
<trkpt lat="45.710495" lon="13.383500"/>
<trkpt lat="45.710409" lon="13.383490"/>
<trkpt lat="45.710324" lon="13.383468"/>
<trkpt lat="45.710257" lon="13.383443"/>
<trkpt lat="45.710186" lon="13.383408"/>
<trkpt lat="45.710118" lon="13.383377"/>
<trkpt lat="45.709705" lon="13.383271"/>
<trkpt lat="45.709293" lon="13.383168"/>
<trkpt lat="45.708858" lon="13.383061"/>
<trkpt lat="45.708427" lon="13.382955"/>
<trkpt lat="45.708131" lon="13.382883"/>
<trkpt lat="45.707982" lon="13.382849"/>
<trkpt lat="45.707832" lon="13.382821"/>
<trkpt lat="45.707566" lon="13.382774"/>
<trkpt lat="45.707301" lon="13.382733"/>
<trkpt lat="45.707030" lon="13.382699"/>
<trkpt lat="45.706763" lon="13.382676"/>
<trkpt lat="45.706503" lon="13.382653"/>
<trkpt lat="45.706113" lon="13.382639"/>
<trkpt lat="45.705815" lon="13.382634"/>
<trkpt lat="45.705521" lon="13.382635"/>
<trkpt lat="45.705352" lon="13.382639"/>
<trkpt lat="45.705183" lon="13.382644"/>
<trkpt lat="45.705017" lon="13.382649"/>
<trkpt lat="45.704853" lon="13.382667"/>
<trkpt lat="45.704662" lon="13.382680"/>
<trkpt lat="45.704473" lon="13.382701"/>
<trkpt lat="45.704146" lon="13.382743"/>
<trkpt lat="45.703817" lon="13.382785"/>
<trkpt lat="45.703321" lon="13.382851"/>
<trkpt lat="45.703072" lon="13.382883"/>
<trkpt lat="45.702821" lon="13.382918"/>
<trkpt lat="45.702319" lon="13.382984"/>
<trkpt lat="45.701838" lon="13.383049"/>
<trkpt lat="45.701595" lon="13.383079"/>
<trkpt lat="45.701333" lon="13.383116"/>
<trkpt lat="45.700947" lon="13.383168"/>
<trkpt lat="45.700561" lon="13.383218"/>
<trkpt lat="45.699500" lon="13.383362"/>
<trkpt lat="45.699336" lon="13.383385"/>
<trkpt lat="45.699258" lon="13.383403"/>
<trkpt lat="45.699183" lon="13.383433"/>
<trkpt lat="45.699121" lon="13.383452"/>
<trkpt lat="45.699073" lon="13.383454"/>
<trkpt lat="45.698984" lon="13.383437"/>
<trkpt lat="45.698942" lon="13.383433"/>
<trkpt lat="45.698762" lon="13.383458"/>
<trkpt lat="45.698322" lon="13.383519"/>
<trkpt lat="45.697584" lon="13.383615"/>
<trkpt lat="45.696816" lon="13.383717"/>
<trkpt lat="45.695997" lon="13.383828"/>
<trkpt lat="45.695130" lon="13.383946"/>
<trkpt lat="45.694336" lon="13.384049"/>
<trkpt lat="45.694290" lon="13.384063"/>
<trkpt lat="45.694233" lon="13.384088"/>
<trkpt lat="45.694168" lon="13.384110"/>
<trkpt lat="45.694128" lon="13.384114"/>
<trkpt lat="45.694089" lon="13.384109"/>
<trkpt lat="45.694026" lon="13.384105"/>
<trkpt lat="45.693963" lon="13.384098"/>
<trkpt lat="45.692646" lon="13.384273"/>
<trkpt lat="45.689596" lon="13.384681"/>
</trkseg>
<trkseg>
<trkpt lat="45.823347" lon="13.332326"/>
<trkpt lat="45.823061" lon="13.332321"/>
<trkpt lat="45.822896" lon="13.332297"/>
<trkpt lat="45.822803" lon="13.332282"/>
<trkpt lat="45.822405" lon="13.332242"/>
<trkpt lat="45.822274" lon="13.332247"/>
</trkseg>
<trkseg>
<trkpt lat="46.030961" lon="13.297564"/>
<trkpt lat="46.031011" lon="13.297457"/>
</trkseg>
<trkseg>
<trkpt lat="46.057035" lon="13.245290"/>
<trkpt lat="46.057021" lon="13.245285"/>
<trkpt lat="46.057006" lon="13.245285"/>
<trkpt lat="46.056744" lon="13.245402"/>
</trkseg>
<trkseg>
<trkpt lat="45.991041" lon="13.304623"/>
<trkpt lat="45.990969" lon="13.304607"/>
<trkpt lat="45.990845" lon="13.304556"/>
<trkpt lat="45.990723" lon="13.304469"/>
<trkpt lat="45.990633" lon="13.304317"/>
<trkpt lat="45.990426" lon="13.303848"/>
<trkpt lat="45.990317" lon="13.303580"/>
<trkpt lat="45.990131" lon="13.303216"/>
<trkpt lat="45.990001" lon="13.303008"/>
<trkpt lat="45.989875" lon="13.302874"/>
<trkpt lat="45.989705" lon="13.302776"/>
<trkpt lat="45.989442" lon="13.302687"/>
</trkseg>
<trkseg>
<trkpt lat="45.991041" lon="13.304623"/>
<trkpt lat="45.991167" lon="13.304698"/>
<trkpt lat="45.991259" lon="13.304736"/>
</trkseg>
<trkseg>
<trkpt lat="45.991303" lon="13.304792"/>
<trkpt lat="45.991334" lon="13.304830"/>
<trkpt lat="45.991351" lon="13.304851"/>
<trkpt lat="45.991407" lon="13.304931"/>
</trkseg>
<trkseg>
<trkpt lat="45.991407" lon="13.304931"/>
<trkpt lat="45.991828" lon="13.305574"/>
<trkpt lat="45.991967" lon="13.305848"/>
<trkpt lat="45.992133" lon="13.306251"/>
<trkpt lat="45.992207" lon="13.306407"/>
<trkpt lat="45.992313" lon="13.306589"/>
<trkpt lat="45.992391" lon="13.306706"/>
</trkseg>
<trkseg>
<trkpt lat="45.859852" lon="13.321798"/>
<trkpt lat="45.859679" lon="13.321806"/>
<trkpt lat="45.859343" lon="13.321828"/>
</trkseg>
<trkseg>
<trkpt lat="46.017591" lon="13.304916"/>
<trkpt lat="46.017649" lon="13.304897"/>
<trkpt lat="46.017698" lon="13.304901"/>
<trkpt lat="46.017747" lon="13.304926"/>
<trkpt lat="46.017828" lon="13.304981"/>
<trkpt lat="46.017896" lon="13.305029"/>
<trkpt lat="46.017956" lon="13.305063"/>
<trkpt lat="46.017989" lon="13.305086"/>
</trkseg>
<trkseg>
<trkpt lat="46.017254" lon="13.305431"/>
<trkpt lat="46.017240" lon="13.305309"/>
<trkpt lat="46.017231" lon="13.305233"/>
<trkpt lat="46.017241" lon="13.305164"/>
<trkpt lat="46.017282" lon="13.305115"/>
<trkpt lat="46.017375" lon="13.305035"/>
<trkpt lat="46.017445" lon="13.304987"/>
</trkseg>
<trkseg>
<trkpt lat="46.017445" lon="13.304987"/>
<trkpt lat="46.017591" lon="13.304916"/>
</trkseg>
<trkseg>
<trkpt lat="46.018065" lon="13.305184"/>
<trkpt lat="46.018051" lon="13.305137"/>
<trkpt lat="46.017989" lon="13.305086"/>
</trkseg>
<trkseg>
<trkpt lat="45.859852" lon="13.321798"/>
<trkpt lat="45.859900" lon="13.321743"/>
<trkpt lat="45.859918" lon="13.321696"/>
<trkpt lat="45.859934" lon="13.321623"/>
<trkpt lat="45.859950" lon="13.321564"/>
</trkseg>
<trkseg>
<trkpt lat="45.904761" lon="13.309883"/>
<trkpt lat="45.904744" lon="13.310429"/>
<trkpt lat="45.905014" lon="13.310671"/>
<trkpt lat="45.905289" lon="13.310915"/>
<trkpt lat="45.905607" lon="13.310685"/>
<trkpt lat="45.905908" lon="13.310463"/>
<trkpt lat="45.905928" lon="13.309984"/>
<trkpt lat="45.905945" lon="13.309484"/>
<trkpt lat="45.905666" lon="13.309225"/>
</trkseg>
<trkseg>
<trkpt lat="45.681464" lon="13.386989"/>
<trkpt lat="45.681501" lon="13.386944"/>
<trkpt lat="45.681527" lon="13.386889"/>
<trkpt lat="45.681546" lon="13.386828"/>
</trkseg>
<trkseg>
<trkpt lat="46.057854" lon="13.244943"/>
<trkpt lat="46.057965" lon="13.244856"/>
<trkpt lat="46.058027" lon="13.244766"/>
</trkseg>
<trkseg>
<trkpt lat="46.041459" lon="13.268004"/>
<trkpt lat="46.041594" lon="13.267668"/>
<trkpt lat="46.041690" lon="13.267420"/>
<trkpt lat="46.041832" lon="13.267044"/>
<trkpt lat="46.041894" lon="13.266882"/>
<trkpt lat="46.041942" lon="13.266718"/>
<trkpt lat="46.041975" lon="13.266580"/>
<trkpt lat="46.042015" lon="13.266323"/>
<trkpt lat="46.042324" lon="13.264295"/>
<trkpt lat="46.042365" lon="13.264112"/>
<trkpt lat="46.042384" lon="13.264019"/>
<trkpt lat="46.042382" lon="13.263976"/>
<trkpt lat="46.042373" lon="13.263924"/>
</trkseg>
<trkseg>
<trkpt lat="45.954578" lon="13.282879"/>
<trkpt lat="45.954475" lon="13.282856"/>
</trkseg>
<trkseg>
<trkpt lat="45.953145" lon="13.307924"/>
<trkpt lat="45.953660" lon="13.307733"/>
<trkpt lat="45.954019" lon="13.307588"/>
<trkpt lat="45.954319" lon="13.307456"/>
<trkpt lat="45.954652" lon="13.307291"/>
<trkpt lat="45.955194" lon="13.306981"/>
<trkpt lat="45.955790" lon="13.306645"/>
<trkpt lat="45.956738" lon="13.306113"/>
<trkpt lat="45.956995" lon="13.305973"/>
<trkpt lat="45.957238" lon="13.305814"/>
<trkpt lat="45.957345" lon="13.305704"/>
<trkpt lat="45.957490" lon="13.305483"/>
<trkpt lat="45.957684" lon="13.305182"/>
<trkpt lat="45.957901" lon="13.304962"/>
<trkpt lat="45.958717" lon="13.304466"/>
<trkpt lat="45.959665" lon="13.303877"/>
</trkseg>
<trkseg>
<trkpt lat="45.924834" lon="13.294739"/>
<trkpt lat="45.924979" lon="13.294682"/>
<trkpt lat="45.925093" lon="13.294636"/>
<trkpt lat="45.925267" lon="13.294555"/>
<trkpt lat="45.925400" lon="13.294485"/>
<trkpt lat="45.925577" lon="13.294356"/>
<trkpt lat="45.925736" lon="13.294215"/>
<trkpt lat="45.925945" lon="13.294027"/>
<trkpt lat="45.926157" lon="13.293881"/>
<trkpt lat="45.926594" lon="13.293760"/>
<trkpt lat="45.926648" lon="13.293745"/>
<trkpt lat="45.926940" lon="13.293659"/>
<trkpt lat="45.927420" lon="13.293445"/>
<trkpt lat="45.927816" lon="13.293234"/>
<trkpt lat="45.927891" lon="13.293188"/>
<trkpt lat="45.927947" lon="13.293153"/>
<trkpt lat="45.928118" lon="13.293048"/>
<trkpt lat="45.928398" lon="13.292899"/>
<trkpt lat="45.928648" lon="13.292790"/>
<trkpt lat="45.928831" lon="13.292753"/>
<trkpt lat="45.929035" lon="13.292727"/>
<trkpt lat="45.929359" lon="13.292701"/>
</trkseg>
<trkseg>
<trkpt lat="45.911811" lon="13.298160"/>
<trkpt lat="45.911720" lon="13.297633"/>
<trkpt lat="45.911640" lon="13.297134"/>
<trkpt lat="45.911595" lon="13.296999"/>
<trkpt lat="45.911522" lon="13.296852"/>
</trkseg>
<trkseg>
<trkpt lat="45.912114" lon="13.298983"/>
<trkpt lat="45.911971" lon="13.298803"/>
<trkpt lat="45.911941" lon="13.298803"/>
<trkpt lat="45.911911" lon="13.298804"/>
</trkseg>
<trkseg>
<trkpt lat="45.908139" lon="13.301929"/>
<trkpt lat="45.908166" lon="13.302029"/>
</trkseg>
<trkseg>
<trkpt lat="45.900922" lon="13.309564"/>
<trkpt lat="45.900872" lon="13.309560"/>
<trkpt lat="45.900566" lon="13.309539"/>
</trkseg>
<trkseg>
<trkpt lat="45.907667" lon="13.304784"/>
<trkpt lat="45.907624" lon="13.304878"/>
</trkseg>
<trkseg>
<trkpt lat="45.932627" lon="13.282495"/>
<trkpt lat="45.932617" lon="13.282573"/>
<trkpt lat="45.932581" lon="13.282832"/>
<trkpt lat="45.932552" lon="13.283021"/>
<trkpt lat="45.932546" lon="13.283210"/>
<trkpt lat="45.932587" lon="13.283691"/>
<trkpt lat="45.932665" lon="13.284188"/>
<trkpt lat="45.932718" lon="13.284590"/>
<trkpt lat="45.932815" lon="13.285050"/>
<trkpt lat="45.932856" lon="13.285441"/>
<trkpt lat="45.932884" lon="13.285997"/>
<trkpt lat="45.932895" lon="13.286203"/>
<trkpt lat="45.932930" lon="13.286769"/>
<trkpt lat="45.932974" lon="13.287664"/>
<trkpt lat="45.932980" lon="13.287767"/>
</trkseg>
<trkseg>
<trkpt lat="45.731517" lon="13.388915"/>
<trkpt lat="45.731488" lon="13.388912"/>
<trkpt lat="45.731439" lon="13.388907"/>
<trkpt lat="45.731316" lon="13.388890"/>
<trkpt lat="45.731173" lon="13.388867"/>
<trkpt lat="45.731025" lon="13.388837"/>
<trkpt lat="45.730913" lon="13.388792"/>
<trkpt lat="45.730790" lon="13.388740"/>
<trkpt lat="45.730616" lon="13.388654"/>
<trkpt lat="45.730505" lon="13.388615"/>
<trkpt lat="45.730142" lon="13.388525"/>
<trkpt lat="45.729920" lon="13.388472"/>
<trkpt lat="45.729749" lon="13.388429"/>
<trkpt lat="45.729577" lon="13.388380"/>
<trkpt lat="45.729191" lon="13.388263"/>
<trkpt lat="45.728936" lon="13.388191"/>
<trkpt lat="45.728651" lon="13.388119"/>
</trkseg>
<trkseg>
<trkpt lat="45.831348" lon="13.332928"/>
<trkpt lat="45.831337" lon="13.332933"/>
<trkpt lat="45.830908" lon="13.332994"/>
<trkpt lat="45.830672" lon="13.333032"/>
<trkpt lat="45.830466" lon="13.333057"/>
<trkpt lat="45.830453" lon="13.333057"/>
<trkpt lat="45.830337" lon="13.333054"/>
<trkpt lat="45.830182" lon="13.333036"/>
<trkpt lat="45.830117" lon="13.333011"/>
<trkpt lat="45.830027" lon="13.332962"/>
<trkpt lat="45.829956" lon="13.332907"/>
<trkpt lat="45.829898" lon="13.332862"/>
<trkpt lat="45.829852" lon="13.332842"/>
<trkpt lat="45.829814" lon="13.332815"/>
<trkpt lat="45.829766" lon="13.332764"/>
</trkseg>
<trkseg>
<trkpt lat="46.062599" lon="13.237921"/>
<trkpt lat="46.062348" lon="13.238360"/>
<trkpt lat="46.062039" lon="13.238881"/>
<trkpt lat="46.061838" lon="13.239201"/>
<trkpt lat="46.061630" lon="13.239582"/>
<trkpt lat="46.061572" lon="13.239691"/>
</trkseg>
<trkseg>
<trkpt lat="45.678593" lon="13.387483"/>
<trkpt lat="45.678536" lon="13.387415"/>
<trkpt lat="45.678220" lon="13.387033"/>
<trkpt lat="45.678166" lon="13.386964"/>
</trkseg>
<trkseg>
<trkpt lat="45.954521" lon="13.266748"/>
<trkpt lat="45.954694" lon="13.266909"/>
<trkpt lat="45.954842" lon="13.267062"/>
<trkpt lat="45.954972" lon="13.267209"/>
<trkpt lat="45.955014" lon="13.267255"/>
</trkseg>
<trkseg>
<trkpt lat="45.966314" lon="13.296228"/>
<trkpt lat="45.966477" lon="13.296136"/>
<trkpt lat="45.966617" lon="13.296066"/>
<trkpt lat="45.966789" lon="13.296077"/>
</trkseg>
<trkseg>
<trkpt lat="46.046395" lon="13.256694"/>
<trkpt lat="46.046276" lon="13.256775"/>
<trkpt lat="46.046077" lon="13.256925"/>
<trkpt lat="46.045853" lon="13.257096"/>
<trkpt lat="46.045612" lon="13.257302"/>
<trkpt lat="46.045358" lon="13.257536"/>
<trkpt lat="46.044955" lon="13.257924"/>
<trkpt lat="46.044447" lon="13.258507"/>
<trkpt lat="46.043856" lon="13.259315"/>
</trkseg>
<trkseg>
<trkpt lat="46.043856" lon="13.259315"/>
<trkpt lat="46.043085" lon="13.260233"/>
<trkpt lat="46.042962" lon="13.260348"/>
<trkpt lat="46.042865" lon="13.260419"/>
<trkpt lat="46.042771" lon="13.260470"/>
<trkpt lat="46.042598" lon="13.260542"/>
<trkpt lat="46.041726" lon="13.260903"/>
<trkpt lat="46.041695" lon="13.260917"/>
<trkpt lat="46.041665" lon="13.260938"/>
<trkpt lat="46.041648" lon="13.260962"/>
<trkpt lat="46.041634" lon="13.260995"/>
<trkpt lat="46.041625" lon="13.261040"/>
<trkpt lat="46.041620" lon="13.261105"/>
<trkpt lat="46.041624" lon="13.261202"/>
<trkpt lat="46.041633" lon="13.261319"/>
<trkpt lat="46.041656" lon="13.261488"/>
<trkpt lat="46.041679" lon="13.261628"/>
<trkpt lat="46.041710" lon="13.261764"/>
<trkpt lat="46.041900" lon="13.262382"/>
</trkseg>
<trkseg>
<trkpt lat="46.053509" lon="13.251453"/>
<trkpt lat="46.053638" lon="13.251249"/>
</trkseg>
<trkseg>
<trkpt lat="46.053147" lon="13.252042"/>
<trkpt lat="46.053203" lon="13.251951"/>
<trkpt lat="46.053509" lon="13.251453"/>
</trkseg>
<trkseg>
<trkpt lat="46.017217" lon="13.305817"/>
<trkpt lat="46.017261" lon="13.306074"/>
<trkpt lat="46.017259" lon="13.306291"/>
<trkpt lat="46.017221" lon="13.306552"/>
</trkseg>
<trkseg>
<trkpt lat="45.861620" lon="13.322645"/>
<trkpt lat="45.861619" lon="13.322551"/>
</trkseg>
<trkseg>
<trkpt lat="45.861619" lon="13.322551"/>
<trkpt lat="45.861619" lon="13.322540"/>
<trkpt lat="45.861619" lon="13.322486"/>
</trkseg>
<trkseg>
<trkpt lat="45.829037" lon="13.333366"/>
<trkpt lat="45.829083" lon="13.333355"/>
</trkseg>
<trkseg>
<trkpt lat="45.678910" lon="13.387842"/>
<trkpt lat="45.678675" lon="13.387576"/>
<trkpt lat="45.678593" lon="13.387483"/>
</trkseg>
<trkseg>
<trkpt lat="46.056239" lon="13.247128"/>
<trkpt lat="46.056269" lon="13.247253"/>
<trkpt lat="46.055346" lon="13.248557"/>
<trkpt lat="46.055331" lon="13.248572"/>
<trkpt lat="46.055318" lon="13.248577"/>
<trkpt lat="46.055306" lon="13.248577"/>
</trkseg>
<trkseg>
<trkpt lat="46.055306" lon="13.248577"/>
<trkpt lat="46.055293" lon="13.248605"/>
<trkpt lat="46.055281" lon="13.248629"/>
</trkseg>
<trkseg>
<trkpt lat="46.055256" lon="13.248672"/>
<trkpt lat="46.055229" lon="13.248704"/>
<trkpt lat="46.055195" lon="13.248745"/>
<trkpt lat="46.055174" lon="13.248770"/>
</trkseg>
<trkseg>
<trkpt lat="46.055127" lon="13.248840"/>
<trkpt lat="46.054948" lon="13.249104"/>
<trkpt lat="46.054904" lon="13.249168"/>
<trkpt lat="46.054865" lon="13.249225"/>
<trkpt lat="46.054476" lon="13.249797"/>
</trkseg>
<trkseg>
<trkpt lat="46.054380" lon="13.249940"/>
<trkpt lat="46.054325" lon="13.250025"/>
<trkpt lat="46.054252" lon="13.250144"/>
<trkpt lat="46.054250" lon="13.250277"/>
</trkseg>
<trkseg>
<trkpt lat="46.051697" lon="13.253395"/>
<trkpt lat="46.051735" lon="13.253311"/>
<trkpt lat="46.051940" lon="13.253147"/>
<trkpt lat="46.052614" lon="13.252606"/>
<trkpt lat="46.052646" lon="13.252432"/>
</trkseg>
<trkseg>
<trkpt lat="46.052646" lon="13.252432"/>
<trkpt lat="46.052700" lon="13.252375"/>
<trkpt lat="46.052731" lon="13.252343"/>
</trkseg>
<trkseg>
<trkpt lat="46.052731" lon="13.252343"/>
<trkpt lat="46.052748" lon="13.252366"/>
<trkpt lat="46.052850" lon="13.252381"/>
<trkpt lat="46.052922" lon="13.252284"/>
</trkseg>
<trkseg>
<trkpt lat="46.052922" lon="13.252284"/>
<trkpt lat="46.052962" lon="13.252342"/>
</trkseg>
<trkseg>
<trkpt lat="46.053147" lon="13.252042"/>
<trkpt lat="46.052962" lon="13.252342"/>
</trkseg>
<trkseg>
<trkpt lat="46.053638" lon="13.251249"/>
<trkpt lat="46.053708" lon="13.251137"/>
<trkpt lat="46.054027" lon="13.250630"/>
<trkpt lat="46.054250" lon="13.250277"/>
</trkseg>
<trkseg>
<trkpt lat="46.017217" lon="13.305817"/>
<trkpt lat="46.017248" lon="13.305607"/>
<trkpt lat="46.017259" lon="13.305481"/>
<trkpt lat="46.017254" lon="13.305431"/>
</trkseg>
<trkseg>
<trkpt lat="46.018566" lon="13.305445"/>
<trkpt lat="46.018539" lon="13.305455"/>
<trkpt lat="46.018508" lon="13.305454"/>
<trkpt lat="46.018482" lon="13.305449"/>
<trkpt lat="46.018448" lon="13.305433"/>
<trkpt lat="46.018260" lon="13.305312"/>
<trkpt lat="46.018065" lon="13.305184"/>
</trkseg>
<trkseg>
<trkpt lat="45.770716" lon="13.371427"/>
<trkpt lat="45.770610" lon="13.371643"/>
<trkpt lat="45.770570" lon="13.371720"/>
<trkpt lat="45.770526" lon="13.371798"/>
<trkpt lat="45.770479" lon="13.371876"/>
<trkpt lat="45.770433" lon="13.371947"/>
<trkpt lat="45.770361" lon="13.372048"/>
<trkpt lat="45.770285" lon="13.372146"/>
<trkpt lat="45.770183" lon="13.372254"/>
<trkpt lat="45.770061" lon="13.372372"/>
<trkpt lat="45.769962" lon="13.372455"/>
<trkpt lat="45.769859" lon="13.372528"/>
<trkpt lat="45.769747" lon="13.372595"/>
<trkpt lat="45.769679" lon="13.372628"/>
<trkpt lat="45.769609" lon="13.372662"/>
<trkpt lat="45.769496" lon="13.372698"/>
<trkpt lat="45.769367" lon="13.372727"/>
<trkpt lat="45.769243" lon="13.372748"/>
<trkpt lat="45.769180" lon="13.372756"/>
<trkpt lat="45.769117" lon="13.372755"/>
<trkpt lat="45.769025" lon="13.372752"/>
<trkpt lat="45.768930" lon="13.372743"/>
</trkseg>
<trkseg>
<trkpt lat="46.026924" lon="13.299261"/>
<trkpt lat="46.026689" lon="13.299545"/>
<trkpt lat="46.026557" lon="13.299709"/>
<trkpt lat="46.026415" lon="13.299897"/>
<trkpt lat="46.026288" lon="13.300035"/>
<trkpt lat="46.026251" lon="13.300065"/>
</trkseg>
<trkseg>
<trkpt lat="46.063270" lon="13.235884"/>
<trkpt lat="46.063222" lon="13.236063"/>
<trkpt lat="46.063213" lon="13.236126"/>
<trkpt lat="46.063213" lon="13.236191"/>
<trkpt lat="46.063221" lon="13.236262"/>
<trkpt lat="46.063237" lon="13.236344"/>
</trkseg>
<trkseg>
<trkpt lat="45.829617" lon="13.332851"/>
<trkpt lat="45.829620" lon="13.332871"/>
<trkpt lat="45.829616" lon="13.332973"/>
<trkpt lat="45.829584" lon="13.333069"/>
<trkpt lat="45.829565" lon="13.333104"/>
<trkpt lat="45.829524" lon="13.333153"/>
<trkpt lat="45.829507" lon="13.333166"/>
<trkpt lat="45.829436" lon="13.333220"/>
<trkpt lat="45.829364" lon="13.333239"/>
</trkseg>
<trkseg>
<trkpt lat="45.678166" lon="13.386964"/>
<trkpt lat="45.678041" lon="13.386770"/>
<trkpt lat="45.677826" lon="13.386475"/>
<trkpt lat="45.677810" lon="13.386426"/>
<trkpt lat="45.677805" lon="13.386370"/>
<trkpt lat="45.677815" lon="13.386318"/>
<trkpt lat="45.677840" lon="13.386277"/>
<trkpt lat="45.678141" lon="13.385937"/>
<trkpt lat="45.678150" lon="13.385924"/>
<trkpt lat="45.678166" lon="13.385903"/>
<trkpt lat="45.678188" lon="13.385865"/>
<trkpt lat="45.678197" lon="13.385844"/>
<trkpt lat="45.678203" lon="13.385819"/>
<trkpt lat="45.678208" lon="13.385791"/>
<trkpt lat="45.678210" lon="13.385761"/>
<trkpt lat="45.678210" lon="13.385733"/>
<trkpt lat="45.678208" lon="13.385705"/>
<trkpt lat="45.678203" lon="13.385678"/>
<trkpt lat="45.678195" lon="13.385653"/>
<trkpt lat="45.678155" lon="13.385578"/>
</trkseg>
<trkseg>
<trkpt lat="45.678155" lon="13.385578"/>
<trkpt lat="45.677983" lon="13.385258"/>
<trkpt lat="45.677963" lon="13.385201"/>
<trkpt lat="45.677957" lon="13.385158"/>
<trkpt lat="45.677956" lon="13.385111"/>
<trkpt lat="45.677959" lon="13.385066"/>
<trkpt lat="45.678077" lon="13.384419"/>
<trkpt lat="45.678113" lon="13.384234"/>
</trkseg>
<trkseg>
<trkpt lat="45.678227" lon="13.383715"/>
<trkpt lat="45.678230" lon="13.383749"/>
<trkpt lat="45.678230" lon="13.383765"/>
<trkpt lat="45.678227" lon="13.383780"/>
<trkpt lat="45.678182" lon="13.383950"/>
<trkpt lat="45.678113" lon="13.384234"/>
</trkseg>
<trkseg>
<trkpt lat="45.678066" lon="13.383290"/>
<trkpt lat="45.678179" lon="13.383589"/>
<trkpt lat="45.678227" lon="13.383715"/>
</trkseg>
<trkseg>
<trkpt lat="45.678066" lon="13.383290"/>
<trkpt lat="45.677963" lon="13.383043"/>
<trkpt lat="45.677916" lon="13.382931"/>
</trkseg>
<trkseg>
<trkpt lat="45.678932" lon="13.388198"/>
<trkpt lat="45.678951" lon="13.388244"/>
<trkpt lat="45.678972" lon="13.388291"/>
<trkpt lat="45.678983" lon="13.388323"/>
</trkseg>
<trkseg>
<trkpt lat="45.679626" lon="13.388029"/>
<trkpt lat="45.679763" lon="13.388021"/>
<trkpt lat="45.680388" lon="13.387951"/>
<trkpt lat="45.680915" lon="13.387886"/>
<trkpt lat="45.680988" lon="13.387874"/>
<trkpt lat="45.681038" lon="13.387868"/>
<trkpt lat="45.681080" lon="13.387847"/>
<trkpt lat="45.681128" lon="13.387813"/>
<trkpt lat="45.681172" lon="13.387770"/>
<trkpt lat="45.681199" lon="13.387716"/>
</trkseg>
<trkseg>
<trkpt lat="45.679341" lon="13.387957"/>
<trkpt lat="45.679350" lon="13.388004"/>
<trkpt lat="45.679354" lon="13.388052"/>
</trkseg>
<trkseg>
<trkpt lat="45.679281" lon="13.388328"/>
<trkpt lat="45.679276" lon="13.388290"/>
<trkpt lat="45.679273" lon="13.388249"/>
<trkpt lat="45.679276" lon="13.388223"/>
<trkpt lat="45.679282" lon="13.388198"/>
<trkpt lat="45.679290" lon="13.388179"/>
<trkpt lat="45.679301" lon="13.388157"/>
</trkseg>
<trkseg>
<trkpt lat="45.678946" lon="13.387916"/>
<trkpt lat="45.678936" lon="13.387976"/>
<trkpt lat="45.678931" lon="13.388026"/>
<trkpt lat="45.678923" lon="13.388078"/>
<trkpt lat="45.678921" lon="13.388133"/>
<trkpt lat="45.678921" lon="13.388141"/>
<trkpt lat="45.678922" lon="13.388160"/>
<trkpt lat="45.678924" lon="13.388175"/>
</trkseg>
<trkseg>
<trkpt lat="45.852782" lon="13.321161"/>
<trkpt lat="45.852733" lon="13.321187"/>
<trkpt lat="45.852561" lon="13.321129"/>
<trkpt lat="45.852452" lon="13.321104"/>
<trkpt lat="45.852257" lon="13.321123"/>
<trkpt lat="45.852158" lon="13.321189"/>
<trkpt lat="45.852078" lon="13.321253"/>
<trkpt lat="45.851326" lon="13.321682"/>
<trkpt lat="45.851075" lon="13.321834"/>
<trkpt lat="45.849967" lon="13.322504"/>
<trkpt lat="45.849000" lon="13.323015"/>
<trkpt lat="45.847285" lon="13.323971"/>
<trkpt lat="45.847250" lon="13.324024"/>
<trkpt lat="45.847239" lon="13.324068"/>
<trkpt lat="45.847243" lon="13.324112"/>
<trkpt lat="45.847235" lon="13.324141"/>
<trkpt lat="45.847179" lon="13.324172"/>
<trkpt lat="45.847136" lon="13.324201"/>
<trkpt lat="45.847114" lon="13.324197"/>
<trkpt lat="45.847092" lon="13.324159"/>
<trkpt lat="45.847061" lon="13.324133"/>
<trkpt lat="45.847026" lon="13.324127"/>
<trkpt lat="45.846008" lon="13.324671"/>
<trkpt lat="45.845694" lon="13.324852"/>
<trkpt lat="45.845196" lon="13.325139"/>
<trkpt lat="45.845068" lon="13.325266"/>
<trkpt lat="45.843853" lon="13.325939"/>
<trkpt lat="45.843496" lon="13.326137"/>
<trkpt lat="45.842692" lon="13.326584"/>
<trkpt lat="45.840199" lon="13.327966"/>
<trkpt lat="45.840175" lon="13.328004"/>
<trkpt lat="45.839742" lon="13.328242"/>
<trkpt lat="45.839241" lon="13.328512"/>
<trkpt lat="45.839097" lon="13.328602"/>
<trkpt lat="45.839064" lon="13.328643"/>
<trkpt lat="45.839034" lon="13.328712"/>
<trkpt lat="45.838999" lon="13.328793"/>
<trkpt lat="45.838985" lon="13.328908"/>
<trkpt lat="45.839047" lon="13.329115"/>
<trkpt lat="45.839012" lon="13.329147"/>
<trkpt lat="45.838968" lon="13.329188"/>
<trkpt lat="45.838863" lon="13.329015"/>
<trkpt lat="45.838819" lon="13.328973"/>
<trkpt lat="45.838764" lon="13.328951"/>
<trkpt lat="45.838681" lon="13.328901"/>
<trkpt lat="45.838621" lon="13.328891"/>
<trkpt lat="45.838552" lon="13.328909"/>
<trkpt lat="45.837866" lon="13.329284"/>
<trkpt lat="45.836562" lon="13.330004"/>
<trkpt lat="45.836449" lon="13.330003"/>
<trkpt lat="45.836291" lon="13.330090"/>
<trkpt lat="45.835575" lon="13.330492"/>
<trkpt lat="45.835563" lon="13.330544"/>
<trkpt lat="45.835493" lon="13.330620"/>
<trkpt lat="45.835438" lon="13.330671"/>
<trkpt lat="45.835339" lon="13.330673"/>
<trkpt lat="45.835231" lon="13.330703"/>
<trkpt lat="45.833422" lon="13.331869"/>
<trkpt lat="45.833318" lon="13.331964"/>
<trkpt lat="45.832740" lon="13.332348"/>
<trkpt lat="45.832613" lon="13.332377"/>
<trkpt lat="45.832327" lon="13.332575"/>
<trkpt lat="45.831814" lon="13.332886"/>
<trkpt lat="45.831693" lon="13.332940"/>
<trkpt lat="45.831545" lon="13.332989"/>
<trkpt lat="45.831402" lon="13.333017"/>
</trkseg>
<trkseg>
<trkpt lat="45.991259" lon="13.304736"/>
<trkpt lat="45.991276" lon="13.304774"/>
<trkpt lat="45.991303" lon="13.304792"/>
</trkseg>
<trkseg>
<trkpt lat="45.991370" lon="13.304755"/>
<trkpt lat="45.991377" lon="13.304718"/>
<trkpt lat="45.991378" lon="13.304691"/>
<trkpt lat="45.991372" lon="13.304657"/>
<trkpt lat="45.991355" lon="13.304630"/>
<trkpt lat="45.991343" lon="13.304620"/>
<trkpt lat="45.991323" lon="13.304611"/>
<trkpt lat="45.991300" lon="13.304614"/>
<trkpt lat="45.991277" lon="13.304628"/>
</trkseg>
<trkseg>
<trkpt lat="45.859343" lon="13.321828"/>
<trkpt lat="45.857971" lon="13.321899"/>
<trkpt lat="45.856072" lon="13.321992"/>
<trkpt lat="45.855644" lon="13.322020"/>
<trkpt lat="45.855280" lon="13.322028"/>
<trkpt lat="45.855077" lon="13.321998"/>
<trkpt lat="45.855030" lon="13.321990"/>
<trkpt lat="45.854926" lon="13.321958"/>
<trkpt lat="45.854417" lon="13.321764"/>
</trkseg>
<trkseg>
<trkpt lat="45.907527" lon="13.302898"/>
<trkpt lat="45.907564" lon="13.303121"/>
<trkpt lat="45.907630" lon="13.303313"/>
</trkseg>
<trkseg>
<trkpt lat="45.900435" lon="13.309529"/>
<trkpt lat="45.900432" lon="13.309580"/>
<trkpt lat="45.900398" lon="13.309650"/>
<trkpt lat="45.900341" lon="13.309771"/>
<trkpt lat="45.900319" lon="13.309818"/>
<trkpt lat="45.900305" lon="13.309883"/>
<trkpt lat="45.900309" lon="13.310064"/>
<trkpt lat="45.900298" lon="13.310140"/>
<trkpt lat="45.900267" lon="13.310174"/>
<trkpt lat="45.900208" lon="13.310199"/>
<trkpt lat="45.900175" lon="13.310212"/>
<trkpt lat="45.900156" lon="13.310247"/>
<trkpt lat="45.900134" lon="13.310317"/>
<trkpt lat="45.900122" lon="13.310402"/>
<trkpt lat="45.900089" lon="13.310483"/>
<trkpt lat="45.900006" lon="13.310626"/>
</trkseg>
<trkseg>
<trkpt lat="45.860329" lon="13.321895"/>
<trkpt lat="45.860304" lon="13.321876"/>
<trkpt lat="45.860169" lon="13.321776"/>
</trkseg>
<trkseg>
<trkpt lat="45.824306" lon="13.334027"/>
<trkpt lat="45.824382" lon="13.334050"/>
<trkpt lat="45.824466" lon="13.334059"/>
</trkseg>
<trkseg>
<trkpt lat="45.824084" lon="13.332405"/>
<trkpt lat="45.824053" lon="13.332381"/>
<trkpt lat="45.824012" lon="13.332347"/>
<trkpt lat="45.823978" lon="13.332331"/>
<trkpt lat="45.823937" lon="13.332320"/>
<trkpt lat="45.823347" lon="13.332326"/>
</trkseg>
<trkseg>
<trkpt lat="45.798813" lon="13.350418"/>
<trkpt lat="45.798811" lon="13.350373"/>
</trkseg>
<trkseg>
<trkpt lat="45.798774" lon="13.350723"/>
<trkpt lat="45.798833" lon="13.350717"/>
</trkseg>
<trkseg>
<trkpt lat="45.675454" lon="13.385296"/>
<trkpt lat="45.675429" lon="13.385327"/>
<trkpt lat="45.675406" lon="13.385401"/>
<trkpt lat="45.675393" lon="13.385471"/>
<trkpt lat="45.675352" lon="13.385697"/>
<trkpt lat="45.675352" lon="13.385765"/>
<trkpt lat="45.675358" lon="13.385840"/>
<trkpt lat="45.675394" lon="13.386296"/>
<trkpt lat="45.675420" lon="13.386634"/>
<trkpt lat="45.675425" lon="13.386699"/>
</trkseg>
<trkseg>
<trkpt lat="45.675425" lon="13.386699"/>
<trkpt lat="45.675429" lon="13.386778"/>
<trkpt lat="45.675447" lon="13.386998"/>
<trkpt lat="45.675459" lon="13.387037"/>
<trkpt lat="45.675478" lon="13.387065"/>
<trkpt lat="45.675500" lon="13.387081"/>
</trkseg>
<trkseg>
<trkpt lat="45.825716" lon="13.333922"/>
<trkpt lat="45.825940" lon="13.333875"/>
<trkpt lat="45.826353" lon="13.333810"/>
<trkpt lat="45.826672" lon="13.333754"/>
<trkpt lat="45.826930" lon="13.333707"/>
<trkpt lat="45.827000" lon="13.333694"/>
<trkpt lat="45.827769" lon="13.333557"/>
<trkpt lat="45.828404" lon="13.333451"/>
<trkpt lat="45.828550" lon="13.333426"/>
<trkpt lat="45.829037" lon="13.333366"/>
</trkseg>
<trkseg>
<trkpt lat="45.829364" lon="13.333239"/>
<trkpt lat="45.829318" lon="13.333252"/>
<trkpt lat="45.829074" lon="13.333285"/>
</trkseg>
<trkseg>
<trkpt lat="45.793160" lon="13.355061"/>
<trkpt lat="45.793132" lon="13.355076"/>
</trkseg>
<trkseg>
<trkpt lat="45.780413" lon="13.362234"/>
<trkpt lat="45.779556" lon="13.362705"/>
<trkpt lat="45.778983" lon="13.363024"/>
<trkpt lat="45.778697" lon="13.363184"/>
<trkpt lat="45.778411" lon="13.363337"/>
<trkpt lat="45.778210" lon="13.363452"/>
<trkpt lat="45.778004" lon="13.363565"/>
<trkpt lat="45.777912" lon="13.363615"/>
<trkpt lat="45.777865" lon="13.363641"/>
<trkpt lat="45.777856" lon="13.363646"/>
<trkpt lat="45.777812" lon="13.363672"/>
<trkpt lat="45.777788" lon="13.363685"/>
<trkpt lat="45.777421" lon="13.363878"/>
<trkpt lat="45.777145" lon="13.364064"/>
<trkpt lat="45.776801" lon="13.364326"/>
<trkpt lat="45.776579" lon="13.364523"/>
<trkpt lat="45.776352" lon="13.364739"/>
<trkpt lat="45.775909" lon="13.365160"/>
<trkpt lat="45.775794" lon="13.365272"/>
<trkpt lat="45.775681" lon="13.365390"/>
<trkpt lat="45.775600" lon="13.365470"/>
<trkpt lat="45.775532" lon="13.365519"/>
<trkpt lat="45.775472" lon="13.365567"/>
<trkpt lat="45.775448" lon="13.365589"/>
<trkpt lat="45.775417" lon="13.365612"/>
<trkpt lat="45.775314" lon="13.365689"/>
<trkpt lat="45.775125" lon="13.365842"/>
<trkpt lat="45.774935" lon="13.365981"/>
<trkpt lat="45.774869" lon="13.366027"/>
<trkpt lat="45.774641" lon="13.366179"/>
<trkpt lat="45.774557" lon="13.366229"/>
<trkpt lat="45.774546" lon="13.366237"/>
<trkpt lat="45.774515" lon="13.366257"/>
</trkseg>
<trkseg>
<trkpt lat="46.018566" lon="13.305445"/>
<trkpt lat="46.018581" lon="13.305509"/>
<trkpt lat="46.018593" lon="13.305544"/>
<trkpt lat="46.018613" lon="13.305572"/>
<trkpt lat="46.018779" lon="13.305675"/>
<trkpt lat="46.018957" lon="13.305800"/>
<trkpt lat="46.019057" lon="13.305898"/>
<trkpt lat="46.019107" lon="13.305939"/>
<trkpt lat="46.020128" lon="13.306597"/>
<trkpt lat="46.020233" lon="13.306602"/>
</trkseg>
<trkseg>
<trkpt lat="46.020153" lon="13.306540"/>
<trkpt lat="46.020128" lon="13.306597"/>
</trkseg>
<trkseg>
<trkpt lat="45.678910" lon="13.387842"/>
<trkpt lat="45.678946" lon="13.387916"/>
</trkseg>
<trkseg>
<trkpt lat="45.678924" lon="13.388175"/>
<trkpt lat="45.678928" lon="13.388185"/>
<trkpt lat="45.678932" lon="13.388198"/>
</trkseg>
<trkseg>
<trkpt lat="45.678983" lon="13.388323"/>
<trkpt lat="45.679020" lon="13.388301"/>
<trkpt lat="45.679060" lon="13.388305"/>
<trkpt lat="45.679102" lon="13.388313"/>
<trkpt lat="45.679139" lon="13.388334"/>
<trkpt lat="45.679169" lon="13.388357"/>
<trkpt lat="45.679202" lon="13.388394"/>
</trkseg>
<trkseg>
<trkpt lat="45.679202" lon="13.388394"/>
<trkpt lat="45.679244" lon="13.388361"/>
<trkpt lat="45.679281" lon="13.388328"/>
</trkseg>
<trkseg>
<trkpt lat="45.679301" lon="13.388157"/>
<trkpt lat="45.679330" lon="13.388118"/>
<trkpt lat="45.679358" lon="13.388102"/>
</trkseg>
<trkseg>
<trkpt lat="45.768834" lon="13.372725"/>
<trkpt lat="45.768785" lon="13.372713"/>
<trkpt lat="45.768761" lon="13.372704"/>
<trkpt lat="45.768728" lon="13.372692"/>
<trkpt lat="45.768643" lon="13.372660"/>
<trkpt lat="45.768560" lon="13.372621"/>
<trkpt lat="45.768470" lon="13.372579"/>
<trkpt lat="45.768337" lon="13.372510"/>
<trkpt lat="45.768238" lon="13.372429"/>
<trkpt lat="45.768044" lon="13.372234"/>
<trkpt lat="45.767641" lon="13.371813"/>
<trkpt lat="45.767351" lon="13.371470"/>
<trkpt lat="45.767310" lon="13.371421"/>
<trkpt lat="45.767041" lon="13.371180"/>
<trkpt lat="45.766966" lon="13.371126"/>
<trkpt lat="45.766888" lon="13.371082"/>
<trkpt lat="45.766735" lon="13.370999"/>
<trkpt lat="45.766636" lon="13.370960"/>
<trkpt lat="45.766494" lon="13.370923"/>
<trkpt lat="45.766347" lon="13.370900"/>
<trkpt lat="45.766074" lon="13.370901"/>
<trkpt lat="45.765947" lon="13.370918"/>
<trkpt lat="45.765817" lon="13.370961"/>
<trkpt lat="45.765649" lon="13.371035"/>
<trkpt lat="45.764838" lon="13.371423"/>
<trkpt lat="45.764666" lon="13.371508"/>
</trkseg>
<trkseg>
<trkpt lat="45.764666" lon="13.371508"/>
<trkpt lat="45.764423" lon="13.371619"/>
<trkpt lat="45.764116" lon="13.371765"/>
<trkpt lat="45.763448" lon="13.372105"/>
<trkpt lat="45.763356" lon="13.372153"/>
<trkpt lat="45.763328" lon="13.372170"/>
<trkpt lat="45.763298" lon="13.372184"/>
<trkpt lat="45.763238" lon="13.372210"/>
</trkseg>
<trkseg>
<trkpt lat="45.829766" lon="13.332764"/>
<trkpt lat="45.829732" lon="13.332790"/>
</trkseg>
<trkseg>
<trkpt lat="45.829707" lon="13.332811"/>
<trkpt lat="45.829674" lon="13.332828"/>
</trkseg>
<trkseg>
<trkpt lat="45.728651" lon="13.388119"/>
<trkpt lat="45.728545" lon="13.388089"/>
<trkpt lat="45.728492" lon="13.388067"/>
<trkpt lat="45.728440" lon="13.388044"/>
<trkpt lat="45.728346" lon="13.387990"/>
<trkpt lat="45.728223" lon="13.387915"/>
<trkpt lat="45.728163" lon="13.387879"/>
<trkpt lat="45.727887" lon="13.387715"/>
<trkpt lat="45.727613" lon="13.387551"/>
<trkpt lat="45.727322" lon="13.387374"/>
<trkpt lat="45.727033" lon="13.387199"/>
<trkpt lat="45.726206" lon="13.386696"/>
<trkpt lat="45.725986" lon="13.386560"/>
<trkpt lat="45.725769" lon="13.386426"/>
<trkpt lat="45.725706" lon="13.386387"/>
<trkpt lat="45.725656" lon="13.386359"/>
<trkpt lat="45.725614" lon="13.386342"/>
<trkpt lat="45.725568" lon="13.386335"/>
<trkpt lat="45.725525" lon="13.386342"/>
<trkpt lat="45.725487" lon="13.386348"/>
<trkpt lat="45.725351" lon="13.386347"/>
<trkpt lat="45.725219" lon="13.386342"/>
<trkpt lat="45.725084" lon="13.386338"/>
<trkpt lat="45.725039" lon="13.386336"/>
<trkpt lat="45.724956" lon="13.386315"/>
<trkpt lat="45.724860" lon="13.386300"/>
</trkseg>
<trkseg>
<trkpt lat="45.797255" lon="13.352460"/>
<trkpt lat="45.797210" lon="13.352324"/>
</trkseg>
<trkseg>
<trkpt lat="45.823943" lon="13.333854"/>
<trkpt lat="45.823958" lon="13.333796"/>
</trkseg>
<trkseg>
<trkpt lat="45.823943" lon="13.333854"/>
<trkpt lat="45.823996" lon="13.333887"/>
</trkseg>
<trkseg>
<trkpt lat="45.679358" lon="13.388102"/>
<trkpt lat="45.679354" lon="13.388052"/>
</trkseg>
<trkseg>
<trkpt lat="45.822735" lon="13.333353"/>
<trkpt lat="45.822856" lon="13.333375"/>
<trkpt lat="45.823066" lon="13.333430"/>
<trkpt lat="45.823239" lon="13.333493"/>
<trkpt lat="45.823367" lon="13.333543"/>
<trkpt lat="45.823452" lon="13.333586"/>
<trkpt lat="45.823703" lon="13.333708"/>
<trkpt lat="45.823943" lon="13.333854"/>
</trkseg>
<trkseg>
<trkpt lat="45.821680" lon="13.333744"/>
<trkpt lat="45.821729" lon="13.333715"/>
<trkpt lat="45.821925" lon="13.333562"/>
<trkpt lat="45.821964" lon="13.333536"/>
<trkpt lat="45.822083" lon="13.333459"/>
</trkseg>
<trkseg>
<trkpt lat="45.821416" lon="13.332974"/>
<trkpt lat="45.821345" lon="13.333098"/>
<trkpt lat="45.821340" lon="13.333109"/>
</trkseg>
<trkseg>
<trkpt lat="45.821285" lon="13.333213"/>
<trkpt lat="45.821318" lon="13.333202"/>
<trkpt lat="45.821338" lon="13.333200"/>
<trkpt lat="45.821357" lon="13.333202"/>
<trkpt lat="45.821402" lon="13.333207"/>
</trkseg>
<trkseg>
<trkpt lat="45.821340" lon="13.333109"/>
<trkpt lat="45.821285" lon="13.333213"/>
</trkseg>
<trkseg>
<trkpt lat="45.821487" lon="13.332867"/>
<trkpt lat="45.821459" lon="13.332908"/>
<trkpt lat="45.821416" lon="13.332974"/>
</trkseg>
<trkseg>
<trkpt lat="45.821528" lon="13.333652"/>
<trkpt lat="45.821583" lon="13.333709"/>
<trkpt lat="45.821637" lon="13.333749"/>
</trkseg>
<trkseg>
<trkpt lat="45.955056" lon="13.267522"/>
<trkpt lat="45.955023" lon="13.267588"/>
<trkpt lat="45.954945" lon="13.267706"/>
<trkpt lat="45.954891" lon="13.267770"/>
<trkpt lat="45.954765" lon="13.267869"/>
<trkpt lat="45.954696" lon="13.267939"/>
</trkseg>
<trkseg>
<trkpt lat="45.824068" lon="13.333922"/>
<trkpt lat="45.824124" lon="13.333949"/>
</trkseg>
<trkseg>
<trkpt lat="45.823996" lon="13.333887"/>
<trkpt lat="45.824068" lon="13.333922"/>
</trkseg>
<trkseg>
<trkpt lat="45.831402" lon="13.333017"/>
<trkpt lat="45.831370" lon="13.332969"/>
<trkpt lat="45.831348" lon="13.332928"/>
</trkseg>
<trkseg>
<trkpt lat="45.829674" lon="13.332828"/>
<trkpt lat="45.829650" lon="13.332838"/>
</trkseg>
<trkseg>
<trkpt lat="45.829074" lon="13.333285"/>
<trkpt lat="45.829083" lon="13.333355"/>
</trkseg>
<trkseg>
<trkpt lat="45.907924" lon="13.304161"/>
<trkpt lat="45.907742" lon="13.304571"/>
<trkpt lat="45.907680" lon="13.304710"/>
<trkpt lat="45.907682" lon="13.304728"/>
<trkpt lat="45.907685" lon="13.304747"/>
</trkseg>
<trkseg>
<trkpt lat="45.907970" lon="13.303971"/>
<trkpt lat="45.907969" lon="13.304004"/>
<trkpt lat="45.907967" lon="13.304030"/>
<trkpt lat="45.907961" lon="13.304054"/>
<trkpt lat="45.907955" lon="13.304078"/>
<trkpt lat="45.907949" lon="13.304096"/>
<trkpt lat="45.907940" lon="13.304120"/>
<trkpt lat="45.907924" lon="13.304161"/>
</trkseg>
<trkseg>
<trkpt lat="45.806455" lon="13.343703"/>
<trkpt lat="45.806464" lon="13.343761"/>
</trkseg>
<trkseg>
<trkpt lat="45.682474" lon="13.386493"/>
<trkpt lat="45.682645" lon="13.386467"/>
</trkseg>
<trkseg>
<trkpt lat="45.684560" lon="13.386212"/>
<trkpt lat="45.684678" lon="13.386196"/>
<trkpt lat="45.684795" lon="13.386183"/>
</trkseg>
<trkseg>
<trkpt lat="45.822065" lon="13.332271"/>
<trkpt lat="45.821999" lon="13.332264"/>
<trkpt lat="45.821939" lon="13.332267"/>
</trkseg>
<trkseg>
<trkpt lat="45.963470" lon="13.300505"/>
<trkpt lat="45.963687" lon="13.300217"/>
<trkpt lat="45.963824" lon="13.300066"/>
</trkseg>
<trkseg>
<trkpt lat="45.965562" lon="13.296454"/>
<trkpt lat="45.965689" lon="13.296419"/>
</trkseg>
<trkseg>
<trkpt lat="45.965689" lon="13.296419"/>
<trkpt lat="45.966083" lon="13.296358"/>
<trkpt lat="45.966314" lon="13.296228"/>
</trkseg>
<trkseg>
<trkpt lat="45.965757" lon="13.299240"/>
<trkpt lat="45.965799" lon="13.299147"/>
<trkpt lat="45.965817" lon="13.299038"/>
<trkpt lat="45.965838" lon="13.298884"/>
<trkpt lat="45.965841" lon="13.298755"/>
<trkpt lat="45.965815" lon="13.298647"/>
</trkseg>
<trkseg>
<trkpt lat="45.965815" lon="13.298647"/>
<trkpt lat="45.965711" lon="13.298351"/>
<trkpt lat="45.965588" lon="13.298064"/>
<trkpt lat="45.965512" lon="13.297888"/>
<trkpt lat="45.965404" lon="13.297673"/>
<trkpt lat="45.965370" lon="13.297204"/>
<trkpt lat="45.965330" lon="13.296661"/>
<trkpt lat="45.965328" lon="13.296620"/>
<trkpt lat="45.965309" lon="13.296296"/>
<trkpt lat="45.965266" lon="13.296027"/>
</trkseg>
<trkseg>
<trkpt lat="45.930017" lon="13.292238"/>
<trkpt lat="45.930029" lon="13.292388"/>
</trkseg>
<trkseg>
<trkpt lat="45.929841" lon="13.289763"/>
<trkpt lat="45.929789" lon="13.290029"/>
<trkpt lat="45.929775" lon="13.290161"/>
<trkpt lat="45.929787" lon="13.290379"/>
<trkpt lat="45.929825" lon="13.290755"/>
<trkpt lat="45.930017" lon="13.292238"/>
</trkseg>
<trkseg>
<trkpt lat="45.911911" lon="13.298804"/>
<trkpt lat="45.911811" lon="13.298160"/>
</trkseg>
<trkseg>
<trkpt lat="46.037416" lon="13.292633"/>
<trkpt lat="46.037355" lon="13.292701"/>
<trkpt lat="46.037264" lon="13.292734"/>
<trkpt lat="46.037182" lon="13.292719"/>
<trkpt lat="46.037044" lon="13.292658"/>
<trkpt lat="46.036941" lon="13.292656"/>
<trkpt lat="46.036832" lon="13.292707"/>
<trkpt lat="46.036744" lon="13.292708"/>
<trkpt lat="46.036661" lon="13.292665"/>
<trkpt lat="46.036571" lon="13.292555"/>
<trkpt lat="46.036554" lon="13.292547"/>
</trkseg>
<trkseg>
<trkpt lat="45.954434" lon="13.268431"/>
<trkpt lat="45.954363" lon="13.268531"/>
</trkseg>
<trkseg>
<trkpt lat="45.929359" lon="13.292701"/>
<trkpt lat="45.929653" lon="13.292665"/>
<trkpt lat="45.929789" lon="13.292644"/>
<trkpt lat="45.929917" lon="13.292613"/>
<trkpt lat="45.929966" lon="13.292569"/>
<trkpt lat="45.929981" lon="13.292501"/>
<trkpt lat="45.930029" lon="13.292388"/>
</trkseg>
<trkseg>
<trkpt lat="46.057264" lon="13.245324"/>
<trkpt lat="46.057108" lon="13.245257"/>
</trkseg>
<trkseg>
<trkpt lat="46.057108" lon="13.245257"/>
<trkpt lat="46.057081" lon="13.245269"/>
<trkpt lat="46.057035" lon="13.245290"/>
</trkseg>
<trkseg>
<trkpt lat="46.057333" lon="13.245354"/>
<trkpt lat="46.057335" lon="13.245351"/>
<trkpt lat="46.057365" lon="13.245273"/>
<trkpt lat="46.057390" lon="13.245207"/>
<trkpt lat="46.057444" lon="13.245064"/>
<trkpt lat="46.057469" lon="13.245022"/>
<trkpt lat="46.057497" lon="13.245005"/>
<trkpt lat="46.057512" lon="13.245001"/>
<trkpt lat="46.057533" lon="13.245001"/>
<trkpt lat="46.057552" lon="13.245011"/>
<trkpt lat="46.057569" lon="13.245025"/>
<trkpt lat="46.057589" lon="13.245056"/>
<trkpt lat="46.057603" lon="13.245117"/>
<trkpt lat="46.057613" lon="13.245192"/>
<trkpt lat="46.057615" lon="13.245285"/>
</trkseg>
<trkseg>
<trkpt lat="46.057615" lon="13.245285"/>
<trkpt lat="46.057656" lon="13.245254"/>
<trkpt lat="46.057693" lon="13.245226"/>
</trkseg>
<trkseg>
<trkpt lat="46.057693" lon="13.245226"/>
<trkpt lat="46.057736" lon="13.245189"/>
</trkseg>
<trkseg>
<trkpt lat="46.057736" lon="13.245189"/>
<trkpt lat="46.057760" lon="13.245168"/>
<trkpt lat="46.057780" lon="13.245151"/>
</trkseg>
<trkseg>
<trkpt lat="46.057780" lon="13.245151"/>
<trkpt lat="46.057821" lon="13.245118"/>
</trkseg>
<trkseg>
<trkpt lat="46.057821" lon="13.245118"/>
<trkpt lat="46.057848" lon="13.245088"/>
<trkpt lat="46.057881" lon="13.245051"/>
</trkseg>
<trkseg>
<trkpt lat="45.922541" lon="13.295132"/>
<trkpt lat="45.922549" lon="13.295099"/>
<trkpt lat="45.922560" lon="13.295058"/>
<trkpt lat="45.922565" lon="13.294971"/>
</trkseg>
<trkseg>
<trkpt lat="45.912236" lon="13.299123"/>
<trkpt lat="45.912175" lon="13.299053"/>
<trkpt lat="45.912114" lon="13.298983"/>
</trkseg>
<trkseg>
<trkpt lat="45.919196" lon="13.297458"/>
<trkpt lat="45.919434" lon="13.297297"/>
<trkpt lat="45.920266" lon="13.296791"/>
<trkpt lat="45.920764" lon="13.296547"/>
<trkpt lat="45.920821" lon="13.296516"/>
</trkseg>
<trkseg>
<trkpt lat="45.920821" lon="13.296516"/>
<trkpt lat="45.920953" lon="13.296437"/>
<trkpt lat="45.921230" lon="13.296250"/>
<trkpt lat="45.921404" lon="13.296131"/>
</trkseg>
<trkseg>
<trkpt lat="45.922005" lon="13.295677"/>
<trkpt lat="45.922263" lon="13.295609"/>
</trkseg>
<trkseg>
<trkpt lat="45.922263" lon="13.295609"/>
<trkpt lat="45.922388" lon="13.295587"/>
<trkpt lat="45.922421" lon="13.295581"/>
<trkpt lat="45.922499" lon="13.295552"/>
</trkseg>
<trkseg>
<trkpt lat="46.058222" lon="13.244414"/>
<trkpt lat="46.058260" lon="13.244239"/>
</trkseg>
<trkseg>
<trkpt lat="46.058067" lon="13.244674"/>
<trkpt lat="46.058105" lon="13.244595"/>
<trkpt lat="46.058115" lon="13.244574"/>
<trkpt lat="46.058138" lon="13.244536"/>
<trkpt lat="46.058150" lon="13.244516"/>
<trkpt lat="46.058212" lon="13.244424"/>
<trkpt lat="46.058222" lon="13.244414"/>
</trkseg>
<trkseg>
<trkpt lat="45.954547" lon="13.279992"/>
<trkpt lat="45.954659" lon="13.280189"/>
</trkseg>
<trkseg>
<trkpt lat="45.954577" lon="13.279328"/>
<trkpt lat="45.954538" lon="13.279507"/>
<trkpt lat="45.954497" lon="13.279698"/>
</trkseg>
<trkseg>
<trkpt lat="45.954659" lon="13.280189"/>
<trkpt lat="45.954620" lon="13.279908"/>
</trkseg>
<trkseg>
<trkpt lat="45.954603" lon="13.279743"/>
<trkpt lat="45.954577" lon="13.279328"/>
</trkseg>
<trkseg>
<trkpt lat="45.954542" lon="13.282351"/>
<trkpt lat="45.954635" lon="13.282028"/>
<trkpt lat="45.954677" lon="13.281696"/>
<trkpt lat="45.954712" lon="13.281176"/>
<trkpt lat="45.954713" lon="13.280781"/>
<trkpt lat="45.954668" lon="13.280293"/>
<trkpt lat="45.954659" lon="13.280189"/>
</trkseg>
<trkseg>
<trkpt lat="45.954497" lon="13.279698"/>
<trkpt lat="45.954470" lon="13.279714"/>
<trkpt lat="45.954448" lon="13.279740"/>
<trkpt lat="45.954431" lon="13.279774"/>
<trkpt lat="45.954421" lon="13.279814"/>
<trkpt lat="45.954419" lon="13.279855"/>
<trkpt lat="45.954425" lon="13.279896"/>
<trkpt lat="45.954439" lon="13.279933"/>
<trkpt lat="45.954459" lon="13.279963"/>
<trkpt lat="45.954484" lon="13.279984"/>
<trkpt lat="45.954515" lon="13.279995"/>
<trkpt lat="45.954547" lon="13.279992"/>
</trkseg>
<trkseg>
<trkpt lat="45.686719" lon="13.385122"/>
<trkpt lat="45.686658" lon="13.385078"/>
</trkseg>
<trkseg>
<trkpt lat="45.731740" lon="13.388897"/>
<trkpt lat="45.731707" lon="13.388908"/>
<trkpt lat="45.731671" lon="13.388915"/>
<trkpt lat="45.731644" lon="13.388917"/>
<trkpt lat="45.731610" lon="13.388917"/>
<trkpt lat="45.731537" lon="13.388915"/>
<trkpt lat="45.731517" lon="13.388915"/>
</trkseg>
<trkseg>
<trkpt lat="45.736439" lon="13.386470"/>
<trkpt lat="45.734886" lon="13.387271"/>
<trkpt lat="45.734313" lon="13.387570"/>
<trkpt lat="45.734004" lon="13.387730"/>
<trkpt lat="45.732799" lon="13.388355"/>
<trkpt lat="45.732541" lon="13.388488"/>
<trkpt lat="45.732428" lon="13.388550"/>
<trkpt lat="45.732372" lon="13.388584"/>
<trkpt lat="45.732329" lon="13.388607"/>
<trkpt lat="45.731910" lon="13.388810"/>
<trkpt lat="45.731828" lon="13.388853"/>
<trkpt lat="45.731781" lon="13.388879"/>
<trkpt lat="45.731754" lon="13.388890"/>
<trkpt lat="45.731740" lon="13.388897"/>
</trkseg>
<trkseg>
<trkpt lat="46.056239" lon="13.247128"/>
<trkpt lat="46.056267" lon="13.247113"/>
<trkpt lat="46.056305" lon="13.247092"/>
</trkseg>
<trkseg>
<trkpt lat="45.903964" lon="13.309817"/>
<trkpt lat="45.903850" lon="13.309808"/>
<trkpt lat="45.903319" lon="13.309763"/>
<trkpt lat="45.903208" lon="13.309754"/>
</trkseg>
<trkseg>
<trkpt lat="45.954620" lon="13.279908"/>
<trkpt lat="45.954629" lon="13.279863"/>
<trkpt lat="45.954628" lon="13.279817"/>
<trkpt lat="45.954619" lon="13.279778"/>
<trkpt lat="45.954603" lon="13.279743"/>
</trkseg>
<trkseg>
<trkpt lat="45.679684" lon="13.387927"/>
<trkpt lat="45.679536" lon="13.387940"/>
</trkseg>
<trkseg>
<trkpt lat="45.681082" lon="13.386689"/>
<trkpt lat="45.681082" lon="13.386748"/>
<trkpt lat="45.681088" lon="13.386807"/>
<trkpt lat="45.681102" lon="13.386862"/>
<trkpt lat="45.681122" lon="13.386914"/>
<trkpt lat="45.681148" lon="13.386960"/>
<trkpt lat="45.681179" lon="13.386998"/>
<trkpt lat="45.681215" lon="13.387029"/>
<trkpt lat="45.681264" lon="13.387054"/>
</trkseg>
<trkseg>
<trkpt lat="45.900006" lon="13.310626"/>
<trkpt lat="45.899947" lon="13.310709"/>
<trkpt lat="45.899906" lon="13.310781"/>
<trkpt lat="45.899868" lon="13.310863"/>
<trkpt lat="45.899830" lon="13.310967"/>
</trkseg>
<trkseg>
<trkpt lat="45.689596" lon="13.384681"/>
<trkpt lat="45.688891" lon="13.384772"/>
</trkseg>
<trkseg>
<trkpt lat="45.688891" lon="13.384772"/>
<trkpt lat="45.688470" lon="13.384830"/>
<trkpt lat="45.688401" lon="13.384847"/>
<trkpt lat="45.688332" lon="13.384867"/>
<trkpt lat="45.688273" lon="13.384878"/>
<trkpt lat="45.688197" lon="13.384887"/>
<trkpt lat="45.688134" lon="13.384893"/>
<trkpt lat="45.688052" lon="13.384899"/>
<trkpt lat="45.687963" lon="13.384899"/>
<trkpt lat="45.687020" lon="13.385028"/>
<trkpt lat="45.686906" lon="13.385051"/>
<trkpt lat="45.686837" lon="13.385071"/>
<trkpt lat="45.686781" lon="13.385094"/>
<trkpt lat="45.686719" lon="13.385122"/>
</trkseg>
<trkseg>
<trkpt lat="45.992391" lon="13.306706"/>
<trkpt lat="45.992415" lon="13.306680"/>
<trkpt lat="45.992556" lon="13.306880"/>
<trkpt lat="45.992699" lon="13.307053"/>
<trkpt lat="45.992776" lon="13.307098"/>
<trkpt lat="45.992863" lon="13.307177"/>
<trkpt lat="45.992905" lon="13.307171"/>
<trkpt lat="45.992963" lon="13.307134"/>
<trkpt lat="45.992980" lon="13.307174"/>
<trkpt lat="45.993039" lon="13.307463"/>
<trkpt lat="45.993039" lon="13.307519"/>
</trkseg>
<trkseg>
<trkpt lat="46.056305" lon="13.247092"/>
<trkpt lat="46.056021" lon="13.245889"/>
<trkpt lat="46.055995" lon="13.245780"/>
<trkpt lat="46.055987" lon="13.245743"/>
</trkseg>
<trkseg>
<trkpt lat="45.954475" lon="13.282856"/>
<trkpt lat="45.954496" lon="13.282561"/>
<trkpt lat="45.954542" lon="13.282351"/>
</trkseg>
<trkseg>
<trkpt lat="45.797260" lon="13.352630"/>
<trkpt lat="45.797272" lon="13.352624"/>
<trkpt lat="45.797283" lon="13.352615"/>
<trkpt lat="45.797292" lon="13.352601"/>
<trkpt lat="45.797291" lon="13.352585"/>
</trkseg>
<trkseg>
<trkpt lat="45.829732" lon="13.332790"/>
<trkpt lat="45.829707" lon="13.332811"/>
</trkseg>
<trkseg>
<trkpt lat="45.822083" lon="13.333459"/>
<trkpt lat="45.822153" lon="13.333419"/>
<trkpt lat="45.822181" lon="13.333405"/>
<trkpt lat="45.822276" lon="13.333363"/>
</trkseg>
<trkseg>
<trkpt lat="45.821652" lon="13.332602"/>
<trkpt lat="45.821487" lon="13.332867"/>
</trkseg>
<trkseg>
<trkpt lat="45.679536" lon="13.387940"/>
<trkpt lat="45.679341" lon="13.387957"/>
</trkseg>
<trkseg>
<trkpt lat="45.679354" lon="13.388052"/>
<trkpt lat="45.679437" lon="13.388035"/>
<trkpt lat="45.679626" lon="13.388029"/>
</trkseg>
<trkseg>
<trkpt lat="45.822274" lon="13.332247"/>
<trkpt lat="45.822130" lon="13.332252"/>
<trkpt lat="45.822065" lon="13.332271"/>
</trkseg>
<trkseg>
<trkpt lat="46.054476" lon="13.249797"/>
<trkpt lat="46.054415" lon="13.249888"/>
<trkpt lat="46.054380" lon="13.249940"/>
</trkseg>
<trkseg>
<trkpt lat="46.055269" lon="13.248657"/>
<trkpt lat="46.055256" lon="13.248672"/>
</trkseg>
<trkseg>
<trkpt lat="46.055281" lon="13.248629"/>
<trkpt lat="46.055269" lon="13.248657"/>
</trkseg>
<trkseg>
<trkpt lat="46.055174" lon="13.248770"/>
<trkpt lat="46.055127" lon="13.248840"/>
</trkseg>
<trkseg>
<trkpt lat="46.020469" lon="13.306661"/>
<trkpt lat="46.020459" lon="13.306689"/>
<trkpt lat="46.020429" lon="13.306719"/>
</trkseg>
<trkseg>
<trkpt lat="46.057881" lon="13.245051"/>
<trkpt lat="46.057841" lon="13.244953"/>
<trkpt lat="46.057854" lon="13.244943"/>
</trkseg>
<trkseg>
<trkpt lat="46.058027" lon="13.244766"/>
<trkpt lat="46.058067" lon="13.244674"/>
</trkseg>
<trkseg>
<trkpt lat="46.045836" lon="13.277413"/>
<trkpt lat="46.045824" lon="13.277459"/>
</trkseg>
<trkseg>
<trkpt lat="46.041810" lon="13.287109"/>
<trkpt lat="46.041528" lon="13.287589"/>
<trkpt lat="46.041204" lon="13.288039"/>
<trkpt lat="46.040728" lon="13.288631"/>
<trkpt lat="46.039726" lon="13.289825"/>
<trkpt lat="46.039252" lon="13.290389"/>
<trkpt lat="46.038707" lon="13.291013"/>
</trkseg>
<trkseg>
<trkpt lat="46.041856" lon="13.287019"/>
<trkpt lat="46.041830" lon="13.287069"/>
<trkpt lat="46.041810" lon="13.287109"/>
</trkseg>
<trkseg>
<trkpt lat="46.038640" lon="13.291083"/>
<trkpt lat="46.038311" lon="13.291452"/>
<trkpt lat="46.037836" lon="13.292102"/>
<trkpt lat="46.037646" lon="13.292348"/>
<trkpt lat="46.037465" lon="13.292546"/>
<trkpt lat="46.037416" lon="13.292633"/>
</trkseg>
<trkseg>
<trkpt lat="46.038707" lon="13.291013"/>
<trkpt lat="46.038675" lon="13.291045"/>
<trkpt lat="46.038640" lon="13.291083"/>
</trkseg>
<trkseg>
<trkpt lat="46.035424" lon="13.295224"/>
<trkpt lat="46.035397" lon="13.295246"/>
</trkseg>
<trkseg>
<trkpt lat="46.048811" lon="13.255262"/>
<trkpt lat="46.048691" lon="13.255341"/>
<trkpt lat="46.047340" lon="13.256184"/>
<trkpt lat="46.047085" lon="13.256342"/>
</trkseg>
<trkseg>
<trkpt lat="46.047085" lon="13.256342"/>
<trkpt lat="46.046664" lon="13.256539"/>
<trkpt lat="46.046520" lon="13.256614"/>
<trkpt lat="46.046395" lon="13.256694"/>
</trkseg>
<trkseg>
<trkpt lat="46.043716" lon="13.272490"/>
<trkpt lat="46.043747" lon="13.272550"/>
<trkpt lat="46.043815" lon="13.272697"/>
<trkpt lat="46.043900" lon="13.272882"/>
<trkpt lat="46.044011" lon="13.273146"/>
<trkpt lat="46.044077" lon="13.273303"/>
<trkpt lat="46.044142" lon="13.273473"/>
<trkpt lat="46.044216" lon="13.273777"/>
<trkpt lat="46.044225" lon="13.273805"/>
<trkpt lat="46.044237" lon="13.273839"/>
<trkpt lat="46.044392" lon="13.274237"/>
<trkpt lat="46.044600" lon="13.274774"/>
</trkseg>
<trkseg>
<trkpt lat="46.043576" lon="13.272293"/>
<trkpt lat="46.043610" lon="13.272329"/>
<trkpt lat="46.043650" lon="13.272377"/>
<trkpt lat="46.043672" lon="13.272411"/>
<trkpt lat="46.043716" lon="13.272490"/>
</trkseg>
<trkseg>
<trkpt lat="46.062671" lon="13.237776"/>
<trkpt lat="46.062599" lon="13.237921"/>
</trkseg>
<trkseg>
<trkpt lat="46.061572" lon="13.239691"/>
<trkpt lat="46.061516" lon="13.239786"/>
<trkpt lat="46.061428" lon="13.239921"/>
</trkseg>
<trkseg>
<trkpt lat="45.787690" lon="13.358145"/>
<trkpt lat="45.787577" lon="13.358201"/>
</trkseg>
<trkseg>
<trkpt lat="45.774515" lon="13.366257"/>
<trkpt lat="45.774482" lon="13.366278"/>
<trkpt lat="45.774468" lon="13.366286"/>
<trkpt lat="45.774273" lon="13.366381"/>
<trkpt lat="45.774143" lon="13.366443"/>
<trkpt lat="45.774004" lon="13.366513"/>
<trkpt lat="45.773806" lon="13.366609"/>
<trkpt lat="45.773662" lon="13.366668"/>
<trkpt lat="45.773520" lon="13.366732"/>
<trkpt lat="45.773279" lon="13.366877"/>
<trkpt lat="45.773199" lon="13.366926"/>
<trkpt lat="45.773120" lon="13.366980"/>
<trkpt lat="45.773026" lon="13.367064"/>
<trkpt lat="45.772977" lon="13.367112"/>
<trkpt lat="45.772925" lon="13.367161"/>
<trkpt lat="45.772869" lon="13.367222"/>
</trkseg>
<trkseg>
<trkpt lat="45.770860" lon="13.371146"/>
<trkpt lat="45.770791" lon="13.371280"/>
</trkseg>
<trkseg>
<trkpt lat="45.770791" lon="13.371280"/>
<trkpt lat="45.770716" lon="13.371427"/>
</trkseg>
<trkseg>
<trkpt lat="45.742057" lon="13.383605"/>
<trkpt lat="45.742036" lon="13.383616"/>
<trkpt lat="45.741068" lon="13.384106"/>
<trkpt lat="45.740089" lon="13.384607"/>
<trkpt lat="45.739599" lon="13.384857"/>
<trkpt lat="45.739352" lon="13.384984"/>
<trkpt lat="45.739107" lon="13.385109"/>
<trkpt lat="45.737773" lon="13.385787"/>
<trkpt lat="45.736439" lon="13.386470"/>
</trkseg>
<trkseg>
<trkpt lat="45.742117" lon="13.383575"/>
<trkpt lat="45.742057" lon="13.383605"/>
</trkseg>
<trkseg>
<trkpt lat="45.922245" lon="13.294954"/>
<trkpt lat="45.922062" lon="13.294840"/>
</trkseg>
<trkseg>
<trkpt lat="45.922062" lon="13.294840"/>
<trkpt lat="45.922055" lon="13.295350"/>
</trkseg>
<trkseg>
<trkpt lat="45.922565" lon="13.294971"/>
<trkpt lat="45.922245" lon="13.294954"/>
</trkseg>
<trkseg>
<trkpt lat="46.020558" lon="13.306371"/>
<trkpt lat="46.020469" lon="13.306661"/>
</trkseg>
<trkseg>
<trkpt lat="45.908166" lon="13.302029"/>
<trkpt lat="45.908083" lon="13.302058"/>
</trkseg>
<trkseg>
<trkpt lat="45.898906" lon="13.309839"/>
<trkpt lat="45.898875" lon="13.309836"/>
<trkpt lat="45.898752" lon="13.309769"/>
<trkpt lat="45.898675" lon="13.309708"/>
<trkpt lat="45.898619" lon="13.309647"/>
</trkseg>
<trkseg>
<trkpt lat="45.899031" lon="13.309862"/>
<trkpt lat="45.899010" lon="13.309851"/>
<trkpt lat="45.898979" lon="13.309839"/>
<trkpt lat="45.898938" lon="13.309840"/>
<trkpt lat="45.898933" lon="13.309843"/>
<trkpt lat="45.898906" lon="13.309839"/>
</trkseg>
<trkseg>
<trkpt lat="45.885783" lon="13.318212"/>
<trkpt lat="45.885484" lon="13.318496"/>
<trkpt lat="45.885431" lon="13.318547"/>
</trkseg>
<trkseg>
<trkpt lat="45.953640" lon="13.270662"/>
<trkpt lat="45.953607" lon="13.270666"/>
<trkpt lat="45.953638" lon="13.271372"/>
<trkpt lat="45.953636" lon="13.271875"/>
<trkpt lat="45.953582" lon="13.272306"/>
<trkpt lat="45.953530" lon="13.272628"/>
<trkpt lat="45.953469" lon="13.272883"/>
<trkpt lat="45.953353" lon="13.273349"/>
<trkpt lat="45.953320" lon="13.273542"/>
<trkpt lat="45.953321" lon="13.273650"/>
<trkpt lat="45.953356" lon="13.273855"/>
<trkpt lat="45.953436" lon="13.274116"/>
<trkpt lat="45.953595" lon="13.274617"/>
<trkpt lat="45.953662" lon="13.274621"/>
</trkseg>
<trkseg>
<trkpt lat="45.954492" lon="13.278609"/>
<trkpt lat="45.954566" lon="13.278412"/>
<trkpt lat="45.954495" lon="13.277848"/>
<trkpt lat="45.954489" lon="13.277805"/>
<trkpt lat="45.954418" lon="13.277238"/>
<trkpt lat="45.954281" lon="13.276295"/>
<trkpt lat="45.954178" lon="13.275946"/>
</trkseg>
<trkseg>
<trkpt lat="45.953762" lon="13.274914"/>
<trkpt lat="45.953782" lon="13.274997"/>
<trkpt lat="45.953867" lon="13.275272"/>
<trkpt lat="45.954004" lon="13.275677"/>
<trkpt lat="45.954085" lon="13.275964"/>
<trkpt lat="45.954096" lon="13.276005"/>
</trkseg>
<trkseg>
<trkpt lat="45.954492" lon="13.278609"/>
<trkpt lat="45.954577" lon="13.279328"/>
</trkseg>
<trkseg>
<trkpt lat="45.953662" lon="13.274621"/>
<trkpt lat="45.953762" lon="13.274914"/>
</trkseg>
<trkseg>
<trkpt lat="45.954363" lon="13.268531"/>
<trkpt lat="45.954257" lon="13.268643"/>
<trkpt lat="45.954070" lon="13.268843"/>
<trkpt lat="45.953808" lon="13.269203"/>
<trkpt lat="45.953731" lon="13.269321"/>
<trkpt lat="45.953650" lon="13.269622"/>
<trkpt lat="45.953636" lon="13.269859"/>
<trkpt lat="45.953629" lon="13.270281"/>
<trkpt lat="45.953640" lon="13.270662"/>
</trkseg>
<trkseg>
<trkpt lat="45.829650" lon="13.332838"/>
<trkpt lat="45.829617" lon="13.332851"/>
</trkseg>
</trk>
</gpx>